binary_path,split,label,source_class,original_file,md5,width,height
data\binary\train\no_tumor\notumor_Tr-no_304.jpg,train,no_tumor,notumor,Training/notumor/Tr-no_304.jpg,8d5cb4ac464ba805ec639f4c38da6191,512,512
data\binary\train\tumor\meningioma_Tr-aug-me_98.jpg,train,tumor,meningioma,Training/meningioma/Tr-aug-me_98.jpg,9e7c7e8d5dc30162f8c4f0c6d68aa71f,512,512
data\binary\train\tumor\meningioma_Tr-me_461.jpg,train,tumor,meningioma,Training/meningioma/Tr-me_461.jpg,6a136375796fd81a4115bb1f4f49636c,512,512
data\binary\train\tumor\pituitary_Tr-pi_147.jpg,train,tumor,pituitary,Training/pituitary/Tr-pi_147.jpg,2b6426976119b8b65fb5c2e74341be3a,512,512
data\binary\train\tumor\meningioma_Tr-me_440.jpg,train,tumor,meningioma,Training/meningioma/Tr-me_440.jpg,43067dfa7a78de23e32328d900f0b200,512,512
data\binary\train\tumor\meningioma_Tr-me_189.jpg,train,tumor,meningioma,Training/meningioma/Tr-me_189.jpg,126e3579d5334c7e513bd5c3d49bdea9,512,512
data\binary\train\tumor\glioma_Tr-gl_647.jpg,train,tumor,glioma,Training/glioma/Tr-gl_647.jpg,03fc4997b56f4bcf104da56973d0aa66,512,512
data\binary\train\no_tumor\notumor_Tr-no_1276.jpg,train,no_tumor,notumor,Training/notumor/Tr-no_1276.jpg,ab6a31d4fd7b2dc2d4ebaed1e6cde01b,428,417
data\binary\train\tumor\meningioma_Tr-me_877.jpg,train,tumor,meningioma,Training/meningioma/Tr-me_877.jpg,ad837e2c7e23d168c1d8c4ff78daed0b,239,224
data\binary\train\tumor\glioma_Tr-gl_814.jpg,train,tumor,glioma,Training/glioma/Tr-gl_814.jpg,46fb07e328b2f851b5ff37470e456738,512,512
data\binary\train\no_tumor\notumor_Tr-no_337.jpg,train,no_tumor,notumor,Training/notumor/Tr-no_337.jpg,415d373d5e0852af267751a0c1983836,227,262
data\binary\train\no_tumor\notumor_Tr-no_1370.jpg,train,no_tumor,notumor,Training/notumor/Tr-no_1370.jpg,733af69247781f7ea5d09dcd53d3c3b3,173,201
data\binary\train\tumor\glioma_Tr-gl_354.jpg,train,tumor,glioma,Training/glioma/Tr-gl_354.jpg,b6c703bfa02205fcca776f2582ac61b0,512,512
data\binary\train\no_tumor\notumor_Tr-no_880.jpg,train,no_tumor,notumor,Training/notumor/Tr-no_880.jpg,7be661c7ec1d3c648894b51bb7ffdf3e,605,613
data\binary\train\tumor\glioma_Tr-gl_735.jpg,train,tumor,glioma,Training/glioma/Tr-gl_735.jpg,b7aec4ac0eafa67a488e04c257d09395,512,512
data\binary\train\tumor\glioma_Tr-gl_1314.jpg,train,tumor,glioma,Training/glioma/Tr-gl_1314.jpg,1ba7a2ca4051b379c50cc45d82deaa7f,512,512
data\binary\train\no_tumor\notumor_Tr-no_370.jpg,train,no_tumor,notumor,Training/notumor/Tr-no_370.jpg,e25f555e0aab054df7c21bdfab765bd1,400,442
data\binary\train\no_tumor\notumor_Tr-no_443.jpg,train,no_tumor,notumor,Training/notumor/Tr-no_443.jpg,67f4d05d1a851867f2e1b114b627ad7f,504,540
data\binary\train\tumor\meningioma_Tr-me_1142.jpg,train,tumor,meningioma,Training/meningioma/Tr-me_1142.jpg,e49c823ff778dedd7f84b75637731448,512,512
data\binary\train\tumor\meningioma_Tr-me_1197.jpg,train,tumor,meningioma,Training/meningioma/Tr-me_1197.jpg,0ade80ebae2ebf71edb4f59661690433,512,512
data\binary\train\tumor\pituitary_Tr-pi_814.jpg,train,tumor,pituitary,Training/pituitary/Tr-pi_814.jpg,871bfad33089f458e00134c6d8a54064,512,512
data\binary\train\tumor\meningioma_Tr-aug-me_36.jpg,train,tumor,meningioma,Training/meningioma/Tr-aug-me_36.jpg,59416601dd30531ccdcc917e76b2d15c,512,512
data\binary\train\no_tumor\notumor_Tr-no_1271.jpg,train,no_tumor,notumor,Training/notumor/Tr-no_1271.jpg,3d0675a2ed4b7ba4d68e0d73095fc740,236,216
data\binary\train\no_tumor\notumor_Tr-no_873.jpg,train,no_tumor,notumor,Training/notumor/Tr-no_873.jpg,e1cb133691282fea718a6233937cbccd,359,449
data\binary\train\no_tumor\notumor_Tr-no_83.jpg,train,no_tumor,notumor,Training/notumor/Tr-no_83.jpg,638b1882d110457448e482c8d3c036e6,400,442
data\binary\train\no_tumor\notumor_Tr-no_1292.jpg,train,no_tumor,notumor,Training/notumor/Tr-no_1292.jpg,3a6e7c851751062184252190f719b598,232,217
data\binary\train\tumor\glioma_Tr-gl_740.jpg,train,tumor,glioma,Training/glioma/Tr-gl_740.jpg,ad0dbfa4512e7e3c69975fc1b8540ba7,512,512
data\binary\train\tumor\pituitary_Tr-pi_858.jpg,train,tumor,pituitary,Training/pituitary/Tr-pi_858.jpg,5633c25f9f7ce50314424ab38dad11c1,512,512
data\binary\train\tumor\meningioma_Tr-me_1083.jpg,train,tumor,meningioma,Training/meningioma/Tr-me_1083.jpg,74aae49f79d7becec6a6461d068b978c,257,248
data\binary\train\no_tumor\notumor_Tr-no_1353.jpg,train,no_tumor,notumor,Training/notumor/Tr-no_1353.jpg,3537e01c0387d344dbd0bb6c1b48b613,442,442
data\binary\train\no_tumor\notumor_Tr-no_828.jpg,train,no_tumor,notumor,Training/notumor/Tr-no_828.jpg,4e147258864dec0242e85a0fb3b6af85,359,449
data\binary\train\tumor\meningioma_Tr-me_80.jpg,train,tumor,meningioma,Training/meningioma/Tr-me_80.jpg,853e40e4f6633f41482f53264744283d,512,512
data\binary\train\tumor\glioma_Tr-gl_977.jpg,train,tumor,glioma,Training/glioma/Tr-gl_977.jpg,2afbf65ce1502f2a67e58c298d30592a,512,512
data\binary\train\tumor\pituitary_Tr-pi_526.jpg,train,tumor,pituitary,Training/pituitary/Tr-pi_526.jpg,d18c085cf707ab560de3cdaba68b52f0,512,512
data\binary\train\tumor\meningioma_Tr-me_109.jpg,train,tumor,meningioma,Training/meningioma/Tr-me_109.jpg,5523b18a36e7a739bcf83d444c5d8216,369,395
data\binary\train\tumor\glioma_Tr-gl_384.jpg,train,tumor,glioma,Training/glioma/Tr-gl_384.jpg,a7b00541b31b4817dd44da65aaea7ea3,512,512
data\binary\train\tumor\pituitary_Tr-pi_458.jpg,train,tumor,pituitary,Training/pituitary/Tr-pi_458.jpg,6889d57b13686bd875c066c133d371df,512,512
data\binary\train\tumor\meningioma_Tr-me_976.jpg,train,tumor,meningioma,Training/meningioma/Tr-me_976.jpg,d1319f6e86eed5839d12ee3f085591df,512,512
data\binary\train\tumor\meningioma_Tr-me_490.jpg,train,tumor,meningioma,Training/meningioma/Tr-me_490.jpg,33839d5b168e45e09e9fc753bc8fcd07,512,512
data\binary\train\tumor\glioma_Tr-gl_56.jpg,train,tumor,glioma,Training/glioma/Tr-gl_56.jpg,81948b6dfb3fc04ad98959da42cb3162,512,512
data\binary\train\no_tumor\notumor_Tr-no_417.jpg,train,no_tumor,notumor,Training/notumor/Tr-no_417.jpg,c95dcd1657bfd03889dac44cb6038d79,550,664
data\binary\train\no_tumor\notumor_Tr-no_732.jpg,train,no_tumor,notumor,Training/notumor/Tr-no_732.jpg,d09e7eebb452d23192f2c7536ece4a9d,225,225
data\binary\train\tumor\meningioma_Tr-me_974.jpg,train,tumor,meningioma,Training/meningioma/Tr-me_974.jpg,271e716ab3c150587d430ac3d6bc7c8a,512,512
data\binary\train\no_tumor\notumor_Tr-no_306.jpg,train,no_tumor,notumor,Training/notumor/Tr-no_306.jpg,c9f1ee736629f22ebd8126aa1202bbb8,225,225
data\binary\train\tumor\meningioma_Tr-me_449.jpg,train,tumor,meningioma,Training/meningioma/Tr-me_449.jpg,80aa180fcca917df59bdafce2e182f04,512,512
data\binary\train\tumor\pituitary_Tr-pi_1001.jpg,train,tumor,pituitary,Training/pituitary/Tr-pi_1001.jpg,963c17b84217495d72c6b4655195fb82,512,512
data\binary\train\tumor\meningioma_Tr-me_964.jpg,train,tumor,meningioma,Training/meningioma/Tr-me_964.jpg,8dbd7e4296045d998f422fa3f1247c94,512,512
data\binary\train\no_tumor\notumor_Tr-no_1206.jpg,train,no_tumor,notumor,Training/notumor/Tr-no_1206.jpg,8b16b1ab41ae4a919a2ce7236617a8f3,201,250
data\binary\train\tumor\glioma_Tr-gl_70.jpg,train,tumor,glioma,Training/glioma/Tr-gl_70.jpg,fd3303aef1586194904306672bc42d95,512,512
data\binary\train\tumor\meningioma_Tr-me_809.jpg,train,tumor,meningioma,Training/meningioma/Tr-me_809.jpg,566dd1bd8bf772976bdf699bf31f6a52,512,512
data\binary\train\tumor\glioma_Tr-gl_168.jpg,train,tumor,glioma,Training/glioma/Tr-gl_168.jpg,3d74f885c4e90a9b3ebd3a11d84d2109,512,512
data\binary\train\tumor\meningioma_Tr-me_604.jpg,train,tumor,meningioma,Training/meningioma/Tr-me_604.jpg,05efa4e9844a6e5cba4b45cc9b076650,512,512
data\binary\train\no_tumor\notumor_Tr-no_136.jpg,train,no_tumor,notumor,Training/notumor/Tr-no_136.jpg,cccbf1072f1631b086637c8a304e1fdc,512,512
data\binary\train\tumor\pituitary_Tr-pi_467.jpg,train,tumor,pituitary,Training/pituitary/Tr-pi_467.jpg,8de96f9765d3cd8488b1a1f0d9ec45fa,512,512
data\binary\train\no_tumor\notumor_Tr-no_1099.jpg,train,no_tumor,notumor,Training/notumor/Tr-no_1099.jpg,6ab76d8ad19514fd83b206de33c6bc10,208,242
data\binary\train\tumor\meningioma_Tr-me_1047.jpg,train,tumor,meningioma,Training/meningioma/Tr-me_1047.jpg,b04cedb7e5ec9ef7749c0928ef92a93d,512,512
data\binary\train\tumor\pituitary_Tr-pi_661.jpg,train,tumor,pituitary,Training/pituitary/Tr-pi_661.jpg,496dc3568e3295d691242849367036be,512,512
data\binary\train\tumor\glioma_Tr-gl_959.jpg,train,tumor,glioma,Training/glioma/Tr-gl_959.jpg,f2a484503ea0d3189d1129ace68b87cf,512,512
data\binary\train\tumor\pituitary_Tr-pi_364.jpg,train,tumor,pituitary,Training/pituitary/Tr-pi_364.jpg,f4203b464671311c06c8a20af4803136,512,512
data\binary\train\no_tumor\notumor_Tr-no_1279.jpg,train,no_tumor,notumor,Training/notumor/Tr-no_1279.jpg,fdb5cd431059ccc4df1c08edbb8ac43b,300,168
data\binary\train\tumor\glioma_Tr-gl_792.jpg,train,tumor,glioma,Training/glioma/Tr-gl_792.jpg,8e031b000cd14ea84b1daee88c91c4d7,512,512
data\binary\train\no_tumor\notumor_Tr-no_1101.jpg,train,no_tumor,notumor,Training/notumor/Tr-no_1101.jpg,14ca8ed36809cf3145a16c5e984b5d25,236,226
data\binary\train\tumor\pituitary_Tr-pi_122.jpg,train,tumor,pituitary,Training/pituitary/Tr-pi_122.jpg,c5228c92e5989497eb9623eec6c40da4,512,512
data\binary\train\no_tumor\notumor_Tr-no_532.jpg,train,no_tumor,notumor,Training/notumor/Tr-no_532.jpg,2c00d2ea08a848e65bfc36f78c2f3f94,228,221
data\binary\train\tumor\pituitary_Tr-pi_118.jpg,train,tumor,pituitary,Training/pituitary/Tr-pi_118.jpg,945f2bc04f0fee91a1072debb3ba2430,512,512
data\binary\train\tumor\pituitary_Tr-pi_133.jpg,train,tumor,pituitary,Training/pituitary/Tr-pi_133.jpg,c236b21447d8f7de6f2062ba7f114eeb,512,512
data\binary\train\tumor\glioma_Tr-gl_1152.jpg,train,tumor,glioma,Training/glioma/Tr-gl_1152.jpg,c58bc6923702736d0bc353d2d1f09e08,512,512
data\binary\train\tumor\pituitary_Tr-pi_893.jpg,train,tumor,pituitary,Training/pituitary/Tr-pi_893.jpg,b6d2fbff3bcc063ab33e3761c74b974b,512,512
data\binary\train\tumor\glioma_Tr-gl_106.jpg,train,tumor,glioma,Training/glioma/Tr-gl_106.jpg,4b088c3ba03e9a9a3e38381fcc83c2d3,512,512
data\binary\train\tumor\pituitary_Tr-pi_743.jpg,train,tumor,pituitary,Training/pituitary/Tr-pi_743.jpg,3d86ddf09ce390af3511bef74f692042,512,512
data\binary\train\tumor\pituitary_Tr-pi_794.jpg,train,tumor,pituitary,Training/pituitary/Tr-pi_794.jpg,3f3f4b6497251e7c75f201bba751383f,512,512
data\binary\train\tumor\meningioma_Tr-me_1226.jpg,train,tumor,meningioma,Training/meningioma/Tr-me_1226.jpg,dc88a9d00d61660ec51eabc5db2b8f5a,512,512
data\binary\train\tumor\glioma_Tr-gl_547.jpg,train,tumor,glioma,Training/glioma/Tr-gl_547.jpg,4b739acce930eaaf5cea64d72bae6c2b,512,512
data\binary\train\tumor\pituitary_Tr-pi_1226.jpg,train,tumor,pituitary,Training/pituitary/Tr-pi_1226.jpg,9bb26c8ed72bef9e70d2bf2152278870,512,512
data\binary\train\tumor\pituitary_Tr-pi_131.jpg,train,tumor,pituitary,Training/pituitary/Tr-pi_131.jpg,ba9c0fe1cd8afe414b9ebdbc8630f571,512,512
data\binary\train\no_tumor\notumor_Tr-no_514.jpg,train,no_tumor,notumor,Training/notumor/Tr-no_514.jpg,65e6232a1a02072aca28874460d9437c,201,251
data\binary\train\no_tumor\notumor_Tr-no_900.jpg,train,no_tumor,notumor,Training/notumor/Tr-no_900.jpg,8280a26ded8958ad876c053fca1a0101,235,277
data\binary\train\no_tumor\notumor_Tr-no_1391.jpg,train,no_tumor,notumor,Training/notumor/Tr-no_1391.jpg,f45f7246353c745257d86170dc3e0de2,276,326
data\binary\train\tumor\meningioma_Tr-me_395.jpg,train,tumor,meningioma,Training/meningioma/Tr-me_395.jpg,2dd631a56798abca5afde0d7c4ace2c5,512,512
data\binary\train\tumor\pituitary_Tr-pi_617.jpg,train,tumor,pituitary,Training/pituitary/Tr-pi_617.jpg,af0c38d4c6553cb81905488cd95db4ad,512,512
data\binary\train\no_tumor\notumor_Tr-no_539.jpg,train,no_tumor,notumor,Training/notumor/Tr-no_539.jpg,87e3305713604aecf1a86891fc8929cd,212,236
data\binary\train\no_tumor\notumor_Tr-no_605.jpg,train,no_tumor,notumor,Training/notumor/Tr-no_605.jpg,eb986db6e54da65b18a05cc4a9fe019c,214,236
data\binary\train\tumor\glioma_Tr-gl_1250.jpg,train,tumor,glioma,Training/glioma/Tr-gl_1250.jpg,bfd2ea2c91425392a09030f25f8f3d8d,512,512
data\binary\train\tumor\meningioma_Tr-me_1143.jpg,train,tumor,meningioma,Training/meningioma/Tr-me_1143.jpg,5e497d5ba3645389c849b3b20b273839,512,512
data\binary\train\no_tumor\notumor_Tr-no_711.jpg,train,no_tumor,notumor,Training/notumor/Tr-no_711.jpg,bc18bd861ff5a6aad5105f5b16349453,150,198
data\binary\train\tumor\meningioma_Tr-me_7.jpg,train,tumor,meningioma,Training/meningioma/Tr-me_7.jpg,84219cfc206308360aac015674da6f33,512,512
data\binary\train\tumor\meningioma_Tr-me_235.jpg,train,tumor,meningioma,Training/meningioma/Tr-me_235.jpg,a2f15527732e0e89784123d078cec241,512,512
data\binary\train\tumor\meningioma_Tr-me_21.jpg,train,tumor,meningioma,Training/meningioma/Tr-me_21.jpg,af8a8655060574e9b9369a7f477aaa1b,512,512
data\binary\train\no_tumor\notumor_Tr-no_877.jpg,train,no_tumor,notumor,Training/notumor/Tr-no_877.jpg,259dd682b30ed56d4eaacb41831b41a3,441,442
data\binary\train\tumor\glioma_Tr-gl_1291.jpg,train,tumor,glioma,Training/glioma/Tr-gl_1291.jpg,a5e37bea38038a0b0d52619d049a9379,512,512
data\binary\train\no_tumor\notumor_Tr-no_827.jpg,train,no_tumor,notumor,Training/notumor/Tr-no_827.jpg,aead5a250295abad3594f474bf6aec9e,150,198
data\binary\train\tumor\meningioma_Tr-me_1273.jpg,train,tumor,meningioma,Training/meningioma/Tr-me_1273.jpg,a11f04668019eee5486236a99b82c0c5,512,512
data\binary\train\tumor\glioma_Tr-gl_1002.jpg,train,tumor,glioma,Training/glioma/Tr-gl_1002.jpg,694b3b871069bfa8ca361482aeb16c93,512,512
data\binary\train\tumor\meningioma_Tr-me_994.jpg,train,tumor,meningioma,Training/meningioma/Tr-me_994.jpg,40f266b177b75cad650cb55b3ac2c521,512,512
data\binary\train\tumor\pituitary_Tr-pi_409.jpg,train,tumor,pituitary,Training/pituitary/Tr-pi_409.jpg,7c0b024c044a3b75b5970c98f3826dcf,512,512
data\binary\train\tumor\meningioma_Tr-me_307.jpg,train,tumor,meningioma,Training/meningioma/Tr-me_307.jpg,8a16bae576ed52ba92ccff374b733248,512,512
data\binary\train\tumor\meningioma_Tr-me_1297.jpg,train,tumor,meningioma,Training/meningioma/Tr-me_1297.jpg,c25e029926ce4eb78fe4ab16482c7323,512,512
data\binary\train\tumor\pituitary_Tr-pi_4.jpg,train,tumor,pituitary,Training/pituitary/Tr-pi_4.jpg,7ed152d70cf179644235385e9466073a,512,512
data\binary\train\tumor\meningioma_Tr-me_203.jpg,train,tumor,meningioma,Training/meningioma/Tr-me_203.jpg,ec3f8b1d790529f208b411fdf16ed0d2,512,512
data\binary\train\tumor\pituitary_Tr-pi_38.jpg,train,tumor,pituitary,Training/pituitary/Tr-pi_38.jpg,0a1f08a2410cadf51da9b056e27c10c4,512,512
data\binary\train\no_tumor\notumor_Tr-no_1139.jpg,train,no_tumor,notumor,Training/notumor/Tr-no_1139.jpg,b3f76488f96669eb102600a9dd571bc6,192,192
data\binary\train\tumor\glioma_Tr-gl_162.jpg,train,tumor,glioma,Training/glioma/Tr-gl_162.jpg,ee9fc86baae4b272ef1b2bb4f4c739b3,512,512
data\binary\train\tumor\glioma_Tr-gl_393.jpg,train,tumor,glioma,Training/glioma/Tr-gl_393.jpg,2ce7c246614f43956020079e43f810ae,512,512
data\binary\train\no_tumor\notumor_Tr-no_265.jpg,train,no_tumor,notumor,Training/notumor/Tr-no_265.jpg,a0a44ba2bb1229028d5ff4ba017b7303,225,225
data\binary\train\tumor\pituitary_Tr-pi_363.jpg,train,tumor,pituitary,Training/pituitary/Tr-pi_363.jpg,fbec43531fd3f82e9570117cf7439383,512,512
data\binary\train\no_tumor\notumor_Tr-no_201.jpg,train,no_tumor,notumor,Training/notumor/Tr-no_201.jpg,526af808766e36d80999a964ef6e8b03,225,225
data\binary\train\no_tumor\notumor_Tr-no_702.jpg,train,no_tumor,notumor,Training/notumor/Tr-no_702.jpg,a9f96ef19692b1c78cfad347002fe5f3,200,248
data\binary\train\no_tumor\notumor_Tr-no_240.jpg,train,no_tumor,notumor,Training/notumor/Tr-no_240.jpg,13fd32f4b20c92e1f12c974210ec3248,222,252
data\binary\train\tumor\meningioma_Tr-me_794.jpg,train,tumor,meningioma,Training/meningioma/Tr-me_794.jpg,6f9e817508a9bfdcd795bf93934c451c,512,512
data\binary\train\tumor\glioma_Tr-gl_489.jpg,train,tumor,glioma,Training/glioma/Tr-gl_489.jpg,6f71a0a2b29327ea28a0a73c9aaecbf7,512,512
data\binary\train\tumor\glioma_Tr-gl_1341.jpg,train,tumor,glioma,Training/glioma/Tr-gl_1341.jpg,74c58acd1903c6104b267ae56e15cbfc,512,512
data\binary\train\tumor\meningioma_Tr-me_365.jpg,train,tumor,meningioma,Training/meningioma/Tr-me_365.jpg,7a185347446f9b4da264a698c83097f2,512,512
data\binary\train\tumor\meningioma_Tr-me_638.jpg,train,tumor,meningioma,Training/meningioma/Tr-me_638.jpg,2603a4f8653725a0797f5914002cd925,512,512
data\binary\train\tumor\pituitary_Tr-pi_215.jpg,train,tumor,pituitary,Training/pituitary/Tr-pi_215.jpg,1847638914edfd3380a9230c0e55d884,512,512
data\binary\train\tumor\meningioma_Tr-me_1129.jpg,train,tumor,meningioma,Training/meningioma/Tr-me_1129.jpg,7cfa690c120818242e316917db3aec53,512,512
data\binary\train\no_tumor\notumor_Tr-no_327.jpg,train,no_tumor,notumor,Training/notumor/Tr-no_327.jpg,355871f816645a958563f873375486ff,236,236
data\binary\train\no_tumor\notumor_Tr-no_1369.jpg,train,no_tumor,notumor,Training/notumor/Tr-no_1369.jpg,1a1cb34373c18fa9c5f27f20be171bb7,225,225
data\binary\train\tumor\glioma_Tr-gl_95.jpg,train,tumor,glioma,Training/glioma/Tr-gl_95.jpg,d420d7b497de26d3616f21ce8bb3c9df,512,512
data\binary\train\tumor\glioma_Tr-gl_1118.jpg,train,tumor,glioma,Training/glioma/Tr-gl_1118.jpg,9103a8cbb9a009fa26758797e971a9c9,512,512
data\binary\train\tumor\meningioma_Tr-me_1260.jpg,train,tumor,meningioma,Training/meningioma/Tr-me_1260.jpg,c58458075c389b4d74dd4c948c76dbe2,512,512
data\binary\train\tumor\meningioma_Tr-me_609.jpg,train,tumor,meningioma,Training/meningioma/Tr-me_609.jpg,77661008380d1a990c3360a55260cbc9,512,512
data\binary\train\tumor\pituitary_Tr-pi_49.jpg,train,tumor,pituitary,Training/pituitary/Tr-pi_49.jpg,f6dc2ae8af4a8f61996d62b30bbbceca,512,512
data\binary\train\tumor\pituitary_Tr-pi_1003.jpg,train,tumor,pituitary,Training/pituitary/Tr-pi_1003.jpg,09cbe152b82c4bd9e73ab3a50c91e876,512,512
data\binary\train\tumor\glioma_Tr-gl_382.jpg,train,tumor,glioma,Training/glioma/Tr-gl_382.jpg,8e337ab28d3569b9738db0cfd741ec56,512,512
data\binary\train\tumor\glioma_Tr-gl_94.jpg,train,tumor,glioma,Training/glioma/Tr-gl_94.jpg,15f6518d8526393665c027cc66e31e94,512,512
data\binary\train\no_tumor\notumor_Tr-no_1282.jpg,train,no_tumor,notumor,Training/notumor/Tr-no_1282.jpg,b62f35eb6d7157ee89335243367761f1,428,417
data\binary\train\tumor\pituitary_Tr-pi_1094.jpg,train,tumor,pituitary,Training/pituitary/Tr-pi_1094.jpg,09d3bf6a56017530eb3a85182b39ff28,512,512
data\binary\train\no_tumor\notumor_Tr-no_991.jpg,train,no_tumor,notumor,Training/notumor/Tr-no_991.jpg,8325127b2ee53660c214f4b90bc62aa6,228,221
data\binary\train\tumor\meningioma_Tr-me_1159.jpg,train,tumor,meningioma,Training/meningioma/Tr-me_1159.jpg,017f984430664167e6a6067963c77364,512,512
data\binary\train\no_tumor\notumor_Tr-no_1085.jpg,train,no_tumor,notumor,Training/notumor/Tr-no_1085.jpg,7108f7b2a94c8401f13dae47f666b4e1,416,512
data\binary\train\tumor\pituitary_Tr-pi_206.jpg,train,tumor,pituitary,Training/pituitary/Tr-pi_206.jpg,de3d25edd8866f73c7b451601252319c,201,210
data\binary\train\no_tumor\notumor_Tr-no_14.jpg,train,no_tumor,notumor,Training/notumor/Tr-no_14.jpg,e5437347d710af8e850b85b3680e7f9b,442,442
data\binary\train\tumor\pituitary_Tr-pi_707.jpg,train,tumor,pituitary,Training/pituitary/Tr-pi_707.jpg,985a38ed0b16132425aff6bd67a25ac1,512,512
data\binary\train\no_tumor\notumor_Tr-no_20.jpg,train,no_tumor,notumor,Training/notumor/Tr-no_20.jpg,0cedcdc4ec53849c56db864d2f8209ef,225,225
data\binary\train\no_tumor\notumor_Tr-no_1122.jpg,train,no_tumor,notumor,Training/notumor/Tr-no_1122.jpg,c16b05fa2e328dbb4387b57d6b33c84a,201,250
data\binary\train\tumor\glioma_Tr-gl_1178.jpg,train,tumor,glioma,Training/glioma/Tr-gl_1178.jpg,190cc4b8e832f9ea225726d186c8c36d,512,512
data\binary\train\tumor\pituitary_Tr-pi_280.jpg,train,tumor,pituitary,Training/pituitary/Tr-pi_280.jpg,520395a83e48130d72d3f2697816be07,512,512
data\binary\train\no_tumor\notumor_Tr-no_1343.jpg,train,no_tumor,notumor,Training/notumor/Tr-no_1343.jpg,12763d80a54e61f0651447e038f18dfd,442,442
data\binary\train\no_tumor\notumor_Tr-no_689.jpg,train,no_tumor,notumor,Training/notumor/Tr-no_689.jpg,4150f9a0344a380177221b0c4d353a42,512,512
data\binary\train\tumor\glioma_Tr-gl_851.jpg,train,tumor,glioma,Training/glioma/Tr-gl_851.jpg,72b2322d3b87724827f64a6c18cb20a5,512,512
data\binary\train\no_tumor\notumor_Tr-no_74.jpg,train,no_tumor,notumor,Training/notumor/Tr-no_74.jpg,1e4c17a2391600a09ac3beebb165a068,220,275
data\binary\train\tumor\pituitary_Tr-pi_1322.jpg,train,tumor,pituitary,Training/pituitary/Tr-pi_1322.jpg,350e402318253ab32a6e30cb2fc7ff25,512,512
data\binary\train\tumor\pituitary_Tr-pi_121.jpg,train,tumor,pituitary,Training/pituitary/Tr-pi_121.jpg,f2cb93f2b40ff155d7cdc56cb5a26969,512,512
data\binary\train\no_tumor\notumor_Tr-no_942.jpg,train,no_tumor,notumor,Training/notumor/Tr-no_942.jpg,456894452d8401362ca5083d838d3fe6,194,259
data\binary\train\tumor\meningioma_Tr-me_81.jpg,train,tumor,meningioma,Training/meningioma/Tr-me_81.jpg,fe9b9887dddc623b4452861bcad8e25e,512,512
data\binary\train\no_tumor\notumor_Tr-no_787.jpg,train,no_tumor,notumor,Training/notumor/Tr-no_787.jpg,81291f34d808d7f4033c8a87d04f8362,442,442
data\binary\train\no_tumor\notumor_Tr-no_1357.jpg,train,no_tumor,notumor,Training/notumor/Tr-no_1357.jpg,1a13b0afb7e336c9738f7546648d5cc9,216,302
data\binary\train\tumor\meningioma_Tr-me_70.jpg,train,tumor,meningioma,Training/meningioma/Tr-me_70.jpg,53dd6d7bbccd25357282aa00018174ba,512,512
data\binary\train\tumor\meningioma_Tr-me_162.jpg,train,tumor,meningioma,Training/meningioma/Tr-me_162.jpg,e365110c0e28059a235bff8fdf1a51db,512,512
data\binary\train\tumor\meningioma_Tr-me_481.jpg,train,tumor,meningioma,Training/meningioma/Tr-me_481.jpg,dbce730b01aa86fe8449b618aa0cf1c2,512,512
data\binary\train\tumor\glioma_Tr-gl_591.jpg,train,tumor,glioma,Training/glioma/Tr-gl_591.jpg,80b9d4b9bebd5a65729c6765288e3bbc,512,512
data\binary\train\tumor\glioma_Tr-gl_1331.jpg,train,tumor,glioma,Training/glioma/Tr-gl_1331.jpg,d9575c8be1e26b781f1d797f2224c954,512,512
data\binary\train\tumor\pituitary_Tr-pi_1168.jpg,train,tumor,pituitary,Training/pituitary/Tr-pi_1168.jpg,94a8a892ec5a8d9f9cc3a5d49088ffde,512,512
data\binary\train\tumor\meningioma_Tr-me_104.jpg,train,tumor,meningioma,Training/meningioma/Tr-me_104.jpg,56a22c58f8749789b8bf55d864c559d0,512,512
data\binary\train\no_tumor\notumor_Tr-no_1170.jpg,train,no_tumor,notumor,Training/notumor/Tr-no_1170.jpg,58f044151ee2e82c10c956dc18c0b386,201,251
data\binary\train\tumor\meningioma_Tr-me_779.jpg,train,tumor,meningioma,Training/meningioma/Tr-me_779.jpg,a4ceb2a279f9acb59b7cf3daf50ec669,512,512
data\binary\train\tumor\meningioma_Tr-me_818.jpg,train,tumor,meningioma,Training/meningioma/Tr-me_818.jpg,3036ac67ce53b90bc1e009f91ea8049c,512,512
data\binary\train\no_tumor\notumor_Tr-no_426.jpg,train,no_tumor,notumor,Training/notumor/Tr-no_426.jpg,d389e6f867c213b6a564e29455113322,235,264
data\binary\train\no_tumor\notumor_Tr-no_1146.jpg,train,no_tumor,notumor,Training/notumor/Tr-no_1146.jpg,476ca633f490b6264da377597d56d799,504,540
data\binary\train\no_tumor\notumor_Tr-no_177.jpg,train,no_tumor,notumor,Training/notumor/Tr-no_177.jpg,1b02f208a93586ed1e4c017ed4103352,420,280
data\binary\train\no_tumor\notumor_Tr-no_757.jpg,train,no_tumor,notumor,Training/notumor/Tr-no_757.jpg,699243f170de5c773fdf0c684e9d4280,225,225
data\binary\train\no_tumor\notumor_Tr-no_1348.jpg,train,no_tumor,notumor,Training/notumor/Tr-no_1348.jpg,bfac3b362d3b0bf450aa3c01f88bc21b,224,223
data\binary\train\tumor\meningioma_Tr-me_864.jpg,train,tumor,meningioma,Training/meningioma/Tr-me_864.jpg,b4659e04f0bbf2c1024073538c1eedc9,512,512
data\binary\train\tumor\meningioma_Tr-me_482.jpg,train,tumor,meningioma,Training/meningioma/Tr-me_482.jpg,d4dbec5ade48be57cd4c2bac11465894,512,512
data\binary\train\tumor\meningioma_Tr-me_302.jpg,train,tumor,meningioma,Training/meningioma/Tr-me_302.jpg,525f545ff659781442a8fe28cc8d78d3,512,512
data\binary\train\tumor\meningioma_Tr-me_1044.jpg,train,tumor,meningioma,Training/meningioma/Tr-me_1044.jpg,508ec8c92ef0d93996cca647608f389a,366,395
data\binary\train\tumor\meningioma_Tr-me_571.jpg,train,tumor,meningioma,Training/meningioma/Tr-me_571.jpg,f79c2abf7ad69ad3a5b48d80d368285e,512,512
data\binary\train\no_tumor\notumor_Tr-no_179.jpg,train,no_tumor,notumor,Training/notumor/Tr-no_179.jpg,ca5eb4db4a092ef561f73f8e77088902,200,252
data\binary\train\no_tumor\notumor_Tr-no_51.jpg,train,no_tumor,notumor,Training/notumor/Tr-no_51.jpg,730de075c07f305e41117039084f42cd,468,444
data\binary\train\tumor\pituitary_Tr-pi_73.jpg,train,tumor,pituitary,Training/pituitary/Tr-pi_73.jpg,5c6b7d893de0c8c9854cc36b1e3c86ed,512,512
data\binary\train\tumor\meningioma_Tr-me_718.jpg,train,tumor,meningioma,Training/meningioma/Tr-me_718.jpg,38aca3f51e21b80a927ff57a196c8b5a,512,512
data\binary\train\no_tumor\notumor_Tr-no_768.jpg,train,no_tumor,notumor,Training/notumor/Tr-no_768.jpg,d7889c87cdab7a19875e492733e11b58,207,243
data\binary\train\no_tumor\notumor_Tr-no_36.jpg,train,no_tumor,notumor,Training/notumor/Tr-no_36.jpg,82cd6e9c75e1f5f3a5dec7aa9af4152c,201,250
data\binary\train\no_tumor\notumor_Tr-no_49.jpg,train,no_tumor,notumor,Training/notumor/Tr-no_49.jpg,0a962db894376a9e5e0d670915473231,442,454
data\binary\train\tumor\meningioma_Tr-aug-me_65.jpg,train,tumor,meningioma,Training/meningioma/Tr-aug-me_65.jpg,0bb151d35ebb2d91aa83bf8ed6cb1a0f,512,512
data\binary\train\tumor\pituitary_Tr-pi_941.jpg,train,tumor,pituitary,Training/pituitary/Tr-pi_941.jpg,c421a5b4e4155086092cd54d4a797d29,512,512
data\binary\train\tumor\meningioma_Tr-me_804.jpg,train,tumor,meningioma,Training/meningioma/Tr-me_804.jpg,89a763239a5f6cd336c69abf5f007156,512,512
data\binary\train\tumor\pituitary_Tr-pi_1283.jpg,train,tumor,pituitary,Training/pituitary/Tr-pi_1283.jpg,c21375f8028fea272091f54e5b0535fb,512,512
data\binary\train\tumor\glioma_Tr-gl_622.jpg,train,tumor,glioma,Training/glioma/Tr-gl_622.jpg,a5282c030be02a6081095b71565f0522,512,512
data\binary\train\tumor\pituitary_Tr-pi_378.jpg,train,tumor,pituitary,Training/pituitary/Tr-pi_378.jpg,5361de7a899e788fcef9884e1f6dbb8e,512,512
data\binary\train\tumor\pituitary_Tr-pi_640.jpg,train,tumor,pituitary,Training/pituitary/Tr-pi_640.jpg,d1db6cc063f0422592c0d46dc58446f0,512,512
data\binary\train\tumor\pituitary_Tr-pi_46.jpg,train,tumor,pituitary,Training/pituitary/Tr-pi_46.jpg,b8dc48e6b05155aba08ca65e0e992773,512,512
data\binary\train\tumor\meningioma_Tr-me_888.jpg,train,tumor,meningioma,Training/meningioma/Tr-me_888.jpg,cff20c3b71de1f22bfd99401071545cd,512,512
data\binary\train\tumor\meningioma_Tr-aug-me_24.jpg,train,tumor,meningioma,Training/meningioma/Tr-aug-me_24.jpg,41a0723bff869f6e2beb66fb45957035,512,512
data\binary\train\tumor\glioma_Tr-gl_779.jpg,train,tumor,glioma,Training/glioma/Tr-gl_779.jpg,0dcaf64e81f7cffb97a671ef720c31b4,512,512
data\binary\train\tumor\pituitary_Tr-pi_705.jpg,train,tumor,pituitary,Training/pituitary/Tr-pi_705.jpg,6b48f24684ba63c75ce498cd52f21270,512,512
data\binary\train\tumor\glioma_Tr-gl_1085.jpg,train,tumor,glioma,Training/glioma/Tr-gl_1085.jpg,bbc661b6d3d07719e545f06a6566ad30,512,512
data\binary\train\tumor\meningioma_Tr-me_2.jpg,train,tumor,meningioma,Training/meningioma/Tr-me_2.jpg,283d7f82699733dbba9119a9bd711c3c,512,512
data\binary\train\tumor\glioma_Tr-gl_1276.jpg,train,tumor,glioma,Training/glioma/Tr-gl_1276.jpg,6c94e9dbfe32e869c80f4714d153cc77,512,512
data\binary\train\tumor\meningioma_Tr-me_1104.jpg,train,tumor,meningioma,Training/meningioma/Tr-me_1104.jpg,a6d4709dac62f317f97230bb46e7e76d,512,512
data\binary\train\tumor\pituitary_Tr-pi_580.jpg,train,tumor,pituitary,Training/pituitary/Tr-pi_580.jpg,986c965417bbf03a7d9f747eb3c8b02f,512,512
data\binary\train\tumor\glioma_Tr-gl_466.jpg,train,tumor,glioma,Training/glioma/Tr-gl_466.jpg,4a46f76bd2fe9883020154cf977bc094,512,512
data\binary\train\tumor\pituitary_Tr-pi_869.jpg,train,tumor,pituitary,Training/pituitary/Tr-pi_869.jpg,342c6cd2a456a7d9f64a614105432645,512,512
data\binary\train\tumor\pituitary_Tr-pi_1114.jpg,train,tumor,pituitary,Training/pituitary/Tr-pi_1114.jpg,2fb075e441dcae7389c639321ea394d2,512,512
data\binary\train\tumor\meningioma_Tr-me_1192.jpg,train,tumor,meningioma,Training/meningioma/Tr-me_1192.jpg,33ff0dcb636c08e64c758126d79296ef,512,512
data\binary\train\tumor\meningioma_Tr-me_220.jpg,train,tumor,meningioma,Training/meningioma/Tr-me_220.jpg,64e784dc2cac344828192d2283335c7e,512,512
data\binary\train\tumor\meningioma_Tr-me_402.jpg,train,tumor,meningioma,Training/meningioma/Tr-me_402.jpg,4d28050a5161d3df01ab0c2bce57c6c5,512,512
data\binary\train\tumor\pituitary_Tr-pi_166.jpg,train,tumor,pituitary,Training/pituitary/Tr-pi_166.jpg,fdb3d2d867ab584f541859b8266cc5d8,512,512
data\binary\train\tumor\meningioma_Tr-me_832.jpg,train,tumor,meningioma,Training/meningioma/Tr-me_832.jpg,6f5ea298df6776a774ae1c7582cd5105,512,512
data\binary\train\no_tumor\notumor_Tr-no_785.jpg,train,no_tumor,notumor,Training/notumor/Tr-no_785.jpg,22aa8132f3145d4a12f084445c66c310,441,442
data\binary\train\tumor\glioma_Tr-gl_1389.jpg,train,tumor,glioma,Training/glioma/Tr-gl_1389.jpg,f704d56c2edc3439d5eddee7e3b080cb,512,512
data\binary\train\no_tumor\notumor_Tr-no_1153.jpg,train,no_tumor,notumor,Training/notumor/Tr-no_1153.jpg,1d10f8b257840b0e1d815ad3a30721e7,225,225
data\binary\train\no_tumor\notumor_Tr-no_1124.jpg,train,no_tumor,notumor,Training/notumor/Tr-no_1124.jpg,12411729e5e96ffecb768db392112ade,225,225
data\binary\train\tumor\glioma_Tr-gl_372.jpg,train,tumor,glioma,Training/glioma/Tr-gl_372.jpg,30ddce07f26673deea776b8e6d654a45,512,512
data\binary\train\tumor\meningioma_Tr-me_283.jpg,train,tumor,meningioma,Training/meningioma/Tr-me_283.jpg,2f77f94be4f8ad60347957fca96e4d9e,512,512
data\binary\train\tumor\glioma_Tr-gl_135.jpg,train,tumor,glioma,Training/glioma/Tr-gl_135.jpg,e1aaaf38cbf00c1d3cb0d21cf3e0fcb8,512,512
data\binary\train\no_tumor\notumor_Tr-no_649.jpg,train,no_tumor,notumor,Training/notumor/Tr-no_649.jpg,06c3e21e888012e7845da47b26b742e8,411,501
data\binary\train\no_tumor\notumor_Tr-no_853.jpg,train,no_tumor,notumor,Training/notumor/Tr-no_853.jpg,ddbb2673e9183e21dab3be3e56c37319,550,664
data\binary\train\no_tumor\notumor_Tr-no_148.jpg,train,no_tumor,notumor,Training/notumor/Tr-no_148.jpg,e0ca72d2d0e2ca3255f9417d3348fcd6,300,168
data\binary\train\tumor\glioma_Tr-gl_985.jpg,train,tumor,glioma,Training/glioma/Tr-gl_985.jpg,a1e124a9e7489aec9aa6a1f6d09fe8f1,512,512
data\binary\train\tumor\glioma_Tr-gl_681.jpg,train,tumor,glioma,Training/glioma/Tr-gl_681.jpg,bd065d667e04492364c5b85e354da8c8,512,512
data\binary\train\tumor\pituitary_Tr-pi_191.jpg,train,tumor,pituitary,Training/pituitary/Tr-pi_191.jpg,6cd02777a78d0ff23df9ea3dbd27e642,512,512
data\binary\train\tumor\glioma_Tr-gl_186.jpg,train,tumor,glioma,Training/glioma/Tr-gl_186.jpg,0328fba2bf22c5e89699fc6ed2245f67,512,512
data\binary\train\no_tumor\notumor_Tr-no_558.jpg,train,no_tumor,notumor,Training/notumor/Tr-no_558.jpg,89814495e863126d591a7b47090efd7a,428,417
data\binary\train\tumor\meningioma_Tr-me_694.jpg,train,tumor,meningioma,Training/meningioma/Tr-me_694.jpg,416df807845f7174b19c7050e71207ff,209,225
data\binary\train\tumor\meningioma_Tr-me_1138.jpg,train,tumor,meningioma,Training/meningioma/Tr-me_1138.jpg,4241b2fc8e55d65706fed4f362033528,512,512
data\binary\train\no_tumor\notumor_Tr-no_765.jpg,train,no_tumor,notumor,Training/notumor/Tr-no_765.jpg,c0d2564643113d07d7229e9c6b16f811,225,225
data\binary\train\tumor\pituitary_Tr-pi_14.jpg,train,tumor,pituitary,Training/pituitary/Tr-pi_14.jpg,ebb63a46b78deec4d8a837cf92632c34,512,512
data\binary\train\tumor\meningioma_Tr-me_198.jpg,train,tumor,meningioma,Training/meningioma/Tr-me_198.jpg,6f68bbf406c353ade2611767f6b7c9f3,512,512
data\binary\train\tumor\meningioma_Tr-me_547.jpg,train,tumor,meningioma,Training/meningioma/Tr-me_547.jpg,ea6863c3364bf22282b2412396d2fe87,512,512
data\binary\train\no_tumor\notumor_Tr-no_678.jpg,train,no_tumor,notumor,Training/notumor/Tr-no_678.jpg,b6b96533a553fccb2cf413a991056d86,441,442
data\binary\train\tumor\glioma_Tr-gl_1212.jpg,train,tumor,glioma,Training/glioma/Tr-gl_1212.jpg,941f8c2f141ffdd074f78c464e15c4bb,512,512
data\binary\train\no_tumor\notumor_Tr-no_1302.jpg,train,no_tumor,notumor,Training/notumor/Tr-no_1302.jpg,fdea69d8f1eaf6ad0933a4e4ba3cc4f6,680,680
data\binary\train\no_tumor\notumor_Tr-no_908.jpg,train,no_tumor,notumor,Training/notumor/Tr-no_908.jpg,b51b2709f7644f3eadd78d46d0c05f79,275,301
data\binary\train\tumor\pituitary_Tr-pi_1126.jpg,train,tumor,pituitary,Training/pituitary/Tr-pi_1126.jpg,a78eb9c96af571ee3a0ac266a9933021,512,512
data\binary\train\tumor\pituitary_Tr-pi_625.jpg,train,tumor,pituitary,Training/pituitary/Tr-pi_625.jpg,510fd3f9cfb86a396088e8419253e1dc,512,512
data\binary\train\no_tumor\notumor_Tr-no_1246.jpg,train,no_tumor,notumor,Training/notumor/Tr-no_1246.jpg,813f1f1b6c77dc293dc0aabe9ae19376,227,262
data\binary\train\tumor\glioma_Tr-gl_1371.jpg,train,tumor,glioma,Training/glioma/Tr-gl_1371.jpg,96825c41e1c0416ad87b1617c9a90330,512,512
data\binary\train\no_tumor\notumor_Tr-no_1243.jpg,train,no_tumor,notumor,Training/notumor/Tr-no_1243.jpg,cfc354c136aa814cb77f6e13c01fc1de,468,444
data\binary\train\tumor\meningioma_Tr-aug-me_48.jpg,train,tumor,meningioma,Training/meningioma/Tr-aug-me_48.jpg,f725a595a4fd75e83bdc8442887a89aa,512,512
data\binary\train\tumor\glioma_Tr-gl_27.jpg,train,tumor,glioma,Training/glioma/Tr-gl_27.jpg,83f95429b37aa9fe70a65c661fe73eed,512,512
data\binary\train\tumor\pituitary_Tr-pi_1.jpg,train,tumor,pituitary,Training/pituitary/Tr-pi_1.jpg,7a9d69e707f7c1f82bbfb4d7c6468423,512,512
data\binary\train\no_tumor\notumor_Tr-no_1215.jpg,train,no_tumor,notumor,Training/notumor/Tr-no_1215.jpg,85375c22142305cdb972864739699dec,225,225
data\binary\train\tumor\meningioma_Tr-aug-me_9.jpg,train,tumor,meningioma,Training/meningioma/Tr-aug-me_9.jpg,e83a66fe1e2092a53eee73744ce65522,512,512
data\binary\train\no_tumor\notumor_Tr-no_389.jpg,train,no_tumor,notumor,Training/notumor/Tr-no_389.jpg,be5ba993f511e6965ff3ced4fec3cc1c,234,218
data\binary\train\tumor\meningioma_Tr-me_85.jpg,train,tumor,meningioma,Training/meningioma/Tr-me_85.jpg,30bbea32222e73d61e3fe2b1f192a2ac,512,512
data\binary\train\tumor\glioma_Tr-gl_289.jpg,train,tumor,glioma,Training/glioma/Tr-gl_289.jpg,a3540eb78be6fa3716e5063c30492aaa,512,512
data\binary\train\tumor\pituitary_Tr-pi_366.jpg,train,tumor,pituitary,Training/pituitary/Tr-pi_366.jpg,b5b97f9d880c6e7ab29b8969401c5db7,512,512
data\binary\train\tumor\glioma_Tr-gl_896.jpg,train,tumor,glioma,Training/glioma/Tr-gl_896.jpg,9eede1979845931581bef1ee73845e44,512,512
data\binary\train\tumor\glioma_Tr-gl_904.jpg,train,tumor,glioma,Training/glioma/Tr-gl_904.jpg,f720e3b9a67c67e626540214311cd847,512,512
data\binary\train\tumor\pituitary_Tr-pi_1170.jpg,train,tumor,pituitary,Training/pituitary/Tr-pi_1170.jpg,14f53b98d4f9cd82498585dbeee9b369,512,512
data\binary\train\tumor\glioma_Tr-gl_1368.jpg,train,tumor,glioma,Training/glioma/Tr-gl_1368.jpg,b9349277a127ca65900e37e3d5cccbd8,512,512
data\binary\train\no_tumor\notumor_Tr-no_321.jpg,train,no_tumor,notumor,Training/notumor/Tr-no_321.jpg,5dfd13159102cb8326e912736818ff42,630,630
data\binary\train\no_tumor\notumor_Tr-no_1040.jpg,train,no_tumor,notumor,Training/notumor/Tr-no_1040.jpg,e69fcb3429d8ba6db1fa18071a401aa1,275,301
data\binary\train\tumor\meningioma_Tr-me_192.jpg,train,tumor,meningioma,Training/meningioma/Tr-me_192.jpg,342c29523a12552ef772fef0a9e2553d,512,512
data\binary\train\tumor\pituitary_Tr-pi_775.jpg,train,tumor,pituitary,Training/pituitary/Tr-pi_775.jpg,bba7fc6dc009a2304cf83961503f5ef4,512,512
data\binary\train\no_tumor\notumor_Tr-no_887.jpg,train,no_tumor,notumor,Training/notumor/Tr-no_887.jpg,7c54fe7973d3fe9c702eed7aba12f9b5,210,201
data\binary\train\tumor\glioma_Tr-gl_525.jpg,train,tumor,glioma,Training/glioma/Tr-gl_525.jpg,bbc7b44ea8df1e71340542da16a1f6cf,512,512
data\binary\train\no_tumor\notumor_Tr-no_1096.jpg,train,no_tumor,notumor,Training/notumor/Tr-no_1096.jpg,d6b4063d53e85177a7ad7ab80666be23,236,280
data\binary\train\tumor\pituitary_Tr-pi_284.jpg,train,tumor,pituitary,Training/pituitary/Tr-pi_284.jpg,fb778b1f8fa81aaf4bb44141737b0e0b,512,512
data\binary\train\no_tumor\notumor_Tr-no_926.jpg,train,no_tumor,notumor,Training/notumor/Tr-no_926.jpg,80a93ae436cc69677f657a9f0fc1376d,225,225
data\binary\train\no_tumor\notumor_Tr-no_375.jpg,train,no_tumor,notumor,Training/notumor/Tr-no_375.jpg,dcef70022c5c6d430c69a8b31336557c,201,250
data\binary\train\no_tumor\notumor_Tr-no_1293.jpg,train,no_tumor,notumor,Training/notumor/Tr-no_1293.jpg,da8398426642aed940e6301d2b8b8a40,201,250
data\binary\train\tumor\pituitary_Tr-pi_482.jpg,train,tumor,pituitary,Training/pituitary/Tr-pi_482.jpg,6d23de540f327b6cdfd807aa548c0ec0,512,512
data\binary\train\tumor\pituitary_Tr-pi_801.jpg,train,tumor,pituitary,Training/pituitary/Tr-pi_801.jpg,2231e02fcdb876d95e05de4f91ca8b00,512,512
data\binary\train\tumor\pituitary_Tr-pi_1199.jpg,train,tumor,pituitary,Training/pituitary/Tr-pi_1199.jpg,8cff07266133439191b08656d2744dcc,512,512
data\binary\train\tumor\pituitary_Tr-pi_275.jpg,train,tumor,pituitary,Training/pituitary/Tr-pi_275.jpg,50777c0ccb64467f0530ae82619f3d20,512,512
data\binary\train\no_tumor\notumor_Tr-no_298.jpg,train,no_tumor,notumor,Training/notumor/Tr-no_298.jpg,35be81f4e30b52843e0ec3b93aaf79a7,278,253
data\binary\train\tumor\meningioma_Tr-me_677.jpg,train,tumor,meningioma,Training/meningioma/Tr-me_677.jpg,5dfb3ace8add4d989e23e11888734d4e,512,512
data\binary\train\no_tumor\notumor_Tr-no_1068.jpg,train,no_tumor,notumor,Training/notumor/Tr-no_1068.jpg,e1d736623418431941ba860f9a1efff3,225,225
data\binary\train\tumor\meningioma_Tr-me_977.jpg,train,tumor,meningioma,Training/meningioma/Tr-me_977.jpg,45854ccb7fc17b977a98a99b8208018f,512,512
data\binary\train\no_tumor\notumor_Tr-no_1008.jpg,train,no_tumor,notumor,Training/notumor/Tr-no_1008.jpg,fbb3127a1272c1308db716194c103a3f,630,630
data\binary\train\tumor\glioma_Tr-gl_254.jpg,train,tumor,glioma,Training/glioma/Tr-gl_254.jpg,1cd581b1e7c591a97ddeca15277174cd,512,512
data\binary\train\tumor\meningioma_Tr-aug-me_70.jpg,train,tumor,meningioma,Training/meningioma/Tr-aug-me_70.jpg,5bb4fe6ddbfdc13c5b05a2b7258c9f52,512,512
data\binary\train\tumor\meningioma_Tr-me_1163.jpg,train,tumor,meningioma,Training/meningioma/Tr-me_1163.jpg,3cb1d6594ea1a7391608e9bc8245529c,201,251
data\binary\train\no_tumor\notumor_Tr-no_1041.jpg,train,no_tumor,notumor,Training/notumor/Tr-no_1041.jpg,3e718702d13df687693e4d5814c1e44c,225,225
data\binary\train\tumor\glioma_Tr-gl_1149.jpg,train,tumor,glioma,Training/glioma/Tr-gl_1149.jpg,544abcb622b873e978ff1add4e792faf,512,512
data\binary\train\no_tumor\notumor_Tr-no_1084.jpg,train,no_tumor,notumor,Training/notumor/Tr-no_1084.jpg,565eafb4df29c2efefd2003f05a682f3,428,417
data\binary\train\tumor\meningioma_Tr-me_341.jpg,train,tumor,meningioma,Training/meningioma/Tr-me_341.jpg,d4a114b718f3654cbf7be4ddc1dc797b,512,512
data\binary\train\tumor\pituitary_Tr-pi_104.jpg,train,tumor,pituitary,Training/pituitary/Tr-pi_104.jpg,75cfc2dc9c45117bc8805440320e6afb,512,512
data\binary\train\tumor\pituitary_Tr-pi_1198.jpg,train,tumor,pituitary,Training/pituitary/Tr-pi_1198.jpg,a0829e5f57ad7000827d4e2a1f67c136,512,512
data\binary\train\tumor\meningioma_Tr-me_1031.jpg,train,tumor,meningioma,Training/meningioma/Tr-me_1031.jpg,4130df360cae1c03ccf2e05134736297,512,512
data\binary\train\tumor\meningioma_Tr-me_301.jpg,train,tumor,meningioma,Training/meningioma/Tr-me_301.jpg,8e1d0e852fbab12d40c9f45a34a8abf9,512,512
data\binary\train\no_tumor\notumor_Tr-no_305.jpg,train,no_tumor,notumor,Training/notumor/Tr-no_305.jpg,48103b0bdb35c0ee3d45c8b302098f96,456,501
data\binary\train\no_tumor\notumor_Tr-no_993.jpg,train,no_tumor,notumor,Training/notumor/Tr-no_993.jpg,367e19ea6b5900ee6507febdeb7b73e7,230,282
data\binary\train\tumor\pituitary_Tr-pi_596.jpg,train,tumor,pituitary,Training/pituitary/Tr-pi_596.jpg,2a0be686156fdb85ed7ed09c1e461d54,512,512
data\binary\train\tumor\glioma_Tr-gl_620.jpg,train,tumor,glioma,Training/glioma/Tr-gl_620.jpg,77a288a5380f0cd984ad81fd8658ddb2,512,512
data\binary\train\tumor\meningioma_Tr-me_1090.jpg,train,tumor,meningioma,Training/meningioma/Tr-me_1090.jpg,69a2a8a82b4de23f8832961fdf6f4c3d,512,512
data\binary\train\tumor\glioma_Tr-gl_212.jpg,train,tumor,glioma,Training/glioma/Tr-gl_212.jpg,e5bee365c8a1670630c5f3dcc4361e39,512,512
data\binary\train\tumor\glioma_Tr-gl_1035.jpg,train,tumor,glioma,Training/glioma/Tr-gl_1035.jpg,dd996457e60badbeeaea2dfc57bdf88b,512,512
data\binary\train\tumor\glioma_Tr-gl_822.jpg,train,tumor,glioma,Training/glioma/Tr-gl_822.jpg,fe5a94e4016d3f43f89d9276b850f664,512,512
data\binary\train\tumor\pituitary_Tr-pi_1021.jpg,train,tumor,pituitary,Training/pituitary/Tr-pi_1021.jpg,caf15c0727c7fc693d9cc9c798121b55,512,512
data\binary\train\tumor\pituitary_Tr-pi_43.jpg,train,tumor,pituitary,Training/pituitary/Tr-pi_43.jpg,3fce56aa035c634f41971ba6ecdbad1e,512,512
data\binary\train\tumor\glioma_Tr-gl_169.jpg,train,tumor,glioma,Training/glioma/Tr-gl_169.jpg,c495c54981f24f2ca50f2294b23de974,512,512
data\binary\train\tumor\glioma_Tr-gl_403.jpg,train,tumor,glioma,Training/glioma/Tr-gl_403.jpg,464ebdff8e99c9d43f1c8a4f7edd4455,512,512
data\binary\train\tumor\glioma_Tr-gl_267.jpg,train,tumor,glioma,Training/glioma/Tr-gl_267.jpg,7279c5d423161c71aeaed538a49c115e,512,512
data\binary\train\no_tumor\notumor_Tr-no_890.jpg,train,no_tumor,notumor,Training/notumor/Tr-no_890.jpg,3142a4c4d7b9ea45c2f1618b5661a54e,225,225
data\binary\train\tumor\pituitary_Tr-pi_386.jpg,train,tumor,pituitary,Training/pituitary/Tr-pi_386.jpg,4f53785238dfbf4c10a189d7227b2161,512,512
data\binary\train\tumor\glioma_Tr-gl_1337.jpg,train,tumor,glioma,Training/glioma/Tr-gl_1337.jpg,d80004ed97bbfb5e71d327a0a258f55a,512,512
data\binary\train\tumor\pituitary_Tr-pi_684.jpg,train,tumor,pituitary,Training/pituitary/Tr-pi_684.jpg,4da4f3178b70c3ed6d6dfd2b686fa158,512,512
data\binary\train\tumor\glioma_Tr-gl_1003.jpg,train,tumor,glioma,Training/glioma/Tr-gl_1003.jpg,082d72b80d71ee60939e2f474fc01bcb,512,512
data\binary\train\tumor\meningioma_Tr-me_715.jpg,train,tumor,meningioma,Training/meningioma/Tr-me_715.jpg,81d75ed803855c42170b2350fd76c5b7,330,355
data\binary\train\tumor\glioma_Tr-gl_1071.jpg,train,tumor,glioma,Training/glioma/Tr-gl_1071.jpg,110474902aede8cc1598e508208c2305,512,512
data\binary\train\no_tumor\notumor_Tr-no_835.jpg,train,no_tumor,notumor,Training/notumor/Tr-no_835.jpg,34c41ac2288b30b780067d5c5e03bd2d,300,168
data\binary\train\tumor\glioma_Tr-gl_1266.jpg,train,tumor,glioma,Training/glioma/Tr-gl_1266.jpg,50e8176886d6f71b33de294ba35590da,512,512
data\binary\train\tumor\meningioma_Tr-me_573.jpg,train,tumor,meningioma,Training/meningioma/Tr-me_573.jpg,4c041628a0a121c77614df80a6682360,512,512
data\binary\train\no_tumor\notumor_Tr-no_946.jpg,train,no_tumor,notumor,Training/notumor/Tr-no_946.jpg,6495fc05280819be82ed863052127a82,236,236
data\binary\train\tumor\glioma_Tr-gl_1101.jpg,train,tumor,glioma,Training/glioma/Tr-gl_1101.jpg,3f83baa0fda78bfd057fc6bba17284d0,512,512
data\binary\train\tumor\pituitary_Tr-pi_262.jpg,train,tumor,pituitary,Training/pituitary/Tr-pi_262.jpg,8b77abcb000ac3970dcbb49bc50d2ec7,512,512
data\binary\train\tumor\glioma_Tr-gl_1323.jpg,train,tumor,glioma,Training/glioma/Tr-gl_1323.jpg,d0f25b6b8b859104c76f0c9e033d8282,512,512
data\binary\train\tumor\meningioma_Tr-me_471.jpg,train,tumor,meningioma,Training/meningioma/Tr-me_471.jpg,fcad705986b0f911ab107fda05918aa8,512,512
data\binary\train\tumor\pituitary_Tr-pi_631.jpg,train,tumor,pituitary,Training/pituitary/Tr-pi_631.jpg,66474af57edbc13d1558df643f0e1f51,512,512
data\binary\train\tumor\pituitary_Tr-pi_654.jpg,train,tumor,pituitary,Training/pituitary/Tr-pi_654.jpg,709348879f6c1dfa479649abc5e44cf9,512,512
data\binary\train\no_tumor\notumor_Tr-no_1118.jpg,train,no_tumor,notumor,Training/notumor/Tr-no_1118.jpg,b56a5061bfb46825584cadf0423a5991,504,540
data\binary\train\tumor\meningioma_Tr-me_598.jpg,train,tumor,meningioma,Training/meningioma/Tr-me_598.jpg,cadabaea91221134a7cda173b6a07ed9,512,512
data\binary\train\tumor\meningioma_Tr-me_668.jpg,train,tumor,meningioma,Training/meningioma/Tr-me_668.jpg,737e8efab7b8b126dab948da35f92683,512,512
data\binary\train\no_tumor\notumor_Tr-no_741.jpg,train,no_tumor,notumor,Training/notumor/Tr-no_741.jpg,8555f293b767eded93e98573bdf9e620,192,192
data\binary\train\no_tumor\notumor_Tr-no_790.jpg,train,no_tumor,notumor,Training/notumor/Tr-no_790.jpg,95c09ed5cb1d6ddc99c30a34e84546e5,550,664
data\binary\train\tumor\glioma_Tr-gl_848.jpg,train,tumor,glioma,Training/glioma/Tr-gl_848.jpg,88fcdd44f4cc5a5ef40c5323f758b69e,512,512
data\binary\train\tumor\glioma_Tr-gl_820.jpg,train,tumor,glioma,Training/glioma/Tr-gl_820.jpg,563ec8327d1b171dd58aaf738e2dec3e,512,512
data\binary\train\tumor\meningioma_Tr-me_699.jpg,train,tumor,meningioma,Training/meningioma/Tr-me_699.jpg,fac74e84c147517a750eaeff6c36f3f8,512,512
data\binary\train\no_tumor\notumor_Tr-no_894.jpg,train,no_tumor,notumor,Training/notumor/Tr-no_894.jpg,f8df73cf27184118cf1b4057936aa500,235,215
data\binary\train\tumor\meningioma_Tr-me_991.jpg,train,tumor,meningioma,Training/meningioma/Tr-me_991.jpg,459eb921b9644e606c51247a3fdcebbe,512,512
data\binary\train\tumor\meningioma_Tr-aug-me_97.jpg,train,tumor,meningioma,Training/meningioma/Tr-aug-me_97.jpg,ceb4361f4ba2f0ee12470a037bc37212,512,512
data\binary\train\no_tumor\notumor_Tr-no_353.jpg,train,no_tumor,notumor,Training/notumor/Tr-no_353.jpg,8a033c7b69de5efa5270f2307eea4a06,225,225
data\binary\train\tumor\meningioma_Tr-me_122.jpg,train,tumor,meningioma,Training/meningioma/Tr-me_122.jpg,a2d22b5be72d769cbec1efb3a87f01e7,512,512
data\binary\train\tumor\glioma_Tr-gl_1346.jpg,train,tumor,glioma,Training/glioma/Tr-gl_1346.jpg,a27b66489cc420514adca119ad907d23,512,512
data\binary\train\no_tumor\notumor_Tr-no_447.jpg,train,no_tumor,notumor,Training/notumor/Tr-no_447.jpg,b6ce0a54d799d61f77617809c5e78ef2,428,417
data\binary\train\tumor\meningioma_Tr-me_973.jpg,train,tumor,meningioma,Training/meningioma/Tr-me_973.jpg,0a1cfd0124fe4fab8bb0d855fbf5e4b8,512,512
data\binary\train\tumor\pituitary_Tr-pi_260.jpg,train,tumor,pituitary,Training/pituitary/Tr-pi_260.jpg,1353b6cb8a1609f01678fb41be222788,512,512
data\binary\train\tumor\meningioma_Tr-me_691.jpg,train,tumor,meningioma,Training/meningioma/Tr-me_691.jpg,bddd17b3a5b0e3756344444a37457711,512,512
data\binary\train\tumor\pituitary_Tr-pi_89.jpg,train,tumor,pituitary,Training/pituitary/Tr-pi_89.jpg,66a3675e850a18a5aa55931262282178,512,512
data\binary\train\tumor\meningioma_Tr-me_409.jpg,train,tumor,meningioma,Training/meningioma/Tr-me_409.jpg,7e3d710c8e39a17ff505de2dc85ca880,512,512
data\binary\train\tumor\glioma_Tr-gl_880.jpg,train,tumor,glioma,Training/glioma/Tr-gl_880.jpg,5b20337632bc40ce45e95ca7301f1564,512,512
data\binary\train\tumor\meningioma_Tr-me_1144.jpg,train,tumor,meningioma,Training/meningioma/Tr-me_1144.jpg,fd930c26cb26cb4db2890a5ba92318ab,512,512
data\binary\train\tumor\pituitary_Tr-pi_691.jpg,train,tumor,pituitary,Training/pituitary/Tr-pi_691.jpg,3a87f4b30e758316ebcc16360e267d14,512,512
data\binary\train\tumor\glioma_Tr-gl_842.jpg,train,tumor,glioma,Training/glioma/Tr-gl_842.jpg,1ac5297ac63d949c1bb5a80f8fde1cbb,512,512
data\binary\train\no_tumor\notumor_Tr-no_1054.jpg,train,no_tumor,notumor,Training/notumor/Tr-no_1054.jpg,0e43b455db097ad74940603293580d14,393,400
data\binary\train\tumor\pituitary_Tr-pi_1171.jpg,train,tumor,pituitary,Training/pituitary/Tr-pi_1171.jpg,7e1ed08f8368601ad7e8f5d677c70f56,512,512
data\binary\train\no_tumor\notumor_Tr-no_1264.jpg,train,no_tumor,notumor,Training/notumor/Tr-no_1264.jpg,93d4bba38c027c84aee1f2a001e685a4,236,290
data\binary\train\tumor\pituitary_Tr-pi_1399.jpg,train,tumor,pituitary,Training/pituitary/Tr-pi_1399.jpg,58e47a3e12d09d40c54a8672b481c175,441,429
data\binary\train\tumor\pituitary_Tr-pi_28.jpg,train,tumor,pituitary,Training/pituitary/Tr-pi_28.jpg,12abed97827b3a0376e15d934e725f82,512,512
data\binary\train\tumor\meningioma_Tr-me_1279.jpg,train,tumor,meningioma,Training/meningioma/Tr-me_1279.jpg,4fb61192e0e03b2710e6b6390ba02ab3,512,512
data\binary\train\tumor\glioma_Tr-gl_73.jpg,train,tumor,glioma,Training/glioma/Tr-gl_73.jpg,e11f4f03979f9b6f8b509d0d4877a0f3,512,512
data\binary\train\tumor\pituitary_Tr-pi_973.jpg,train,tumor,pituitary,Training/pituitary/Tr-pi_973.jpg,ba3b7355ec918f457a796bc9fc3e972e,512,512
data\binary\train\tumor\glioma_Tr-gl_104.jpg,train,tumor,glioma,Training/glioma/Tr-gl_104.jpg,1b8a5e8d1cdf553f8cb1a8b9384a228f,512,512
data\binary\train\tumor\meningioma_Tr-me_1094.jpg,train,tumor,meningioma,Training/meningioma/Tr-me_1094.jpg,832c3e0243e8fafe4313d899e233285d,512,512
data\binary\train\tumor\glioma_Tr-gl_907.jpg,train,tumor,glioma,Training/glioma/Tr-gl_907.jpg,355a45c5a0deba094f4637b2c3a4506f,512,512
data\binary\train\no_tumor\notumor_Tr-no_360.jpg,train,no_tumor,notumor,Training/notumor/Tr-no_360.jpg,2f3fd272dbe51e1005cd30dae8aa13e1,225,225
data\binary\train\no_tumor\notumor_Tr-no_483.jpg,train,no_tumor,notumor,Training/notumor/Tr-no_483.jpg,07dee3fcce71204f5e78fac3e84f4d23,230,282
data\binary\train\tumor\pituitary_Tr-pi_376.jpg,train,tumor,pituitary,Training/pituitary/Tr-pi_376.jpg,b4984365b5504614898fd83633c95782,512,512
data\binary\train\no_tumor\notumor_Tr-no_756.jpg,train,no_tumor,notumor,Training/notumor/Tr-no_756.jpg,27bf28d7237860a1f1f03e3d72d5c0c2,201,250
data\binary\train\tumor\pituitary_Tr-pi_1082.jpg,train,tumor,pituitary,Training/pituitary/Tr-pi_1082.jpg,fab41df33abfa85d624e44f15f8bdf83,512,512
data\binary\train\tumor\glioma_Tr-gl_955.jpg,train,tumor,glioma,Training/glioma/Tr-gl_955.jpg,7f39c9fa0764e93a07c14511d49dbd2b,512,512
data\binary\train\tumor\meningioma_Tr-me_1162.jpg,train,tumor,meningioma,Training/meningioma/Tr-me_1162.jpg,4f8f7610c02adfcbb261de142ec1bfc9,512,512
data\binary\train\tumor\pituitary_Tr-pi_29.jpg,train,tumor,pituitary,Training/pituitary/Tr-pi_29.jpg,83340a32f3be418940fb3800a5751c23,512,512
data\binary\train\tumor\meningioma_Tr-me_118.jpg,train,tumor,meningioma,Training/meningioma/Tr-me_118.jpg,ab089452228610c1b84e7346dc39edb7,512,512
data\binary\train\tumor\meningioma_Tr-me_179.jpg,train,tumor,meningioma,Training/meningioma/Tr-me_179.jpg,f3ca9a515c30126d07f1357dd4cf3810,512,512
data\binary\train\no_tumor\notumor_Tr-no_317.jpg,train,no_tumor,notumor,Training/notumor/Tr-no_317.jpg,1a680a17439838d8eedb7fce39e35dea,207,243
data\binary\train\tumor\meningioma_Tr-me_30.jpg,train,tumor,meningioma,Training/meningioma/Tr-me_30.jpg,7c51daf1aff71a1505198d365873eafa,512,512
data\binary\train\tumor\meningioma_Tr-me_294.jpg,train,tumor,meningioma,Training/meningioma/Tr-me_294.jpg,a6c9293b8c5eb6142ac04efbaaf7bb04,512,512
data\binary\train\no_tumor\notumor_Tr-no_632.jpg,train,no_tumor,notumor,Training/notumor/Tr-no_632.jpg,c07735308845e8cd9bccb2faf612d456,550,664
data\binary\train\tumor\meningioma_Tr-me_713.jpg,train,tumor,meningioma,Training/meningioma/Tr-me_713.jpg,5dfbb5251ab0e6ee6f77673899d576f2,512,512
data\binary\train\tumor\pituitary_Tr-pi_1148.jpg,train,tumor,pituitary,Training/pituitary/Tr-pi_1148.jpg,ed0d62952b71f55088beee8693c3eb50,512,512
data\binary\train\no_tumor\notumor_Tr-no_897.jpg,train,no_tumor,notumor,Training/notumor/Tr-no_897.jpg,c4396f1df3b6050228d3d2d42fc1d7f1,350,350
data\binary\train\tumor\pituitary_Tr-pi_967.jpg,train,tumor,pituitary,Training/pituitary/Tr-pi_967.jpg,c006591ef185b678c080090ad19a2ad1,512,512
data\binary\train\no_tumor\notumor_Tr-no_1198.jpg,train,no_tumor,notumor,Training/notumor/Tr-no_1198.jpg,ec31b7121aa4197845d4eacdc8b395ed,192,192
data\binary\train\no_tumor\notumor_Tr-no_1323.jpg,train,no_tumor,notumor,Training/notumor/Tr-no_1323.jpg,23bb32fbe263720fe2acd160c5dafb5d,630,630
data\binary\train\tumor\meningioma_Tr-me_18.jpg,train,tumor,meningioma,Training/meningioma/Tr-me_18.jpg,3aa9908ac03cb5258acaa1d345309e4b,512,512
data\binary\train\tumor\glioma_Tr-gl_379.jpg,train,tumor,glioma,Training/glioma/Tr-gl_379.jpg,c893a63c178b38639ff233ec9b2bbea0,512,512
data\binary\train\tumor\pituitary_Tr-pi_1349.jpg,train,tumor,pituitary,Training/pituitary/Tr-pi_1349.jpg,2f8138ad918e141d6f0a6a60cc0a70f1,512,512
data\binary\train\no_tumor\notumor_Tr-no_1194.jpg,train,no_tumor,notumor,Training/notumor/Tr-no_1194.jpg,8dc28bba49492130fcb66efc2bccabb8,236,218
data\binary\train\no_tumor\notumor_Tr-no_9.jpg,train,no_tumor,notumor,Training/notumor/Tr-no_9.jpg,4f9f3c5d72d4a0006a13851a5a8de18b,225,225
data\binary\train\tumor\glioma_Tr-gl_268.jpg,train,tumor,glioma,Training/glioma/Tr-gl_268.jpg,f61b0d23ae22acdad0b49da79a9fde9c,512,512
data\binary\train\tumor\glioma_Tr-gl_660.jpg,train,tumor,glioma,Training/glioma/Tr-gl_660.jpg,1776fcead93ab7ca56ade07eaa5b0e56,512,512
data\binary\train\no_tumor\notumor_Tr-no_477.jpg,train,no_tumor,notumor,Training/notumor/Tr-no_477.jpg,cc88ab25460467b2fc861d470a28eaf8,468,444
data\binary\train\no_tumor\notumor_Tr-no_666.jpg,train,no_tumor,notumor,Training/notumor/Tr-no_666.jpg,fed0573128c8de227d47c0a84bdfe5ef,225,225
data\binary\train\no_tumor\notumor_Tr-no_1137.jpg,train,no_tumor,notumor,Training/notumor/Tr-no_1137.jpg,8a909281f484d7f483e57b05a187ce3a,630,630
data\binary\train\tumor\glioma_Tr-gl_1110.jpg,train,tumor,glioma,Training/glioma/Tr-gl_1110.jpg,d079a570963a23f138cebb8cdc7dd339,512,512
data\binary\train\tumor\glioma_Tr-gl_112.jpg,train,tumor,glioma,Training/glioma/Tr-gl_112.jpg,d29f4887fe50215d36757e2eed8df0ba,512,512
data\binary\train\tumor\pituitary_Tr-pi_32.jpg,train,tumor,pituitary,Training/pituitary/Tr-pi_32.jpg,4550acf419337d999e42a4252396d1e5,512,512
data\binary\train\tumor\pituitary_Tr-pi_1315.jpg,train,tumor,pituitary,Training/pituitary/Tr-pi_1315.jpg,713e72f5def40516e420799d1f079917,512,512
data\binary\train\tumor\glioma_Tr-gl_1355.jpg,train,tumor,glioma,Training/glioma/Tr-gl_1355.jpg,36059d7e66789e9e3618309ca3710916,512,512
data\binary\train\tumor\meningioma_Tr-me_1048.jpg,train,tumor,meningioma,Training/meningioma/Tr-me_1048.jpg,199778442234ae4e11ab0008e880e791,512,512
data\binary\train\tumor\glioma_Tr-gl_953.jpg,train,tumor,glioma,Training/glioma/Tr-gl_953.jpg,b68373b2c77116e5528d997a0f9a014a,512,512
data\binary\train\tumor\pituitary_Tr-pi_944.jpg,train,tumor,pituitary,Training/pituitary/Tr-pi_944.jpg,17ba9d78360c8322cc4750321b5ad657,512,512
data\binary\train\no_tumor\notumor_Tr-no_1076.jpg,train,no_tumor,notumor,Training/notumor/Tr-no_1076.jpg,5ec0a4d1695e240a8899ce9dd59c4b18,173,201
data\binary\train\tumor\pituitary_Tr-pi_786.jpg,train,tumor,pituitary,Training/pituitary/Tr-pi_786.jpg,ed0fc428e9a914919f20699333c5708e,512,512
data\binary\train\tumor\meningioma_Tr-me_213.jpg,train,tumor,meningioma,Training/meningioma/Tr-me_213.jpg,78f62cdc0cabf41e87fc0fe8d04e5fe4,512,512
data\binary\train\tumor\meningioma_Tr-me_305.jpg,train,tumor,meningioma,Training/meningioma/Tr-me_305.jpg,272bcba3e793827e1a8884497462f3ff,512,512
data\binary\train\no_tumor\notumor_Tr-no_520.jpg,train,no_tumor,notumor,Training/notumor/Tr-no_520.jpg,db91bc187f17cccca2c4611a600dd5e7,201,249
data\binary\train\no_tumor\notumor_Tr-no_498.jpg,train,no_tumor,notumor,Training/notumor/Tr-no_498.jpg,4e09361579944ee7a4fafe0d5dab3993,350,393
data\binary\train\no_tumor\notumor_Tr-no_147.jpg,train,no_tumor,notumor,Training/notumor/Tr-no_147.jpg,7a56fd2c3caa55b420014c3de8cf6ff4,236,236
data\binary\train\tumor\meningioma_Tr-me_156.jpg,train,tumor,meningioma,Training/meningioma/Tr-me_156.jpg,03fc864ad45448663c694459c90d9920,512,512
data\binary\train\no_tumor\notumor_Tr-no_1191.jpg,train,no_tumor,notumor,Training/notumor/Tr-no_1191.jpg,e39f8daee702d6e0fb4d5f527389f8d8,359,449
data\binary\train\tumor\pituitary_Tr-pi_993.jpg,train,tumor,pituitary,Training/pituitary/Tr-pi_993.jpg,a83fda99427ba217a7df079b2a19fe26,512,512
data\binary\train\tumor\meningioma_Tr-me_993.jpg,train,tumor,meningioma,Training/meningioma/Tr-me_993.jpg,0e0352bcd4068e67ede8211c4038f40d,512,512
data\binary\train\no_tumor\notumor_Tr-no_1005.jpg,train,no_tumor,notumor,Training/notumor/Tr-no_1005.jpg,d5180720dbf1ec107cfdd516465fdafb,275,183
data\binary\train\tumor\pituitary_Tr-pi_22.jpg,train,tumor,pituitary,Training/pituitary/Tr-pi_22.jpg,44cf3c71e3d371ef39e32dffd82054f5,512,512
data\binary\train\tumor\meningioma_Tr-me_1086.jpg,train,tumor,meningioma,Training/meningioma/Tr-me_1086.jpg,9d43719918dc739b1616b2081514ebad,512,512
data\binary\train\no_tumor\notumor_Tr-no_1163.jpg,train,no_tumor,notumor,Training/notumor/Tr-no_1163.jpg,b54c67b82cb0a10a167e57fdfaa0fd56,201,251
data\binary\train\tumor\meningioma_Tr-me_1269.jpg,train,tumor,meningioma,Training/meningioma/Tr-me_1269.jpg,1d1083d330e10a5e2dc8e934511a7287,512,512
data\binary\train\no_tumor\notumor_Tr-no_171.jpg,train,no_tumor,notumor,Training/notumor/Tr-no_171.jpg,7fc051b5ca96c1f324e74abad857a992,275,301
data\binary\train\tumor\pituitary_Tr-pi_636.jpg,train,tumor,pituitary,Training/pituitary/Tr-pi_636.jpg,1273412fc8e41c12fd9a7d323ba9b895,512,512
data\binary\train\tumor\pituitary_Tr-pi_989.jpg,train,tumor,pituitary,Training/pituitary/Tr-pi_989.jpg,abaa02f293f815152b173af89192d084,512,512
data\binary\train\tumor\glioma_Tr-gl_1259.jpg,train,tumor,glioma,Training/glioma/Tr-gl_1259.jpg,9c577c82a52864f87cb286d8762ba4e3,512,512
data\binary\train\tumor\pituitary_Tr-pi_1324.jpg,train,tumor,pituitary,Training/pituitary/Tr-pi_1324.jpg,70a2740360e80ede53783e7c66995956,512,512
data\binary\train\no_tumor\notumor_Tr-no_999.jpg,train,no_tumor,notumor,Training/notumor/Tr-no_999.jpg,91bb85714d6a2a14f500b96ac52f7a76,441,442
data\binary\train\no_tumor\notumor_Tr-no_1219.jpg,train,no_tumor,notumor,Training/notumor/Tr-no_1219.jpg,b4a241bb7743803e32b2a74348aa2d21,350,350
data\binary\train\tumor\glioma_Tr-gl_107.jpg,train,tumor,glioma,Training/glioma/Tr-gl_107.jpg,6dff7dfebc3da48b65a287808a2c49cc,512,512
data\binary\train\tumor\meningioma_Tr-me_890.jpg,train,tumor,meningioma,Training/meningioma/Tr-me_890.jpg,c5f31eda43da97e46ac62d722d70079e,512,512
data\binary\train\tumor\pituitary_Tr-pi_503.jpg,train,tumor,pituitary,Training/pituitary/Tr-pi_503.jpg,4da9dff624893273e3f9395a3704e8b6,512,512
data\binary\train\tumor\glioma_Tr-gl_1340.jpg,train,tumor,glioma,Training/glioma/Tr-gl_1340.jpg,4ecd2111ff544dbfc6f66e3581e33bdc,512,512
data\binary\train\tumor\pituitary_Tr-pi_302.jpg,train,tumor,pituitary,Training/pituitary/Tr-pi_302.jpg,c70d2b7ad5446536ef55d4cbe26e2cc0,512,512
data\binary\train\tumor\pituitary_Tr-pi_44.jpg,train,tumor,pituitary,Training/pituitary/Tr-pi_44.jpg,8d26b784ed5c893df60ffe0f553d349c,512,512
data\binary\train\tumor\glioma_Tr-gl_194.jpg,train,tumor,glioma,Training/glioma/Tr-gl_194.jpg,90f2c26e668b9575ce62f2399d696b85,512,512
data\binary\train\tumor\pituitary_Tr-pi_952.jpg,train,tumor,pituitary,Training/pituitary/Tr-pi_952.jpg,9fb0bba1d0797383a40a1cb85f912eca,512,512
data\binary\train\no_tumor\notumor_Tr-no_1160.jpg,train,no_tumor,notumor,Training/notumor/Tr-no_1160.jpg,37fc92773f176bc7552b147b56889ebf,236,236
data\binary\train\no_tumor\notumor_Tr-no_289.jpg,train,no_tumor,notumor,Training/notumor/Tr-no_289.jpg,7113642c23bc3e0e49a77a0e7d14ca71,236,223
data\binary\train\tumor\glioma_Tr-gl_443.jpg,train,tumor,glioma,Training/glioma/Tr-gl_443.jpg,03b4852c3db9b34b4a375bf718bd16bc,512,512
data\binary\train\tumor\meningioma_Tr-aug-me_68.jpg,train,tumor,meningioma,Training/meningioma/Tr-aug-me_68.jpg,f66d78c24135cc09a8846318866b0ac6,512,512
data\binary\train\tumor\meningioma_Tr-me_1108.jpg,train,tumor,meningioma,Training/meningioma/Tr-me_1108.jpg,45352dd148bd37ca25f8050c6e374825,512,512
data\binary\train\tumor\pituitary_Tr-pi_840.jpg,train,tumor,pituitary,Training/pituitary/Tr-pi_840.jpg,219b727f2692be95fa91165320ad7fca,512,512
data\binary\train\tumor\pituitary_Tr-pi_172.jpg,train,tumor,pituitary,Training/pituitary/Tr-pi_172.jpg,acc3c2f5eaf8e7cbe6a6c0449d943980,512,512
data\binary\train\tumor\pituitary_Tr-pi_701.jpg,train,tumor,pituitary,Training/pituitary/Tr-pi_701.jpg,e28a54ecbf0e916f52f6aae22f9067e4,512,512
data\binary\train\tumor\glioma_Tr-gl_945.jpg,train,tumor,glioma,Training/glioma/Tr-gl_945.jpg,aeb86e1ccd03c18364655b03526405f0,512,512
data\binary\train\tumor\meningioma_Tr-me_437.jpg,train,tumor,meningioma,Training/meningioma/Tr-me_437.jpg,d357e7dfe4d18bdcc1f7a745e9e84549,442,442
data\binary\train\tumor\pituitary_Tr-pi_1083.jpg,train,tumor,pituitary,Training/pituitary/Tr-pi_1083.jpg,2489f4d345d74b1d0fb6bea606f7398b,256,256
data\binary\train\tumor\glioma_Tr-gl_493.jpg,train,tumor,glioma,Training/glioma/Tr-gl_493.jpg,a727f5ca916d9cf8305c88789d2d577b,512,512
data\binary\train\tumor\pituitary_Tr-pi_744.jpg,train,tumor,pituitary,Training/pituitary/Tr-pi_744.jpg,0d2fa8c45560e8bbee05d96cf6ceece2,512,512
data\binary\train\tumor\glioma_Tr-gl_667.jpg,train,tumor,glioma,Training/glioma/Tr-gl_667.jpg,eca977163cf264858263f93b2958f40a,512,512
data\binary\train\tumor\pituitary_Tr-pi_1081.jpg,train,tumor,pituitary,Training/pituitary/Tr-pi_1081.jpg,eee79ac24870ea7c90291641c417ccc3,512,512
data\binary\train\tumor\pituitary_Tr-pi_312.jpg,train,tumor,pituitary,Training/pituitary/Tr-pi_312.jpg,fc47a0a1a724933a6e5d40ea77cb374c,512,512
data\binary\train\tumor\pituitary_Tr-pi_1391.jpg,train,tumor,pituitary,Training/pituitary/Tr-pi_1391.jpg,ee11f39a228895c65ab223f65430a429,512,512
data\binary\train\tumor\meningioma_Tr-me_93.jpg,train,tumor,meningioma,Training/meningioma/Tr-me_93.jpg,70751b3d5d2b6b6d36f0b70f6e2d7e9c,512,512
data\binary\train\tumor\pituitary_Tr-pi_934.jpg,train,tumor,pituitary,Training/pituitary/Tr-pi_934.jpg,a16d10cfe6a2858eb3485545c5f4738b,512,512
data\binary\train\tumor\pituitary_Tr-pi_361.jpg,train,tumor,pituitary,Training/pituitary/Tr-pi_361.jpg,48db2d6b342c86bcf16e975850015b65,512,512
data\binary\train\tumor\pituitary_Tr-pi_1356.jpg,train,tumor,pituitary,Training/pituitary/Tr-pi_1356.jpg,86321ad2ba388cebc8433ee0f7de96f4,512,512
data\binary\train\tumor\glioma_Tr-gl_1150.jpg,train,tumor,glioma,Training/glioma/Tr-gl_1150.jpg,cb258005d71a3615a5da2bb2e0c7b9a8,512,512
data\binary\train\tumor\glioma_Tr-gl_447.jpg,train,tumor,glioma,Training/glioma/Tr-gl_447.jpg,69c0b4f6e68a719dc0a9b92964b1753c,512,512
data\binary\train\no_tumor\notumor_Tr-no_724.jpg,train,no_tumor,notumor,Training/notumor/Tr-no_724.jpg,a5fa193e04bf0085cb4be9983d3292a2,356,474
data\binary\train\tumor\glioma_Tr-gl_16.jpg,train,tumor,glioma,Training/glioma/Tr-gl_16.jpg,dd00fb26e6e10f907c94cc1a19c4c765,512,512
data\binary\train\no_tumor\notumor_Tr-no_295.jpg,train,no_tumor,notumor,Training/notumor/Tr-no_295.jpg,73365480e18936285cece3d5392eaf56,350,350
data\binary\train\tumor\meningioma_Tr-me_745.jpg,train,tumor,meningioma,Training/meningioma/Tr-me_745.jpg,1d8b60b23a7160ebb783498b5a4a9b08,512,512
data\binary\train\no_tumor\notumor_Tr-no_393.jpg,train,no_tumor,notumor,Training/notumor/Tr-no_393.jpg,f64f067011c779dff68960c26256d8c8,441,442
data\binary\train\no_tumor\notumor_Tr-no_174.jpg,train,no_tumor,notumor,Training/notumor/Tr-no_174.jpg,7269784311c0416571c63e4f7b433e2a,236,315
data\binary\train\tumor\glioma_Tr-gl_1384.jpg,train,tumor,glioma,Training/glioma/Tr-gl_1384.jpg,7a77d839f2d7789cd5e44c8447267c08,512,512
data\binary\train\tumor\glioma_Tr-gl_940.jpg,train,tumor,glioma,Training/glioma/Tr-gl_940.jpg,a5711ec7306af0b6bfde69e7e017b52a,512,512
data\binary\train\no_tumor\notumor_Tr-no_1087.jpg,train,no_tumor,notumor,Training/notumor/Tr-no_1087.jpg,96d7ae146f09be6eddec50a0380516ea,232,217
data\binary\train\tumor\glioma_Tr-gl_1036.jpg,train,tumor,glioma,Training/glioma/Tr-gl_1036.jpg,6d5f60d8603024d508baacc864dea41a,512,512
data\binary\train\tumor\glioma_Tr-gl_358.jpg,train,tumor,glioma,Training/glioma/Tr-gl_358.jpg,e6d23aa286ee92eff4fef4b7deb2c252,512,512
data\binary\train\tumor\glioma_Tr-gl_1211.jpg,train,tumor,glioma,Training/glioma/Tr-gl_1211.jpg,a281d8ebc216ebddfa5424ee7c93dc7b,512,512
data\binary\train\tumor\meningioma_Tr-me_595.jpg,train,tumor,meningioma,Training/meningioma/Tr-me_595.jpg,0313103e9d33dbd9f14f60d821a088ac,512,512
data\binary\train\tumor\glioma_Tr-gl_519.jpg,train,tumor,glioma,Training/glioma/Tr-gl_519.jpg,06a1fc423d9b24873251dfd2ff3920a9,512,512
data\binary\train\no_tumor\notumor_Tr-no_881.jpg,train,no_tumor,notumor,Training/notumor/Tr-no_881.jpg,6aadfc1096d5bb51018f06e7b1023404,278,280
data\binary\train\tumor\glioma_Tr-gl_1316.jpg,train,tumor,glioma,Training/glioma/Tr-gl_1316.jpg,8e97f16b088be045a1961b323d6d9132,512,512
data\binary\train\tumor\pituitary_Tr-pi_421.jpg,train,tumor,pituitary,Training/pituitary/Tr-pi_421.jpg,71572a67de35fe0bef53f017d377ac20,512,512
data\binary\train\tumor\glioma_Tr-gl_328.jpg,train,tumor,glioma,Training/glioma/Tr-gl_328.jpg,6e3e64e05fb6547bf6efd7137672e005,512,512
data\binary\train\tumor\meningioma_Tr-me_284.jpg,train,tumor,meningioma,Training/meningioma/Tr-me_284.jpg,828ae69926750692186d61e5a959f192,512,512
data\binary\train\tumor\pituitary_Tr-pi_389.jpg,train,tumor,pituitary,Training/pituitary/Tr-pi_389.jpg,2808db8b635af63f6c1d8fbb10930823,512,512
data\binary\train\tumor\glioma_Tr-gl_1330.jpg,train,tumor,glioma,Training/glioma/Tr-gl_1330.jpg,609a73a8fb8c93d7cb2b353a5a165c21,512,512
data\binary\train\no_tumor\notumor_Tr-no_1095.jpg,train,no_tumor,notumor,Training/notumor/Tr-no_1095.jpg,ebd0a54a7b151a9578e4c27c595caffa,207,243
data\binary\train\no_tumor\notumor_Tr-no_1299.jpg,train,no_tumor,notumor,Training/notumor/Tr-no_1299.jpg,b79b9a9f09f4a35922edbdd3afe2dbde,173,201
data\binary\train\tumor\meningioma_Tr-me_340.jpg,train,tumor,meningioma,Training/meningioma/Tr-me_340.jpg,b033fd3e468a87072d304e7624a53bb3,512,512
data\binary\train\tumor\meningioma_Tr-me_1151.jpg,train,tumor,meningioma,Training/meningioma/Tr-me_1151.jpg,5fe3e5344873bf0ad0ac29b6df1dc13c,512,512
data\binary\train\tumor\meningioma_Tr-me_218.jpg,train,tumor,meningioma,Training/meningioma/Tr-me_218.jpg,7563ebb4b113a45ebd0d9cdd2083b182,512,512
data\binary\train\tumor\meningioma_Tr-me_52.jpg,train,tumor,meningioma,Training/meningioma/Tr-me_52.jpg,5e83a717547a6ca6d93fceec38fa5895,304,410
data\binary\train\tumor\glioma_Tr-gl_1223.jpg,train,tumor,glioma,Training/glioma/Tr-gl_1223.jpg,903ca7ce94f5a2e8f4ad116f209863fa,512,512
data\binary\train\tumor\glioma_Tr-gl_698.jpg,train,tumor,glioma,Training/glioma/Tr-gl_698.jpg,8c87b3e5ae3a10e1f4d8b1fd3adf419d,512,512
data\binary\train\tumor\glioma_Tr-gl_498.jpg,train,tumor,glioma,Training/glioma/Tr-gl_498.jpg,6d7f39c87a8eb5bfedb34cf22d6c94f7,512,512
data\binary\train\tumor\glioma_Tr-gl_294.jpg,train,tumor,glioma,Training/glioma/Tr-gl_294.jpg,fe4332eb8fe796dd7b57ac0fb141c0ac,512,512
data\binary\train\tumor\meningioma_Tr-me_1126.jpg,train,tumor,meningioma,Training/meningioma/Tr-me_1126.jpg,3decff42d87a22f76d652d6568102607,512,512
data\binary\train\tumor\pituitary_Tr-pi_419.jpg,train,tumor,pituitary,Training/pituitary/Tr-pi_419.jpg,83cdd03ee7c6099a46872262d60a0dfb,512,512
data\binary\train\tumor\pituitary_Tr-pi_169.jpg,train,tumor,pituitary,Training/pituitary/Tr-pi_169.jpg,c3c37ee6ba2f664a518ad9ae2291facd,512,512
data\binary\train\tumor\pituitary_Tr-pi_1254.jpg,train,tumor,pituitary,Training/pituitary/Tr-pi_1254.jpg,9e171efdffb9871035ac888bdb3f7135,512,512
data\binary\train\tumor\pituitary_Tr-pi_323.jpg,train,tumor,pituitary,Training/pituitary/Tr-pi_323.jpg,4d2417fd4e72a5e5869d4fc0080790ef,512,512
data\binary\train\tumor\pituitary_Tr-pi_288.jpg,train,tumor,pituitary,Training/pituitary/Tr-pi_288.jpg,a160dbccc1838ad87b9a3499caa659d7,512,512
data\binary\train\tumor\glioma_Tr-gl_19.jpg,train,tumor,glioma,Training/glioma/Tr-gl_19.jpg,301b242b5e4190c52a9dc5ace4cafe7a,512,512
data\binary\train\tumor\glioma_Tr-gl_337.jpg,train,tumor,glioma,Training/glioma/Tr-gl_337.jpg,41f32dca8637b99f5012ea331c4844a9,512,512
data\binary\train\tumor\pituitary_Tr-pi_1255.jpg,train,tumor,pituitary,Training/pituitary/Tr-pi_1255.jpg,b980897dd4138c128b7687d11ae4dcd9,512,512
data\binary\train\tumor\meningioma_Tr-me_1196.jpg,train,tumor,meningioma,Training/meningioma/Tr-me_1196.jpg,76cbefd473210a7cfeea992197507b7b,512,512
data\binary\train\no_tumor\notumor_Tr-no_227.jpg,train,no_tumor,notumor,Training/notumor/Tr-no_227.jpg,285db1c9a5fbb4fb570b51385f02566e,201,251
data\binary\train\tumor\glioma_Tr-gl_491.jpg,train,tumor,glioma,Training/glioma/Tr-gl_491.jpg,d8b35e09ba112639e0bf90297d359e70,512,512
data\binary\train\tumor\glioma_Tr-gl_543.jpg,train,tumor,glioma,Training/glioma/Tr-gl_543.jpg,dbe819ac5ba9a9461535e3e7d5f5b1af,512,512
data\binary\train\tumor\glioma_Tr-gl_57.jpg,train,tumor,glioma,Training/glioma/Tr-gl_57.jpg,1d676fcead28c5262678b6c833368d06,512,512
data\binary\train\tumor\meningioma_Tr-me_171.jpg,train,tumor,meningioma,Training/meningioma/Tr-me_171.jpg,e1780d3f4b6f35de601a61cbf81ff485,512,512
data\binary\train\tumor\pituitary_Tr-pi_817.jpg,train,tumor,pituitary,Training/pituitary/Tr-pi_817.jpg,1d13eced905137ef5045ca425e46049d,512,512
data\binary\train\tumor\glioma_Tr-gl_51.jpg,train,tumor,glioma,Training/glioma/Tr-gl_51.jpg,83d3f45ce3aa66793159fe843428cfdb,512,512
data\binary\train\tumor\glioma_Tr-gl_962.jpg,train,tumor,glioma,Training/glioma/Tr-gl_962.jpg,e33295eb392b9008173f8b222dea114f,512,512
data\binary\train\tumor\glioma_Tr-gl_100.jpg,train,tumor,glioma,Training/glioma/Tr-gl_100.jpg,8b18dbadbcf736badd7726203dc9dbd3,512,512
data\binary\train\tumor\pituitary_Tr-pi_1400.jpg,train,tumor,pituitary,Training/pituitary/Tr-pi_1400.jpg,8cfd271014f3d46319faf6ed0e174ad2,512,512
data\binary\train\tumor\meningioma_Tr-me_647.jpg,train,tumor,meningioma,Training/meningioma/Tr-me_647.jpg,c12a70274eaf08c1784a28b65cca7935,512,512
data\binary\train\tumor\glioma_Tr-gl_264.jpg,train,tumor,glioma,Training/glioma/Tr-gl_264.jpg,30ab227e06e39644f1f4534a67c22b46,512,512
data\binary\train\tumor\pituitary_Tr-pi_1093.jpg,train,tumor,pituitary,Training/pituitary/Tr-pi_1093.jpg,4cd9853ade7413ad6ba61871b07746e4,512,512
data\binary\train\no_tumor\notumor_Tr-no_1075.jpg,train,no_tumor,notumor,Training/notumor/Tr-no_1075.jpg,8c081a6eefc508c837325b8c6f57a854,468,444
data\binary\train\tumor\pituitary_Tr-pi_1194.jpg,train,tumor,pituitary,Training/pituitary/Tr-pi_1194.jpg,8b5fc172c1c3078f4e4225059116e480,512,512
data\binary\train\tumor\glioma_Tr-gl_1097.jpg,train,tumor,glioma,Training/glioma/Tr-gl_1097.jpg,60af150adbf5164fb54afcf8e19dd691,512,512
data\binary\train\tumor\meningioma_Tr-me_265.jpg,train,tumor,meningioma,Training/meningioma/Tr-me_265.jpg,c21da5030f6d12b4cb29b7057a48f38e,512,512
data\binary\train\tumor\pituitary_Tr-pi_990.jpg,train,tumor,pituitary,Training/pituitary/Tr-pi_990.jpg,93313d0c290f1e00bf9726e8fe3be1c1,512,512
data\binary\train\tumor\pituitary_Tr-pi_638.jpg,train,tumor,pituitary,Training/pituitary/Tr-pi_638.jpg,56e9dffc02def2130816ac3c657bc5ea,512,512
data\binary\train\tumor\pituitary_Tr-pi_577.jpg,train,tumor,pituitary,Training/pituitary/Tr-pi_577.jpg,6e8e7f1bc4a300e142c757422d824cb7,512,512
data\binary\train\no_tumor\notumor_Tr-no_1258.jpg,train,no_tumor,notumor,Training/notumor/Tr-no_1258.jpg,1deebdea5d1919a17a631a398bfc3d15,228,221
data\binary\train\no_tumor\notumor_Tr-no_691.jpg,train,no_tumor,notumor,Training/notumor/Tr-no_691.jpg,ced356e9bb609f155546485ff59bff87,150,198
data\binary\train\tumor\pituitary_Tr-pi_1227.jpg,train,tumor,pituitary,Training/pituitary/Tr-pi_1227.jpg,774c8e7d4deabb3ad1c7447443bc924a,512,512
data\binary\train\tumor\pituitary_Tr-pi_93.jpg,train,tumor,pituitary,Training/pituitary/Tr-pi_93.jpg,b3afddf36580f6f20f457a539e67c9c0,512,512
data\binary\train\no_tumor\notumor_Tr-no_264.jpg,train,no_tumor,notumor,Training/notumor/Tr-no_264.jpg,c729e8808b45042814fe1676fb3b2fa0,206,244
data\binary\train\tumor\glioma_Tr-gl_283.jpg,train,tumor,glioma,Training/glioma/Tr-gl_283.jpg,9018c43adee3e5bd7313754283984b52,512,512
data\binary\train\no_tumor\notumor_Tr-no_1094.jpg,train,no_tumor,notumor,Training/notumor/Tr-no_1094.jpg,199b5715e63bba59cddef602cefe739b,230,282
data\binary\train\tumor\meningioma_Tr-me_458.jpg,train,tumor,meningioma,Training/meningioma/Tr-me_458.jpg,bcfe5da82e0e26fa012aee044c72752c,554,554
data\binary\train\tumor\glioma_Tr-gl_1310.jpg,train,tumor,glioma,Training/glioma/Tr-gl_1310.jpg,b9e15def954a04f4399c9e2227411a47,512,512
data\binary\train\tumor\meningioma_Tr-me_1075.jpg,train,tumor,meningioma,Training/meningioma/Tr-me_1075.jpg,aa560d32693ec5bb2f88ef204f8fc617,512,512
data\binary\train\tumor\meningioma_Tr-me_252.jpg,train,tumor,meningioma,Training/meningioma/Tr-me_252.jpg,ab5fa4af54b622d0d87635a6aef6ed54,512,512
data\binary\train\tumor\glioma_Tr-gl_871.jpg,train,tumor,glioma,Training/glioma/Tr-gl_871.jpg,a38addebbd729c4ff182d4462d673188,512,512
data\binary\train\tumor\glioma_Tr-gl_1090.jpg,train,tumor,glioma,Training/glioma/Tr-gl_1090.jpg,9446de46943621a8238045be3b9f580b,512,512
data\binary\train\tumor\meningioma_Tr-me_443.jpg,train,tumor,meningioma,Training/meningioma/Tr-me_443.jpg,b4a6536acff27776b659ad9e416ed001,512,512
data\binary\train\tumor\pituitary_Tr-pi_933.jpg,train,tumor,pituitary,Training/pituitary/Tr-pi_933.jpg,7f8ad70d50a834f82e87df33e21ae91e,512,512
data\binary\train\tumor\pituitary_Tr-pi_1137.jpg,train,tumor,pituitary,Training/pituitary/Tr-pi_1137.jpg,71abccca2578f56750cee50239c733fe,512,512
data\binary\train\tumor\pituitary_Tr-pi_371.jpg,train,tumor,pituitary,Training/pituitary/Tr-pi_371.jpg,b04a09cadc733a4e9a8adc29c190cd06,512,512
data\binary\train\no_tumor\notumor_Tr-no_791.jpg,train,no_tumor,notumor,Training/notumor/Tr-no_791.jpg,c9248433974e6cd8f6a9203e8a9d080e,227,262
data\binary\train\tumor\glioma_Tr-gl_365.jpg,train,tumor,glioma,Training/glioma/Tr-gl_365.jpg,c7b81293757b3ae08a90537c1d3d4158,512,512
data\binary\train\tumor\pituitary_Tr-pi_1214.jpg,train,tumor,pituitary,Training/pituitary/Tr-pi_1214.jpg,4570e8d9aa6f530cb2f977ee49749a86,512,512
data\binary\train\no_tumor\notumor_Tr-no_1214.jpg,train,no_tumor,notumor,Training/notumor/Tr-no_1214.jpg,fd432879a153929aa8c5947e2c24a5a4,212,238
data\binary\train\tumor\pituitary_Tr-pi_253.jpg,train,tumor,pituitary,Training/pituitary/Tr-pi_253.jpg,9df81aa075888a21d23ee31a8af7996a,512,512
data\binary\train\tumor\pituitary_Tr-pi_1200.jpg,train,tumor,pituitary,Training/pituitary/Tr-pi_1200.jpg,43fbeaa509ce3c95205b6d4daa68eef2,512,512
data\binary\train\no_tumor\notumor_Tr-no_161.jpg,train,no_tumor,notumor,Training/notumor/Tr-no_161.jpg,3ae407bc3bbec019934caa81d8378af6,233,218
data\binary\train\tumor\pituitary_Tr-pi_1362.jpg,train,tumor,pituitary,Training/pituitary/Tr-pi_1362.jpg,5a3ed0178cd537afd525ba22dcc0f6b1,512,512
data\binary\train\tumor\pituitary_Tr-pi_1169.jpg,train,tumor,pituitary,Training/pituitary/Tr-pi_1169.jpg,8433ff764b2ae0023306a1d73657c950,512,512
data\binary\train\no_tumor\notumor_Tr-no_1334.jpg,train,no_tumor,notumor,Training/notumor/Tr-no_1334.jpg,86c4da692caccbe369acf7c886626083,600,605
data\binary\train\tumor\pituitary_Tr-pi_576.jpg,train,tumor,pituitary,Training/pituitary/Tr-pi_576.jpg,8f0af8faede97d57f2ac455ff8da7808,512,512
data\binary\train\no_tumor\notumor_Tr-no_830.jpg,train,no_tumor,notumor,Training/notumor/Tr-no_830.jpg,3f220aeb3a323cd85096cfbc7b57a9a4,235,214
data\binary\train\tumor\glioma_Tr-gl_900.jpg,train,tumor,glioma,Training/glioma/Tr-gl_900.jpg,5a4493883edceaa2f8c36a8487864e5b,512,512
data\binary\train\no_tumor\notumor_Tr-no_1354.jpg,train,no_tumor,notumor,Training/notumor/Tr-no_1354.jpg,161079c84cf9c4d249f1550b210ad227,225,225
data\binary\train\tumor\meningioma_Tr-me_530.jpg,train,tumor,meningioma,Training/meningioma/Tr-me_530.jpg,b77ae03ed117e3771edccacd35959ae4,323,342
data\binary\train\no_tumor\notumor_Tr-no_110.jpg,train,no_tumor,notumor,Training/notumor/Tr-no_110.jpg,b000d920d1e9818a825f08d847e47349,275,183
data\binary\train\tumor\pituitary_Tr-pi_1234.jpg,train,tumor,pituitary,Training/pituitary/Tr-pi_1234.jpg,b8c85b14132cc6bb74a4202a5a31e84e,512,512
data\binary\train\no_tumor\notumor_Tr-no_409.jpg,train,no_tumor,notumor,Training/notumor/Tr-no_409.jpg,39d48a336c87df30be64734d51349f26,504,540
data\binary\train\tumor\meningioma_Tr-me_447.jpg,train,tumor,meningioma,Training/meningioma/Tr-me_447.jpg,d5465d66d69a23b0ecc7eb9f7c49088f,512,512
data\binary\train\tumor\meningioma_Tr-me_1009.jpg,train,tumor,meningioma,Training/meningioma/Tr-me_1009.jpg,835eee88b4ad1469a51373aa4fae7d54,512,512
data\binary\train\tumor\glioma_Tr-gl_762.jpg,train,tumor,glioma,Training/glioma/Tr-gl_762.jpg,64c550d5945cbf07df361c97441bb349,512,512
data\binary\train\no_tumor\notumor_Tr-no_1338.jpg,train,no_tumor,notumor,Training/notumor/Tr-no_1338.jpg,a0b2a6412030b6411ec641b64883e854,428,417
data\binary\train\tumor\glioma_Tr-gl_845.jpg,train,tumor,glioma,Training/glioma/Tr-gl_845.jpg,8d60a7a1b074ef370aea057b72feca03,512,512
data\binary\train\tumor\meningioma_Tr-me_775.jpg,train,tumor,meningioma,Training/meningioma/Tr-me_775.jpg,55017da461f5dbb04c2d84b3955c5bae,512,512
data\binary\train\tumor\pituitary_Tr-pi_758.jpg,train,tumor,pituitary,Training/pituitary/Tr-pi_758.jpg,b93ba017a9364ba21423ddd7642cd2d6,512,512
data\binary\train\tumor\pituitary_Tr-pi_1271.jpg,train,tumor,pituitary,Training/pituitary/Tr-pi_1271.jpg,d5a210261423873d4be958591be48251,512,512
data\binary\train\tumor\meningioma_Tr-me_1053.jpg,train,tumor,meningioma,Training/meningioma/Tr-me_1053.jpg,df350b04020f5e094079cedb709551ab,512,512
data\binary\train\no_tumor\notumor_Tr-no_685.jpg,train,no_tumor,notumor,Training/notumor/Tr-no_685.jpg,04347bfccc09152a499900527e177062,225,225
data\binary\train\tumor\glioma_Tr-gl_951.jpg,train,tumor,glioma,Training/glioma/Tr-gl_951.jpg,8caffa58a9d8b21fa1a160baff52a8f1,512,512
data\binary\train\no_tumor\notumor_Tr-no_1298.jpg,train,no_tumor,notumor,Training/notumor/Tr-no_1298.jpg,eb3ccb11fd49250218e47830e8f58773,225,225
data\binary\train\tumor\meningioma_Tr-me_290.jpg,train,tumor,meningioma,Training/meningioma/Tr-me_290.jpg,90d4463f41db3a528987535ff7ac7af3,512,512
data\binary\train\tumor\pituitary_Tr-pi_754.jpg,train,tumor,pituitary,Training/pituitary/Tr-pi_754.jpg,15daec28c8022ae3fd60e298ed429e77,512,512
data\binary\train\tumor\glioma_Tr-gl_1218.jpg,train,tumor,glioma,Training/glioma/Tr-gl_1218.jpg,7ca97e505b5abb783fe7fd0be6560f11,512,512
data\binary\train\tumor\pituitary_Tr-pi_1055.jpg,train,tumor,pituitary,Training/pituitary/Tr-pi_1055.jpg,d84cc8568e68c28f9d3058dde9e77335,512,512
data\binary\train\no_tumor\notumor_Tr-no_1044.jpg,train,no_tumor,notumor,Training/notumor/Tr-no_1044.jpg,b2a2933353e1402ccd483b478a700a9e,201,250
data\binary\train\tumor\glioma_Tr-gl_120.jpg,train,tumor,glioma,Training/glioma/Tr-gl_120.jpg,32b6136841d775fdacbb513eca71b8ce,512,512
data\binary\train\tumor\pituitary_Tr-pi_1105.jpg,train,tumor,pituitary,Training/pituitary/Tr-pi_1105.jpg,e40e05421046f55200f7b45f0fb7926d,512,512
data\binary\train\tumor\glioma_Tr-gl_1275.jpg,train,tumor,glioma,Training/glioma/Tr-gl_1275.jpg,3f079bb38371da9389d41017ef0308ef,512,512
data\binary\train\tumor\glioma_Tr-gl_290.jpg,train,tumor,glioma,Training/glioma/Tr-gl_290.jpg,a32b7907583b7c755f1e75cacc4e7c6d,512,512
data\binary\train\tumor\pituitary_Tr-pi_1047.jpg,train,tumor,pituitary,Training/pituitary/Tr-pi_1047.jpg,12cb0aea4d0f4c93ffc3b2399eac1f7a,512,512
data\binary\train\tumor\pituitary_Tr-pi_498.jpg,train,tumor,pituitary,Training/pituitary/Tr-pi_498.jpg,85b8b6b9be8e8bcab24e171e92a206aa,512,512
data\binary\train\no_tumor\notumor_Tr-no_978.jpg,train,no_tumor,notumor,Training/notumor/Tr-no_978.jpg,822450ec762df8937bb87461d0ad34fa,227,213
data\binary\train\tumor\meningioma_Tr-me_1199.jpg,train,tumor,meningioma,Training/meningioma/Tr-me_1199.jpg,06528b98365a4ef5ee94e4e20b39dfaf,512,512
data\binary\train\tumor\glioma_Tr-gl_1382.jpg,train,tumor,glioma,Training/glioma/Tr-gl_1382.jpg,d40757ff7be6e584ab10a3415aa5f80b,512,512
data\binary\train\tumor\meningioma_Tr-me_75.jpg,train,tumor,meningioma,Training/meningioma/Tr-me_75.jpg,53711b8dd8df01042a9bc841bcc732a6,512,512
data\binary\train\tumor\glioma_Tr-gl_442.jpg,train,tumor,glioma,Training/glioma/Tr-gl_442.jpg,e2078f1e52b7216e431dddc5e0536588,512,512
data\binary\train\tumor\meningioma_Tr-me_94.jpg,train,tumor,meningioma,Training/meningioma/Tr-me_94.jpg,9e9e351bffc4d6aa8946e71c565c6f34,512,512
data\binary\train\tumor\meningioma_Tr-me_682.jpg,train,tumor,meningioma,Training/meningioma/Tr-me_682.jpg,ebc76c2c5a78f8c6b8dc64a27448c5df,512,512
data\binary\train\tumor\pituitary_Tr-pi_3.jpg,train,tumor,pituitary,Training/pituitary/Tr-pi_3.jpg,9ea04788481fa8ba52a2bc690b3a2ef8,512,512
data\binary\train\tumor\pituitary_Tr-pi_1040.jpg,train,tumor,pituitary,Training/pituitary/Tr-pi_1040.jpg,d5c87b2ae7fe46125f6c4dd8569d40fc,512,512
data\binary\train\no_tumor\notumor_Tr-no_1007.jpg,train,no_tumor,notumor,Training/notumor/Tr-no_1007.jpg,056c441f0ad2f5082498978968e3bf82,528,528
data\binary\train\tumor\meningioma_Tr-me_923.jpg,train,tumor,meningioma,Training/meningioma/Tr-me_923.jpg,a4222cc28f59ae2e43cbbf2b5fcf1da8,512,512
data\binary\train\tumor\pituitary_Tr-pi_615.jpg,train,tumor,pituitary,Training/pituitary/Tr-pi_615.jpg,3d9aad2ddf5eef8bbc1dfa939d221ff3,512,512
data\binary\train\tumor\meningioma_Tr-me_714.jpg,train,tumor,meningioma,Training/meningioma/Tr-me_714.jpg,f2fda57f000c42ab14bb61db2346ea34,554,554
data\binary\train\tumor\meningioma_Tr-me_72.jpg,train,tumor,meningioma,Training/meningioma/Tr-me_72.jpg,14f6f239eafc9268b3e906580ec2ed71,512,512
data\binary\train\tumor\glioma_Tr-gl_469.jpg,train,tumor,glioma,Training/glioma/Tr-gl_469.jpg,8d7496655ad939a2ca422924672076a9,512,512
data\binary\train\tumor\meningioma_Tr-me_1041.jpg,train,tumor,meningioma,Training/meningioma/Tr-me_1041.jpg,2d40646c149ed74214416c0fe5b362c0,512,512
data\binary\train\tumor\pituitary_Tr-pi_218.jpg,train,tumor,pituitary,Training/pituitary/Tr-pi_218.jpg,a05ee920e6e590233c619559104b154c,512,512
data\binary\train\no_tumor\notumor_Tr-no_202.jpg,train,no_tumor,notumor,Training/notumor/Tr-no_202.jpg,bc46a4280b8c2bc358594578bfbdc8c5,276,326
data\binary\train\tumor\pituitary_Tr-pi_40.jpg,train,tumor,pituitary,Training/pituitary/Tr-pi_40.jpg,8e9152203a667eb1cc73b1f991085a51,512,512
data\binary\train\no_tumor\notumor_Tr-no_602.jpg,train,no_tumor,notumor,Training/notumor/Tr-no_602.jpg,5fd8acdb98186c9228d203a286dd4caf,225,225
data\binary\train\tumor\meningioma_Tr-me_574.jpg,train,tumor,meningioma,Training/meningioma/Tr-me_574.jpg,4b23c0dd5287a60948d10d31f5463eee,512,512
data\binary\train\tumor\meningioma_Tr-me_1244.jpg,train,tumor,meningioma,Training/meningioma/Tr-me_1244.jpg,7bfc7361650ed1cfaf47f1684b68dc7c,512,512
data\binary\train\no_tumor\notumor_Tr-no_344.jpg,train,no_tumor,notumor,Training/notumor/Tr-no_344.jpg,ab557cb36fe189781cb124e8119945b1,209,234
data\binary\train\tumor\meningioma_Tr-me_263.jpg,train,tumor,meningioma,Training/meningioma/Tr-me_263.jpg,dec4f8b21c5d96bdc34320ddf800b4a6,512,512
data\binary\train\tumor\meningioma_Tr-me_1113.jpg,train,tumor,meningioma,Training/meningioma/Tr-me_1113.jpg,6ae994d5fbf5b9f7c92a37bf2c4b6956,512,512
data\binary\train\tumor\pituitary_Tr-pi_223.jpg,train,tumor,pituitary,Training/pituitary/Tr-pi_223.jpg,4990b6b540339c92e1107ccb133b0f78,512,512
data\binary\train\no_tumor\notumor_Tr-no_322.jpg,train,no_tumor,notumor,Training/notumor/Tr-no_322.jpg,30e12e819877a94fab2aa35b100ae645,630,630
data\binary\train\tumor\pituitary_Tr-pi_1006.jpg,train,tumor,pituitary,Training/pituitary/Tr-pi_1006.jpg,ca2792d0ffcb38b03870997c6d50b331,512,512
data\binary\train\no_tumor\notumor_Tr-no_750.jpg,train,no_tumor,notumor,Training/notumor/Tr-no_750.jpg,d966ed9f01d9fac152e7a4bed63ac281,236,236
data\binary\train\tumor\meningioma_Tr-me_1004.jpg,train,tumor,meningioma,Training/meningioma/Tr-me_1004.jpg,b3d56da120477ee95accc7835025df17,512,512
data\binary\train\tumor\meningioma_Tr-aug-me_99.jpg,train,tumor,meningioma,Training/meningioma/Tr-aug-me_99.jpg,55d88e1451e16c4c9cfd7d39aef73651,512,512
data\binary\train\no_tumor\notumor_Tr-no_903.jpg,train,no_tumor,notumor,Training/notumor/Tr-no_903.jpg,0913eff5b6cf1744b4ba55c8d10221c8,150,198
data\binary\train\no_tumor\notumor_Tr-no_1252.jpg,train,no_tumor,notumor,Training/notumor/Tr-no_1252.jpg,ec114fdb89b903563288c7e5a25c8393,225,225
data\binary\train\no_tumor\notumor_Tr-no_1064.jpg,train,no_tumor,notumor,Training/notumor/Tr-no_1064.jpg,6a929af0c27df90c756552d0172d9565,150,198
data\binary\train\tumor\meningioma_Tr-me_306.jpg,train,tumor,meningioma,Training/meningioma/Tr-me_306.jpg,145bb203c6903288ad0eb2a357f8ea0e,512,512
data\binary\train\tumor\glioma_Tr-gl_210.jpg,train,tumor,glioma,Training/glioma/Tr-gl_210.jpg,824c9ad70e81c7f22388147f0b6f6a9e,512,512
data\binary\train\tumor\meningioma_Tr-me_1120.jpg,train,tumor,meningioma,Training/meningioma/Tr-me_1120.jpg,be42b9f33409e068fe4e58112817f8ba,512,512
data\binary\train\tumor\meningioma_Tr-me_778.jpg,train,tumor,meningioma,Training/meningioma/Tr-me_778.jpg,f8d26541216f9c1c8f378241a744f8af,512,512
data\binary\train\tumor\meningioma_Tr-me_63.jpg,train,tumor,meningioma,Training/meningioma/Tr-me_63.jpg,c818203982e7dcd95e7eb73d574ac730,512,512
data\binary\train\no_tumor\notumor_Tr-no_233.jpg,train,no_tumor,notumor,Training/notumor/Tr-no_233.jpg,b110f342fe10d1c76cbd4b5b5a57cc75,350,350
data\binary\train\tumor\meningioma_Tr-me_112.jpg,train,tumor,meningioma,Training/meningioma/Tr-me_112.jpg,ee1335fc5dda162c3d59e442885cfa65,512,512
data\binary\train\no_tumor\notumor_Tr-no_324.jpg,train,no_tumor,notumor,Training/notumor/Tr-no_324.jpg,4b11f2852ff89ac0fb40f27016ef8095,150,198
data\binary\train\no_tumor\notumor_Tr-no_1169.jpg,train,no_tumor,notumor,Training/notumor/Tr-no_1169.jpg,cd3644e2865af324bca5bd9160f8cc55,236,295
data\binary\train\tumor\meningioma_Tr-me_656.jpg,train,tumor,meningioma,Training/meningioma/Tr-me_656.jpg,088a4a94bad5f87e30e33533fbaa931f,512,512
data\binary\train\tumor\glioma_Tr-gl_957.jpg,train,tumor,glioma,Training/glioma/Tr-gl_957.jpg,84ca5c175e0f27c5ea51030522895596,512,512
data\binary\train\tumor\glioma_Tr-gl_552.jpg,train,tumor,glioma,Training/glioma/Tr-gl_552.jpg,7090c46484cde24e5029bde13e3efbb6,512,512
data\binary\train\tumor\glioma_Tr-gl_555.jpg,train,tumor,glioma,Training/glioma/Tr-gl_555.jpg,516d75458d50f3bc9fe9723613562a88,512,512
data\binary\train\tumor\meningioma_Tr-me_878.jpg,train,tumor,meningioma,Training/meningioma/Tr-me_878.jpg,06066e4c123de5265983d0e4c3d60ebd,512,512
data\binary\train\tumor\glioma_Tr-gl_898.jpg,train,tumor,glioma,Training/glioma/Tr-gl_898.jpg,b0c6ba5bd79d579b3acf399f6c00d068,512,512
data\binary\train\no_tumor\notumor_Tr-no_1083.jpg,train,no_tumor,notumor,Training/notumor/Tr-no_1083.jpg,9fc3b080c7fe9c1d3927b877b975b5f1,359,449
data\binary\train\no_tumor\notumor_Tr-no_131.jpg,train,no_tumor,notumor,Training/notumor/Tr-no_131.jpg,46cd31ae0b9daa470c5a9460710d22f8,225,225
data\binary\train\tumor\pituitary_Tr-pi_1337.jpg,train,tumor,pituitary,Training/pituitary/Tr-pi_1337.jpg,43de62a9201b7c1dc3d70651193f6348,512,512
data\binary\train\no_tumor\notumor_Tr-no_169.jpg,train,no_tumor,notumor,Training/notumor/Tr-no_169.jpg,9cdc3e031d2d1f473fb3448e4cbfe0ab,225,225
data\binary\train\tumor\meningioma_Tr-me_834.jpg,train,tumor,meningioma,Training/meningioma/Tr-me_834.jpg,43c21b8f62bedafc1eccddff1e3d314a,512,512
data\binary\train\tumor\glioma_Tr-gl_423.jpg,train,tumor,glioma,Training/glioma/Tr-gl_423.jpg,bb605640eb5e33946ac32af7b3390355,512,512
data\binary\train\tumor\glioma_Tr-gl_426.jpg,train,tumor,glioma,Training/glioma/Tr-gl_426.jpg,0127d010f9e2e1caf0d0f249ae22226c,512,512
data\binary\train\tumor\meningioma_Tr-me_421.jpg,train,tumor,meningioma,Training/meningioma/Tr-me_421.jpg,641d342f95bc6dd8245321827ea8a47d,442,442
data\binary\train\no_tumor\notumor_Tr-no_573.jpg,train,no_tumor,notumor,Training/notumor/Tr-no_573.jpg,701f3d2c3c2d028e24885363196826b9,201,250
data\binary\train\tumor\glioma_Tr-gl_327.jpg,train,tumor,glioma,Training/glioma/Tr-gl_327.jpg,40032468995442f800a5f1dab61c8cf1,512,512
data\binary\train\tumor\glioma_Tr-gl_618.jpg,train,tumor,glioma,Training/glioma/Tr-gl_618.jpg,09493a2724e58b8f92c06e24730186f3,512,512
data\binary\train\tumor\pituitary_Tr-pi_657.jpg,train,tumor,pituitary,Training/pituitary/Tr-pi_657.jpg,7ceebba8a0452ce2626932afcfb09060,512,512
data\binary\train\tumor\pituitary_Tr-pi_728.jpg,train,tumor,pituitary,Training/pituitary/Tr-pi_728.jpg,a696c1a9090604d7ebf6c0e13f3d2a15,512,512
data\binary\train\tumor\meningioma_Tr-me_555.jpg,train,tumor,meningioma,Training/meningioma/Tr-me_555.jpg,010a9f3497f6f5da6172fd162dd1c8dc,512,512
data\binary\train\tumor\meningioma_Tr-me_928.jpg,train,tumor,meningioma,Training/meningioma/Tr-me_928.jpg,e3ff24f7e4501cc17674b92fab4e7d4b,512,512
data\binary\train\tumor\meningioma_Tr-me_867.jpg,train,tumor,meningioma,Training/meningioma/Tr-me_867.jpg,76afeee7a21f9780eab4b83fc4c52e36,257,320
data\binary\train\tumor\glioma_Tr-gl_350.jpg,train,tumor,glioma,Training/glioma/Tr-gl_350.jpg,1a1afa5da3cf242a83acf3f28a39b173,512,512
data\binary\train\no_tumor\notumor_Tr-no_394.jpg,train,no_tumor,notumor,Training/notumor/Tr-no_394.jpg,2e43e8dcce5cf44bb08d62d179e2dce8,218,231
data\binary\train\tumor\pituitary_Tr-pi_470.jpg,train,tumor,pituitary,Training/pituitary/Tr-pi_470.jpg,bfa55f144f8193af0a2558faee07d6f5,512,512
data\binary\train\tumor\meningioma_Tr-me_791.jpg,train,tumor,meningioma,Training/meningioma/Tr-me_791.jpg,2642be289655ccaaee3e61ce716b80d6,512,512
data\binary\train\tumor\glioma_Tr-gl_1388.jpg,train,tumor,glioma,Training/glioma/Tr-gl_1388.jpg,d6bbd6db71646ac28cc9ef282301ff75,512,512
data\binary\train\no_tumor\notumor_Tr-no_162.jpg,train,no_tumor,notumor,Training/notumor/Tr-no_162.jpg,9b3bed0d7ec19bcabee35114da681343,550,664
data\binary\train\tumor\meningioma_Tr-me_743.jpg,train,tumor,meningioma,Training/meningioma/Tr-me_743.jpg,f7bf89c957d6ea099818229a71a41326,512,512
data\binary\train\tumor\pituitary_Tr-pi_1276.jpg,train,tumor,pituitary,Training/pituitary/Tr-pi_1276.jpg,c9c9ce6ea684fd6876a37cb04dd81e2d,512,512
data\binary\train\tumor\glioma_Tr-gl_123.jpg,train,tumor,glioma,Training/glioma/Tr-gl_123.jpg,68327b400f68fb967d4fcdfd64c00242,512,512
data\binary\train\tumor\pituitary_Tr-pi_1223.jpg,train,tumor,pituitary,Training/pituitary/Tr-pi_1223.jpg,2aa038410c7ea7c1b7fcaed2dc5ecf04,512,512
data\binary\train\no_tumor\notumor_Tr-no_252.jpg,train,no_tumor,notumor,Training/notumor/Tr-no_252.jpg,3df3298f76987128ea39e7ac8a7d26ea,232,217
data\binary\train\tumor\meningioma_Tr-me_785.jpg,train,tumor,meningioma,Training/meningioma/Tr-me_785.jpg,45a196c796bf4316cbc90937b5d81acb,512,512
data\binary\train\tumor\meningioma_Tr-me_969.jpg,train,tumor,meningioma,Training/meningioma/Tr-me_969.jpg,d32f40926c53a0460ae3694fe5b20642,512,512
data\binary\train\tumor\glioma_Tr-gl_82.jpg,train,tumor,glioma,Training/glioma/Tr-gl_82.jpg,90d87ea6b3bffd0a04a6c3f7ce4ecad8,512,512
data\binary\train\no_tumor\notumor_Tr-no_672.jpg,train,no_tumor,notumor,Training/notumor/Tr-no_672.jpg,4bb38641bf46fd098852888b664a70b4,380,530
data\binary\train\tumor\glioma_Tr-gl_801.jpg,train,tumor,glioma,Training/glioma/Tr-gl_801.jpg,5760e50a80cc535448bc8fecc9008e62,512,512
data\binary\train\tumor\glioma_Tr-gl_485.jpg,train,tumor,glioma,Training/glioma/Tr-gl_485.jpg,d9fcafafe3d6e3c7a45c55825161c6d6,512,512
data\binary\train\tumor\glioma_Tr-gl_103.jpg,train,tumor,glioma,Training/glioma/Tr-gl_103.jpg,02f595c9a0613273773fcb167a17e5df,512,512
data\binary\train\tumor\meningioma_Tr-me_1084.jpg,train,tumor,meningioma,Training/meningioma/Tr-me_1084.jpg,d528054e8f606b17b9af26594abbfa53,512,512
data\binary\train\tumor\meningioma_Tr-me_1283.jpg,train,tumor,meningioma,Training/meningioma/Tr-me_1283.jpg,6931980c544fddf753d5d9046111032b,512,512
data\binary\train\tumor\meningioma_Tr-me_986.jpg,train,tumor,meningioma,Training/meningioma/Tr-me_986.jpg,2218e7fdbc0297e7bb6034f9a62bcd6e,512,512
data\binary\train\tumor\meningioma_Tr-me_288.jpg,train,tumor,meningioma,Training/meningioma/Tr-me_288.jpg,bf6250508abae73fee6670c9ef3f44f5,512,512
data\binary\train\tumor\meningioma_Tr-aug-me_85.jpg,train,tumor,meningioma,Training/meningioma/Tr-aug-me_85.jpg,4b7bdb37b2eba03682a3618517b1b3cc,512,512
data\binary\train\tumor\glioma_Tr-gl_200.jpg,train,tumor,glioma,Training/glioma/Tr-gl_200.jpg,ee6517ecc56bdfc791504a82bc95b836,512,512
data\binary\train\tumor\pituitary_Tr-pi_300.jpg,train,tumor,pituitary,Training/pituitary/Tr-pi_300.jpg,46579e31651a3e9e9dfd6b02ec824c44,512,512
data\binary\train\tumor\pituitary_Tr-pi_63.jpg,train,tumor,pituitary,Training/pituitary/Tr-pi_63.jpg,5be6dbd62bb1e419908dee1a1a24e5cb,512,512
data\binary\train\tumor\pituitary_Tr-pi_140.jpg,train,tumor,pituitary,Training/pituitary/Tr-pi_140.jpg,1b864673cf027375f193def3017830ec,512,512
data\binary\train\no_tumor\notumor_Tr-no_944.jpg,train,no_tumor,notumor,Training/notumor/Tr-no_944.jpg,7537345258bc563506d86b10ab58079e,201,250
data\binary\train\tumor\meningioma_Tr-me_917.jpg,train,tumor,meningioma,Training/meningioma/Tr-me_917.jpg,25cdd1a864ad3cc6dab4eb44be05a4cd,512,512
data\binary\train\no_tumor\notumor_Tr-no_328.jpg,train,no_tumor,notumor,Training/notumor/Tr-no_328.jpg,5831570fb6ae4c3fb1b2ec1201a0d991,225,225
data\binary\train\tumor\pituitary_Tr-pi_914.jpg,train,tumor,pituitary,Training/pituitary/Tr-pi_914.jpg,03ab1d9fb61c5890e58e27ada2a63687,512,512
data\binary\train\no_tumor\notumor_Tr-no_364.jpg,train,no_tumor,notumor,Training/notumor/Tr-no_364.jpg,af3a478127cdc55afc89afefe90260a7,228,221
data\binary\train\tumor\meningioma_Tr-me_1187.jpg,train,tumor,meningioma,Training/meningioma/Tr-me_1187.jpg,e71141c1fbda1d2b8322c0df4a84f1c7,512,512
data\binary\train\tumor\meningioma_Tr-me_215.jpg,train,tumor,meningioma,Training/meningioma/Tr-me_215.jpg,5dec95a3cdfcaed3b60169487de2c61c,512,512
data\binary\train\no_tumor\notumor_Tr-no_1061.jpg,train,no_tumor,notumor,Training/notumor/Tr-no_1061.jpg,1f6dfa12ce7c3c884d7e2a5a9b802e65,201,251
data\binary\train\tumor\pituitary_Tr-pi_837.jpg,train,tumor,pituitary,Training/pituitary/Tr-pi_837.jpg,cba1795bb5c183fd9700bf87061a8f14,512,512
data\binary\train\no_tumor\notumor_Tr-no_643.jpg,train,no_tumor,notumor,Training/notumor/Tr-no_643.jpg,f825d9cb0b4beaddc1dea88a76a9e51e,359,449
data\binary\train\tumor\pituitary_Tr-pi_1325.jpg,train,tumor,pituitary,Training/pituitary/Tr-pi_1325.jpg,c057744d59bd9dc5907313ec385c72d9,512,512
data\binary\train\no_tumor\notumor_Tr-no_667.jpg,train,no_tumor,notumor,Training/notumor/Tr-no_667.jpg,ae60741046cd71c93ededc1e2a2dbc7a,350,393
data\binary\train\no_tumor\notumor_Tr-no_849.jpg,train,no_tumor,notumor,Training/notumor/Tr-no_849.jpg,fe3fedc45a1ef12636a1bd1f4031e5b1,200,252
data\binary\train\tumor\meningioma_Tr-me_874.jpg,train,tumor,meningioma,Training/meningioma/Tr-me_874.jpg,cf9568dc375ddd598f4c3140e644df4f,512,512
data\binary\train\tumor\meningioma_Tr-me_465.jpg,train,tumor,meningioma,Training/meningioma/Tr-me_465.jpg,bd589167f6ddb9d005f4ec9d4ce77123,225,225
data\binary\train\tumor\meningioma_Tr-me_690.jpg,train,tumor,meningioma,Training/meningioma/Tr-me_690.jpg,b5b62148f3d154ce160e50f3cf9e663b,512,512
data\binary\train\tumor\meningioma_Tr-me_995.jpg,train,tumor,meningioma,Training/meningioma/Tr-me_995.jpg,aff916e1a74b807cd36ae32c29dff92f,512,512
data\binary\train\tumor\glioma_Tr-gl_255.jpg,train,tumor,glioma,Training/glioma/Tr-gl_255.jpg,55d07d01ccdebd786d9ef140783788ef,512,512
data\binary\train\tumor\meningioma_Tr-me_50.jpg,train,tumor,meningioma,Training/meningioma/Tr-me_50.jpg,6970ea1e4ca82e1f2093bc3369a67d78,472,546
data\binary\train\tumor\meningioma_Tr-me_41.jpg,train,tumor,meningioma,Training/meningioma/Tr-me_41.jpg,8bf85fc5e5e8eb3634844b57fc4b23bf,512,512
data\binary\train\tumor\glioma_Tr-gl_727.jpg,train,tumor,glioma,Training/glioma/Tr-gl_727.jpg,60e72395e6f60f4f73df057bd7519f71,512,512
data\binary\train\tumor\pituitary_Tr-pi_1398.jpg,train,tumor,pituitary,Training/pituitary/Tr-pi_1398.jpg,5e1876dc6b8ee13fa3498cb73788ca5b,512,512
data\binary\train\tumor\glioma_Tr-gl_499.jpg,train,tumor,glioma,Training/glioma/Tr-gl_499.jpg,0177523fb2d33ca0833074da946904fc,512,512
data\binary\train\tumor\pituitary_Tr-pi_270.jpg,train,tumor,pituitary,Training/pituitary/Tr-pi_270.jpg,03e42317de30c5e4fbb45bf8104d3d42,512,512
data\binary\train\tumor\glioma_Tr-gl_1210.jpg,train,tumor,glioma,Training/glioma/Tr-gl_1210.jpg,89e1d0318eb7d45c5070a0cf768c49bf,512,512
data\binary\train\tumor\pituitary_Tr-pi_1056.jpg,train,tumor,pituitary,Training/pituitary/Tr-pi_1056.jpg,6f163de4558daa6ea7740613eb8936d6,512,512
data\binary\train\no_tumor\notumor_Tr-no_1303.jpg,train,no_tumor,notumor,Training/notumor/Tr-no_1303.jpg,34c2f640084112ffdc8202d1a6209566,225,225
data\binary\train\tumor\glioma_Tr-gl_265.jpg,train,tumor,glioma,Training/glioma/Tr-gl_265.jpg,556ccc254add713472b3eefbb2357bd4,512,512
data\binary\train\no_tumor\notumor_Tr-no_820.jpg,train,no_tumor,notumor,Training/notumor/Tr-no_820.jpg,7636121928c480d6141d945e513e461f,225,225
data\binary\train\no_tumor\notumor_Tr-no_823.jpg,train,no_tumor,notumor,Training/notumor/Tr-no_823.jpg,cf8871ec3f048ae7c414d5ce64bbe220,225,225
data\binary\train\tumor\glioma_Tr-gl_1322.jpg,train,tumor,glioma,Training/glioma/Tr-gl_1322.jpg,b750ca3968a5b2d68439cc40839e6d59,512,512
data\binary\train\tumor\pituitary_Tr-pi_1303.jpg,train,tumor,pituitary,Training/pituitary/Tr-pi_1303.jpg,0d59611c87b5e19eeee7fc5ba56b9a8d,512,512
data\binary\train\tumor\glioma_Tr-gl_317.jpg,train,tumor,glioma,Training/glioma/Tr-gl_317.jpg,d629102fe6e924e16e5fd2e770412c1d,512,512
data\binary\train\tumor\glioma_Tr-gl_795.jpg,train,tumor,glioma,Training/glioma/Tr-gl_795.jpg,057dc837e3d9f5c23473dcb95dca653e,512,512
data\binary\train\no_tumor\notumor_Tr-no_1337.jpg,train,no_tumor,notumor,Training/notumor/Tr-no_1337.jpg,0ffcccf8cab4a3be008587b56b159c0f,200,252
data\binary\train\no_tumor\notumor_Tr-no_123.jpg,train,no_tumor,notumor,Training/notumor/Tr-no_123.jpg,dfaa0b739de61f939192be4eea7fd516,228,228
data\binary\train\tumor\glioma_Tr-gl_470.jpg,train,tumor,glioma,Training/glioma/Tr-gl_470.jpg,c68c0952e00e4f65d8d65bc3829329b5,512,512
data\binary\train\tumor\pituitary_Tr-pi_490.jpg,train,tumor,pituitary,Training/pituitary/Tr-pi_490.jpg,ce53709b1972fbdd41aa848c39232a68,512,512
data\binary\train\no_tumor\notumor_Tr-no_79.jpg,train,no_tumor,notumor,Training/notumor/Tr-no_79.jpg,f4ded630c0c84d13bd84b368193bdbff,680,680
data\binary\train\tumor\glioma_Tr-gl_1342.jpg,train,tumor,glioma,Training/glioma/Tr-gl_1342.jpg,1b5d52a9578ec0f931854f164ba99390,512,512
data\binary\train\tumor\meningioma_Tr-me_823.jpg,train,tumor,meningioma,Training/meningioma/Tr-me_823.jpg,c5c5c823c19d47669f9a82a6728af5ed,512,512
data\binary\train\tumor\meningioma_Tr-me_734.jpg,train,tumor,meningioma,Training/meningioma/Tr-me_734.jpg,a83bb4ed037490314e5a66ef6420636f,512,512
data\binary\train\tumor\glioma_Tr-gl_451.jpg,train,tumor,glioma,Training/glioma/Tr-gl_451.jpg,0168f21a29b0241f37628f6f05195c11,512,512
data\binary\train\no_tumor\notumor_Tr-no_907.jpg,train,no_tumor,notumor,Training/notumor/Tr-no_907.jpg,78b161bae77c8aa837c3cc5c8f3ac3a8,652,600
data\binary\train\no_tumor\notumor_Tr-no_1287.jpg,train,no_tumor,notumor,Training/notumor/Tr-no_1287.jpg,0f50cb09857625a3053f4c24990c3ed4,227,262
data\binary\train\tumor\glioma_Tr-gl_630.jpg,train,tumor,glioma,Training/glioma/Tr-gl_630.jpg,fa5221ec785acf4a653b77ea48609fd8,512,512
data\binary\train\tumor\pituitary_Tr-pi_462.jpg,train,tumor,pituitary,Training/pituitary/Tr-pi_462.jpg,c23e57c690500fecc9485ff1acdd4cff,512,512
data\binary\train\tumor\glioma_Tr-gl_567.jpg,train,tumor,glioma,Training/glioma/Tr-gl_567.jpg,0c784a57aa85d5d2d26e9f954358c2f0,512,512
data\binary\train\tumor\pituitary_Tr-pi_901.jpg,train,tumor,pituitary,Training/pituitary/Tr-pi_901.jpg,babdfcdcebfc6820e6d3fd8b0ad8b569,512,512
data\binary\train\tumor\meningioma_Tr-me_79.jpg,train,tumor,meningioma,Training/meningioma/Tr-me_79.jpg,d810c7f8c37566e4b01be637d2f0de6c,512,512
data\binary\train\tumor\meningioma_Tr-me_584.jpg,train,tumor,meningioma,Training/meningioma/Tr-me_584.jpg,a41caf299d1a5c22aabc37e96491aa85,512,512
data\binary\train\tumor\pituitary_Tr-pi_1185.jpg,train,tumor,pituitary,Training/pituitary/Tr-pi_1185.jpg,b5a55ba1154201418c72615ac364865d,512,512
data\binary\train\tumor\meningioma_Tr-me_947.jpg,train,tumor,meningioma,Training/meningioma/Tr-me_947.jpg,4e2d2f024238ed8780a89b42071a9810,512,512
data\binary\train\tumor\pituitary_Tr-pi_904.jpg,train,tumor,pituitary,Training/pituitary/Tr-pi_904.jpg,2b12889aae9fb38f882140e2e33be4fc,512,512
data\binary\train\tumor\pituitary_Tr-pi_472.jpg,train,tumor,pituitary,Training/pituitary/Tr-pi_472.jpg,f907ac4d23ba3ac193e87a7416c36508,512,512
data\binary\train\tumor\glioma_Tr-gl_946.jpg,train,tumor,glioma,Training/glioma/Tr-gl_946.jpg,5eb1093915082129d1d05b479ded446b,512,512
data\binary\train\tumor\meningioma_Tr-me_600.jpg,train,tumor,meningioma,Training/meningioma/Tr-me_600.jpg,37578186a74851360834c069578992d7,512,512
data\binary\train\tumor\meningioma_Tr-me_567.jpg,train,tumor,meningioma,Training/meningioma/Tr-me_567.jpg,bbfb023b08c502f7e7601fa79f017412,552,527
data\binary\train\tumor\meningioma_Tr-me_1072.jpg,train,tumor,meningioma,Training/meningioma/Tr-me_1072.jpg,192b45ac27f6cbe90393c22cced0adff,512,512
data\binary\train\no_tumor\notumor_Tr-no_766.jpg,train,no_tumor,notumor,Training/notumor/Tr-no_766.jpg,713df8b9d91cb6721c6e2478df82fc02,562,592
data\binary\train\no_tumor\notumor_Tr-no_1097.jpg,train,no_tumor,notumor,Training/notumor/Tr-no_1097.jpg,2c6e3d2cb120dfd0c6bd96b92d631bd0,236,236
data\binary\train\tumor\pituitary_Tr-pi_793.jpg,train,tumor,pituitary,Training/pituitary/Tr-pi_793.jpg,8f4a2041d5a42da68307af0c5d74f945,512,512
data\binary\train\no_tumor\notumor_Tr-no_206.jpg,train,no_tumor,notumor,Training/notumor/Tr-no_206.jpg,2e5f18f51e1f5a903db1f0d87d935dc0,225,225
data\binary\train\tumor\meningioma_Tr-me_190.jpg,train,tumor,meningioma,Training/meningioma/Tr-me_190.jpg,e666b704de22cb125302076e50078a79,512,512
data\binary\train\tumor\meningioma_Tr-me_746.jpg,train,tumor,meningioma,Training/meningioma/Tr-me_746.jpg,a353e8a4140d667d22419de41d8b68e4,512,512
data\binary\train\tumor\glioma_Tr-gl_333.jpg,train,tumor,glioma,Training/glioma/Tr-gl_333.jpg,c55f36317b53547a4b2597c5ff3e0d8a,512,512
data\binary\train\tumor\glioma_Tr-gl_625.jpg,train,tumor,glioma,Training/glioma/Tr-gl_625.jpg,307c9dddf968cdf121293ab388ef3603,512,512
data\binary\train\no_tumor\notumor_Tr-no_467.jpg,train,no_tumor,notumor,Training/notumor/Tr-no_467.jpg,5e557d9baf30af12789906cb32cc3009,214,236
data\binary\train\tumor\pituitary_Tr-pi_171.jpg,train,tumor,pituitary,Training/pituitary/Tr-pi_171.jpg,118be381eb721c281773725f0f6c89e4,512,512
data\binary\train\tumor\glioma_Tr-gl_284.jpg,train,tumor,glioma,Training/glioma/Tr-gl_284.jpg,04a1cde5c594ded62c3056873c36548d,512,512
data\binary\train\tumor\glioma_Tr-gl_834.jpg,train,tumor,glioma,Training/glioma/Tr-gl_834.jpg,71d4d956354f59f2247a08961a5e9025,512,512
data\binary\train\no_tumor\notumor_Tr-no_192.jpg,train,no_tumor,notumor,Training/notumor/Tr-no_192.jpg,ed3cb7f0597dc0b0c7de56ba1ca90564,356,474
data\binary\train\tumor\glioma_Tr-gl_141.jpg,train,tumor,glioma,Training/glioma/Tr-gl_141.jpg,4a507b6f4ee30c7dc3a5ccb2866c27e0,512,512
data\binary\train\no_tumor\notumor_Tr-no_775.jpg,train,no_tumor,notumor,Training/notumor/Tr-no_775.jpg,4598657f5e60513a50b45013e8c717cf,207,243
data\binary\train\tumor\pituitary_Tr-pi_139.jpg,train,tumor,pituitary,Training/pituitary/Tr-pi_139.jpg,5ee9cff6443e7ccdd96792a8fc985aa4,685,681
data\binary\train\tumor\meningioma_Tr-aug-me_77.jpg,train,tumor,meningioma,Training/meningioma/Tr-aug-me_77.jpg,a0c169ed91a5948340afa1787852067b,512,512
data\binary\train\no_tumor\notumor_Tr-no_671.jpg,train,no_tumor,notumor,Training/notumor/Tr-no_671.jpg,90e7859d08674c6c798c8bd96421d0ce,192,192
data\binary\train\tumor\pituitary_Tr-pi_346.jpg,train,tumor,pituitary,Training/pituitary/Tr-pi_346.jpg,98b76ee22beba74f64e078327cba5de0,512,512
data\binary\train\no_tumor\notumor_Tr-no_113.jpg,train,no_tumor,notumor,Training/notumor/Tr-no_113.jpg,0c85d632696a6d165b301924d77c252f,359,449
data\binary\train\no_tumor\notumor_Tr-no_187.jpg,train,no_tumor,notumor,Training/notumor/Tr-no_187.jpg,40b1f728d66012b0788d766ac550f5e5,225,225
data\binary\train\tumor\glioma_Tr-gl_1306.jpg,train,tumor,glioma,Training/glioma/Tr-gl_1306.jpg,c4d09f486bb315548f0867e6748d0ece,512,512
data\binary\train\tumor\glioma_Tr-gl_1136.jpg,train,tumor,glioma,Training/glioma/Tr-gl_1136.jpg,fcb1e5534634d9ac3e747ec1756ce14b,512,512
data\binary\train\tumor\pituitary_Tr-pi_115.jpg,train,tumor,pituitary,Training/pituitary/Tr-pi_115.jpg,efe89af75745d6a4e08db76e719b1e26,512,512
data\binary\train\tumor\pituitary_Tr-pi_1183.jpg,train,tumor,pituitary,Training/pituitary/Tr-pi_1183.jpg,4ca6afd1c3776498df440edf3dff33f7,512,512
data\binary\train\tumor\pituitary_Tr-pi_1347.jpg,train,tumor,pituitary,Training/pituitary/Tr-pi_1347.jpg,c21e17d62cd6ec720745da8302d1f7ca,256,256
data\binary\train\tumor\glioma_Tr-gl_378.jpg,train,tumor,glioma,Training/glioma/Tr-gl_378.jpg,d9635df5d3ff5aa7a2d0d438eef40021,512,512
data\binary\train\tumor\glioma_Tr-gl_1376.jpg,train,tumor,glioma,Training/glioma/Tr-gl_1376.jpg,f720184a2ee549681bbc41f7d3c2e68d,512,512
data\binary\train\no_tumor\notumor_Tr-no_215.jpg,train,no_tumor,notumor,Training/notumor/Tr-no_215.jpg,b52c60c8b8d5b52ddaddebf06e9d22b1,442,442
data\binary\train\tumor\glioma_Tr-gl_492.jpg,train,tumor,glioma,Training/glioma/Tr-gl_492.jpg,972cdaed100c7eae12ac609300345bf9,512,512
data\binary\train\tumor\glioma_Tr-gl_1057.jpg,train,tumor,glioma,Training/glioma/Tr-gl_1057.jpg,10f4540429c9b593ec3323fd045553e2,512,512
data\binary\train\tumor\meningioma_Tr-aug-me_76.jpg,train,tumor,meningioma,Training/meningioma/Tr-aug-me_76.jpg,7eb3a46b648e35e46fdc712069c708ba,512,512
data\binary\train\no_tumor\notumor_Tr-no_1280.jpg,train,no_tumor,notumor,Training/notumor/Tr-no_1280.jpg,6822cef55523e42099b4cd5215fc5e7f,206,244
data\binary\train\no_tumor\notumor_Tr-no_269.jpg,train,no_tumor,notumor,Training/notumor/Tr-no_269.jpg,bcb0941f2d9cb2405fdc76e2d777dc5f,209,242
data\binary\train\tumor\glioma_Tr-gl_594.jpg,train,tumor,glioma,Training/glioma/Tr-gl_594.jpg,66d3ef94c5b46c49a84743e404c2bd3e,512,512
data\binary\train\no_tumor\notumor_Tr-no_465.jpg,train,no_tumor,notumor,Training/notumor/Tr-no_465.jpg,37dfdeb5735ee853bd551e6e97fef1f0,208,242
data\binary\train\tumor\meningioma_Tr-me_975.jpg,train,tumor,meningioma,Training/meningioma/Tr-me_975.jpg,0e37d6bd61cb14ac673c1d420773adb2,512,512
data\binary\train\no_tumor\notumor_Tr-no_1150.jpg,train,no_tumor,notumor,Training/notumor/Tr-no_1150.jpg,6124c8062de1213b0c506b62b8054252,225,225
data\binary\train\tumor\meningioma_Tr-me_1224.jpg,train,tumor,meningioma,Training/meningioma/Tr-me_1224.jpg,b0018307fc370aeb641f9a2902592f24,512,512
data\binary\train\tumor\pituitary_Tr-pi_1320.jpg,train,tumor,pituitary,Training/pituitary/Tr-pi_1320.jpg,f99ec13fecab7561f5c978e964db0554,512,512
data\binary\train\tumor\glioma_Tr-gl_500.jpg,train,tumor,glioma,Training/glioma/Tr-gl_500.jpg,786f5cc8af001a818bfe743227662b81,512,512
data\binary\train\no_tumor\notumor_Tr-no_910.jpg,train,no_tumor,notumor,Training/notumor/Tr-no_910.jpg,0ca6da38ac7a873e700e54f4032d8157,225,225
data\binary\train\tumor\meningioma_Tr-me_1056.jpg,train,tumor,meningioma,Training/meningioma/Tr-me_1056.jpg,78f493dc0703345d3ab043e17b0a5014,512,512
data\binary\train\tumor\glioma_Tr-gl_948.jpg,train,tumor,glioma,Training/glioma/Tr-gl_948.jpg,2ebd6de8f6c3294dcfd7e4f68ce9223d,512,512
data\binary\train\tumor\glioma_Tr-gl_696.jpg,train,tumor,glioma,Training/glioma/Tr-gl_696.jpg,d83372a9fc9f10a01b8db6337f98e4fc,512,512
data\binary\train\tumor\meningioma_Tr-me_732.jpg,train,tumor,meningioma,Training/meningioma/Tr-me_732.jpg,7698df8820786635e25b0fe8a757f648,512,512
data\binary\train\tumor\meningioma_Tr-me_360.jpg,train,tumor,meningioma,Training/meningioma/Tr-me_360.jpg,3cded8747e385b20ea01584f539b5b29,512,512
data\binary\train\tumor\glioma_Tr-gl_714.jpg,train,tumor,glioma,Training/glioma/Tr-gl_714.jpg,fe1aec32510c44c40283c2c4f0bbddb4,512,512
data\binary\train\no_tumor\notumor_Tr-no_24.jpg,train,no_tumor,notumor,Training/notumor/Tr-no_24.jpg,5b6ca7a5a94398ac120fdb5d1003a120,428,417
data\binary\train\no_tumor\notumor_Tr-no_270.jpg,train,no_tumor,notumor,Training/notumor/Tr-no_270.jpg,f78584fe6b4c63abc84a1b2ecb6ce73f,630,630
data\binary\train\tumor\pituitary_Tr-pi_183.jpg,train,tumor,pituitary,Training/pituitary/Tr-pi_183.jpg,6de1d4093ec3204746bdeec7dce7bee6,512,512
data\binary\train\tumor\pituitary_Tr-pi_90.jpg,train,tumor,pituitary,Training/pituitary/Tr-pi_90.jpg,b5505d988cab7195ad513404e29ad0fe,512,512
data\binary\train\tumor\meningioma_Tr-me_1132.jpg,train,tumor,meningioma,Training/meningioma/Tr-me_1132.jpg,f9e6f424db5638200324fbb5ac87fcec,512,512
data\binary\train\no_tumor\notumor_Tr-no_758.jpg,train,no_tumor,notumor,Training/notumor/Tr-no_758.jpg,cce2c88efe125045cfbcbff0f8ff70ef,196,257
data\binary\train\tumor\glioma_Tr-gl_300.jpg,train,tumor,glioma,Training/glioma/Tr-gl_300.jpg,08056e32c95e3725407696a6756b8621,512,512
data\binary\train\no_tumor\notumor_Tr-no_82.jpg,train,no_tumor,notumor,Training/notumor/Tr-no_82.jpg,9964811e6799f0a80627e6df1c1b77f7,225,225
data\binary\train\tumor\glioma_Tr-gl_74.jpg,train,tumor,glioma,Training/glioma/Tr-gl_74.jpg,20e3be76b083bcadf7381ae693d95fff,512,512
data\binary\train\no_tumor\notumor_Tr-no_1088.jpg,train,no_tumor,notumor,Training/notumor/Tr-no_1088.jpg,67ec6c9fce2d82e09fc978ab63b7d848,192,192
data\binary\train\tumor\pituitary_Tr-pi_1149.jpg,train,tumor,pituitary,Training/pituitary/Tr-pi_1149.jpg,7e1b7fd5f766fe2dff2b0927fc077b6c,512,512
data\binary\train\no_tumor\notumor_Tr-no_1103.jpg,train,no_tumor,notumor,Training/notumor/Tr-no_1103.jpg,856113b03cae40e839b789a1e464565b,227,222
data\binary\train\tumor\meningioma_Tr-me_1.jpg,train,tumor,meningioma,Training/meningioma/Tr-me_1.jpg,bb2c76efa1823616f080745297c60b82,512,512
data\binary\train\tumor\glioma_Tr-gl_1232.jpg,train,tumor,glioma,Training/glioma/Tr-gl_1232.jpg,7aa92122509cd90544c5be070a226a56,512,512
data\binary\train\tumor\glioma_Tr-gl_1374.jpg,train,tumor,glioma,Training/glioma/Tr-gl_1374.jpg,09c3f35fc757127eca81a04aba967153,512,512
data\binary\train\tumor\pituitary_Tr-pi_929.jpg,train,tumor,pituitary,Training/pituitary/Tr-pi_929.jpg,142cc8f72a979ca75eb6cf79e611c8eb,512,512
data\binary\train\tumor\pituitary_Tr-pi_588.jpg,train,tumor,pituitary,Training/pituitary/Tr-pi_588.jpg,445c5eee4171a9b75e85d42d3a2b6b1b,512,512
data\binary\train\tumor\pituitary_Tr-pi_144.jpg,train,tumor,pituitary,Training/pituitary/Tr-pi_144.jpg,010541c51ed07d2fa15dd79925e934de,512,512
data\binary\train\tumor\glioma_Tr-gl_390.jpg,train,tumor,glioma,Training/glioma/Tr-gl_390.jpg,6d716aa630f6470f118e5511ee84a80d,512,512
data\binary\train\tumor\glioma_Tr-gl_963.jpg,train,tumor,glioma,Training/glioma/Tr-gl_963.jpg,75657a384cb8e13f355f0686d0e690ec,512,512
data\binary\train\tumor\pituitary_Tr-pi_1275.jpg,train,tumor,pituitary,Training/pituitary/Tr-pi_1275.jpg,93e05a21d69334441341e5013c9bc5c7,512,512
data\binary\train\tumor\pituitary_Tr-pi_423.jpg,train,tumor,pituitary,Training/pituitary/Tr-pi_423.jpg,dcd2ceac4bb29a17dd67bd4164e56369,512,512
data\binary\train\tumor\glioma_Tr-gl_1.jpg,train,tumor,glioma,Training/glioma/Tr-gl_1.jpg,9609f833ab5eaafb467f96521a8957da,512,512
data\binary\train\no_tumor\notumor_Tr-no_1123.jpg,train,no_tumor,notumor,Training/notumor/Tr-no_1123.jpg,96d5c811f6b696e1194c8c2403d3d20f,150,198
data\binary\train\tumor\pituitary_Tr-pi_855.jpg,train,tumor,pituitary,Training/pituitary/Tr-pi_855.jpg,41b3f6f4b5a52d9c6f5846086fc11ba6,512,512
data\binary\train\tumor\meningioma_Tr-me_819.jpg,train,tumor,meningioma,Training/meningioma/Tr-me_819.jpg,9d5dc684e5f820dbb0a9009fe9ad69ca,512,512
data\binary\train\tumor\pituitary_Tr-pi_176.jpg,train,tumor,pituitary,Training/pituitary/Tr-pi_176.jpg,43964d1bc8e03b36231bb5996661eda7,512,512
data\binary\train\tumor\glioma_Tr-gl_1132.jpg,train,tumor,glioma,Training/glioma/Tr-gl_1132.jpg,0a9891f53875f777abd87636c568a0c2,512,512
data\binary\train\tumor\meningioma_Tr-me_462.jpg,train,tumor,meningioma,Training/meningioma/Tr-me_462.jpg,299c70b720c4d033b66118f2056b2570,512,512
data\binary\train\tumor\glioma_Tr-gl_1285.jpg,train,tumor,glioma,Training/glioma/Tr-gl_1285.jpg,45cb25c76f8a584ea1b81261bfc8ea96,512,512
data\binary\train\tumor\meningioma_Tr-aug-me_93.jpg,train,tumor,meningioma,Training/meningioma/Tr-aug-me_93.jpg,ef72dec135af61f49d75618822e8f907,512,512
data\binary\train\no_tumor\notumor_Tr-no_862.jpg,train,no_tumor,notumor,Training/notumor/Tr-no_862.jpg,f46d96d6e73630fc61ad1f3db7c0b5f9,225,225
data\binary\train\no_tumor\notumor_Tr-no_568.jpg,train,no_tumor,notumor,Training/notumor/Tr-no_568.jpg,c8113ec26a31cfef43693d3a035a85fe,225,225
data\binary\train\tumor\pituitary_Tr-pi_254.jpg,train,tumor,pituitary,Training/pituitary/Tr-pi_254.jpg,656e8ef11e54674eca9734bccd34936c,512,512
data\binary\train\tumor\pituitary_Tr-pi_919.jpg,train,tumor,pituitary,Training/pituitary/Tr-pi_919.jpg,7fba157fd69438984c217e5c2f81f7a1,512,512
data\binary\train\tumor\pituitary_Tr-pi_1020.jpg,train,tumor,pituitary,Training/pituitary/Tr-pi_1020.jpg,4650a031547578b5ca415956ad00608f,512,512
data\binary\train\tumor\glioma_Tr-gl_928.jpg,train,tumor,glioma,Training/glioma/Tr-gl_928.jpg,4b940716ff9266d3c24a6387dc18c531,512,512
data\binary\train\tumor\pituitary_Tr-pi_827.jpg,train,tumor,pituitary,Training/pituitary/Tr-pi_827.jpg,96c28c93ce73f9c17d44d5712b7834df,512,512
data\binary\train\tumor\meningioma_Tr-me_151.jpg,train,tumor,meningioma,Training/meningioma/Tr-me_151.jpg,3e898387ba808b55cac9c4995dff6124,512,512
data\binary\train\no_tumor\notumor_Tr-no_1240.jpg,train,no_tumor,notumor,Training/notumor/Tr-no_1240.jpg,e83c5b3fc278777d5a563a2c45f855b1,417,424
data\binary\train\tumor\glioma_Tr-gl_17.jpg,train,tumor,glioma,Training/glioma/Tr-gl_17.jpg,07339f1e688eceebd317b0831e9e184d,512,512
data\binary\train\no_tumor\notumor_Tr-no_1268.jpg,train,no_tumor,notumor,Training/notumor/Tr-no_1268.jpg,10800f19c3ed55315a78dfd8e17fae81,232,217
data\binary\train\tumor\meningioma_Tr-me_107.jpg,train,tumor,meningioma,Training/meningioma/Tr-me_107.jpg,b67fd08dc3d957589161037b1b254a44,512,512
data\binary\train\tumor\pituitary_Tr-pi_137.jpg,train,tumor,pituitary,Training/pituitary/Tr-pi_137.jpg,736465cd2bd6dd5dee3b0048e9fa2942,512,512
data\binary\train\no_tumor\notumor_Tr-no_846.jpg,train,no_tumor,notumor,Training/notumor/Tr-no_846.jpg,bfa696d934f47cee4a0873f972a35c21,235,261
data\binary\train\no_tumor\notumor_Tr-no_1028.jpg,train,no_tumor,notumor,Training/notumor/Tr-no_1028.jpg,e1f9fd3492acda143414386ec0ab4f83,192,192
data\binary\train\tumor\pituitary_Tr-pi_25.jpg,train,tumor,pituitary,Training/pituitary/Tr-pi_25.jpg,ba2d447d1f7adde54f33983a914dd90c,512,512
data\binary\train\tumor\pituitary_Tr-pi_1134.jpg,train,tumor,pituitary,Training/pituitary/Tr-pi_1134.jpg,e6d2f6325690eac3122c2235be73aab5,512,512
data\binary\train\tumor\pituitary_Tr-pi_570.jpg,train,tumor,pituitary,Training/pituitary/Tr-pi_570.jpg,1dddd394035c336b44877eb0caff1985,512,512
data\binary\train\no_tumor\notumor_Tr-no_22.jpg,train,no_tumor,notumor,Training/notumor/Tr-no_22.jpg,0fd660197f112597ad4225a48213405c,550,664
data\binary\train\tumor\meningioma_Tr-me_1200.jpg,train,tumor,meningioma,Training/meningioma/Tr-me_1200.jpg,d2c0b67c2ba713a36630f7a348bef0a1,512,512
data\binary\train\tumor\meningioma_Tr-me_676.jpg,train,tumor,meningioma,Training/meningioma/Tr-me_676.jpg,c593da599c423de54a191105c6b94238,512,512
data\binary\train\no_tumor\notumor_Tr-no_773.jpg,train,no_tumor,notumor,Training/notumor/Tr-no_773.jpg,3a85a9ad5cfffa52f7077dd285c0aa15,173,201
data\binary\train\tumor\glioma_Tr-gl_1321.jpg,train,tumor,glioma,Training/glioma/Tr-gl_1321.jpg,d9cffa704c87db2761e26ef71454c980,512,512
data\binary\train\no_tumor\notumor_Tr-no_928.jpg,train,no_tumor,notumor,Training/notumor/Tr-no_928.jpg,1bea083839f56dcb11c9651414ff6f26,227,262
data\binary\train\tumor\meningioma_Tr-me_247.jpg,train,tumor,meningioma,Training/meningioma/Tr-me_247.jpg,178fc2a90a6331a94c27abc2f4fbdf97,512,512
data\binary\train\tumor\meningioma_Tr-me_695.jpg,train,tumor,meningioma,Training/meningioma/Tr-me_695.jpg,881589ec4d127291a5b75b0023b41c5f,512,512
data\binary\train\tumor\glioma_Tr-gl_274.jpg,train,tumor,glioma,Training/glioma/Tr-gl_274.jpg,0eee59ac75907760b8290542d807654d,512,512
data\binary\train\tumor\pituitary_Tr-pi_1162.jpg,train,tumor,pituitary,Training/pituitary/Tr-pi_1162.jpg,f9682c65d14760aaae63984bcf740df8,512,512
data\binary\train\tumor\glioma_Tr-gl_1172.jpg,train,tumor,glioma,Training/glioma/Tr-gl_1172.jpg,8e96e62b61ec311f753cbf84e7af09ff,512,512
data\binary\train\tumor\glioma_Tr-gl_121.jpg,train,tumor,glioma,Training/glioma/Tr-gl_121.jpg,19309822fbe589eb12ce2a059b088da7,512,512
data\binary\train\tumor\meningioma_Tr-me_1052.jpg,train,tumor,meningioma,Training/meningioma/Tr-me_1052.jpg,d1b072052d59b319b6d424d9f83464ee,512,512
data\binary\train\no_tumor\notumor_Tr-no_1328.jpg,train,no_tumor,notumor,Training/notumor/Tr-no_1328.jpg,2df2644a3ed00b8f6203ab8024c18e95,227,262
data\binary\train\tumor\meningioma_Tr-me_35.jpg,train,tumor,meningioma,Training/meningioma/Tr-me_35.jpg,afd1defa35d35be573edd6d85db3088d,512,512
data\binary\train\tumor\glioma_Tr-gl_1192.jpg,train,tumor,glioma,Training/glioma/Tr-gl_1192.jpg,61b5a31d21ef9541a7da878caa4beef0,512,512
data\binary\train\no_tumor\notumor_Tr-no_838.jpg,train,no_tumor,notumor,Training/notumor/Tr-no_838.jpg,1d37c99317176afec5f6d46be4d56cef,228,221
data\binary\train\tumor\pituitary_Tr-pi_756.jpg,train,tumor,pituitary,Training/pituitary/Tr-pi_756.jpg,7d78d1b0415c7f0943c443a7d4ea588e,512,512
data\binary\train\tumor\glioma_Tr-gl_12.jpg,train,tumor,glioma,Training/glioma/Tr-gl_12.jpg,8d39f2a9c25a3041eb65acae4a1bce59,512,512
data\binary\train\tumor\pituitary_Tr-pi_200.jpg,train,tumor,pituitary,Training/pituitary/Tr-pi_200.jpg,4e2928f769cfd012b81074fbcd16f798,512,512
data\binary\train\tumor\meningioma_Tr-me_188.jpg,train,tumor,meningioma,Training/meningioma/Tr-me_188.jpg,3c261eefb026e7e72234abd854338bcb,512,512
data\binary\train\tumor\meningioma_Tr-me_170.jpg,train,tumor,meningioma,Training/meningioma/Tr-me_170.jpg,0b0a17a579d119aae59ac9ce74d43946,512,512
data\binary\train\tumor\glioma_Tr-gl_59.jpg,train,tumor,glioma,Training/glioma/Tr-gl_59.jpg,2824238a9e76d945b74666c937c34768,512,512
data\binary\train\tumor\pituitary_Tr-pi_1190.jpg,train,tumor,pituitary,Training/pituitary/Tr-pi_1190.jpg,630cffa2128731e97198108bdc1e7e71,512,512
data\binary\train\no_tumor\notumor_Tr-no_981.jpg,train,no_tumor,notumor,Training/notumor/Tr-no_981.jpg,c54cec15dfbe7b2d1e88eb6e675f2dae,441,442
data\binary\train\tumor\glioma_Tr-gl_229.jpg,train,tumor,glioma,Training/glioma/Tr-gl_229.jpg,de100c8947945279018fce75cf69bb4f,512,512
data\binary\train\tumor\meningioma_Tr-me_1025.jpg,train,tumor,meningioma,Training/meningioma/Tr-me_1025.jpg,5b4175768a396f4ebd8fe7be2f6d6936,512,512
data\binary\train\tumor\glioma_Tr-gl_1020.jpg,train,tumor,glioma,Training/glioma/Tr-gl_1020.jpg,1e6a4c07c297b43bff682cfb5adf0878,512,512
data\binary\train\tumor\pituitary_Tr-pi_425.jpg,train,tumor,pituitary,Training/pituitary/Tr-pi_425.jpg,6eae37d62de2dbc1c21cedc568282675,512,512
data\binary\train\no_tumor\notumor_Tr-no_401.jpg,train,no_tumor,notumor,Training/notumor/Tr-no_401.jpg,f1784c8124c232869b15ec455802ed9d,225,225
data\binary\train\tumor\meningioma_Tr-me_757.jpg,train,tumor,meningioma,Training/meningioma/Tr-me_757.jpg,5f28a09e2660973d861470efda21b505,512,512
data\binary\train\tumor\pituitary_Tr-pi_825.jpg,train,tumor,pituitary,Training/pituitary/Tr-pi_825.jpg,0d1551cac77563ae4fcbd36368b3f974,512,512
data\binary\train\tumor\glioma_Tr-gl_1092.jpg,train,tumor,glioma,Training/glioma/Tr-gl_1092.jpg,4435c186fc3e3ce2bc4ebed70469f5bd,512,512
data\binary\train\no_tumor\notumor_Tr-no_804.jpg,train,no_tumor,notumor,Training/notumor/Tr-no_804.jpg,274f5f6d65739f421e303107f5259df5,225,225
data\binary\train\tumor\glioma_Tr-gl_1099.jpg,train,tumor,glioma,Training/glioma/Tr-gl_1099.jpg,9a6652a31c1c25953260bd3c1173532c,512,512
data\binary\train\tumor\pituitary_Tr-pi_350.jpg,train,tumor,pituitary,Training/pituitary/Tr-pi_350.jpg,bf145b5e2e639519d02d24c061c22cd3,512,512
data\binary\train\tumor\meningioma_Tr-me_1092.jpg,train,tumor,meningioma,Training/meningioma/Tr-me_1092.jpg,875bdc5b5313465f18b0ccf684a5cba4,512,512
data\binary\train\tumor\meningioma_Tr-me_1058.jpg,train,tumor,meningioma,Training/meningioma/Tr-me_1058.jpg,bb56ede0de548afa6638c8305fb2756c,512,512
data\binary\train\tumor\pituitary_Tr-pi_923.jpg,train,tumor,pituitary,Training/pituitary/Tr-pi_923.jpg,1d5ae7e1693091766d7d87034efa0113,512,512
data\binary\train\tumor\glioma_Tr-gl_588.jpg,train,tumor,glioma,Training/glioma/Tr-gl_588.jpg,4671f160696bc18cbe8c091d64d9b997,512,512
data\binary\train\tumor\glioma_Tr-gl_1286.jpg,train,tumor,glioma,Training/glioma/Tr-gl_1286.jpg,4c064d29058742a91ffb49a2599b948b,512,512
data\binary\train\tumor\glioma_Tr-gl_363.jpg,train,tumor,glioma,Training/glioma/Tr-gl_363.jpg,be774a8a61c18b511c4794a3527999ef,512,512
data\binary\train\tumor\glioma_Tr-gl_919.jpg,train,tumor,glioma,Training/glioma/Tr-gl_919.jpg,82305fdbdade1fc368415bb138916733,512,512
data\binary\train\tumor\meningioma_Tr-me_225.jpg,train,tumor,meningioma,Training/meningioma/Tr-me_225.jpg,21b0f61657f9f81817b4ec468871333c,512,512
data\binary\train\tumor\pituitary_Tr-pi_874.jpg,train,tumor,pituitary,Training/pituitary/Tr-pi_874.jpg,12d57e316cca16921fbad774dfd304e3,512,512
data\binary\train\tumor\glioma_Tr-gl_1249.jpg,train,tumor,glioma,Training/glioma/Tr-gl_1249.jpg,525e322ce9051c864c78abfb9671fa6d,512,512
data\binary\train\tumor\meningioma_Tr-me_678.jpg,train,tumor,meningioma,Training/meningioma/Tr-me_678.jpg,fa3c485c004ca9f690771d7f447b39a4,206,245
data\binary\train\tumor\glioma_Tr-gl_153.jpg,train,tumor,glioma,Training/glioma/Tr-gl_153.jpg,5249c47d0ffcc5960c2b8c7f4df114bf,512,512
data\binary\train\no_tumor\notumor_Tr-no_1222.jpg,train,no_tumor,notumor,Training/notumor/Tr-no_1222.jpg,db2f5851a04741bd8542eb70f62da2b4,225,225
data\binary\train\no_tumor\notumor_Tr-no_1031.jpg,train,no_tumor,notumor,Training/notumor/Tr-no_1031.jpg,90d1f9c0e7c3c4e120469f78524532c1,230,235
data\binary\train\tumor\pituitary_Tr-pi_897.jpg,train,tumor,pituitary,Training/pituitary/Tr-pi_897.jpg,9889dd3254bc24b3a83bf16746ebe11c,512,512
data\binary\train\tumor\meningioma_Tr-me_519.jpg,train,tumor,meningioma,Training/meningioma/Tr-me_519.jpg,6ff17312f0c6330fd59b44e92fe85662,512,512
data\binary\train\no_tumor\notumor_Tr-no_67.jpg,train,no_tumor,notumor,Training/notumor/Tr-no_67.jpg,ace73b14011423cb2b3c6b6f8e6485c8,225,225
data\binary\train\no_tumor\notumor_Tr-no_416.jpg,train,no_tumor,notumor,Training/notumor/Tr-no_416.jpg,1387112a2ca5824007c964f73761ca75,235,229
data\binary\train\tumor\glioma_Tr-gl_455.jpg,train,tumor,glioma,Training/glioma/Tr-gl_455.jpg,9b05661101b3f67bb1c91ec3c2144e29,512,512
data\binary\train\tumor\pituitary_Tr-pi_894.jpg,train,tumor,pituitary,Training/pituitary/Tr-pi_894.jpg,1e99acd21424e62266c188ba357fdb43,512,512
data\binary\train\no_tumor\notumor_Tr-no_1143.jpg,train,no_tumor,notumor,Training/notumor/Tr-no_1143.jpg,32777e544242071583c579af29cd770d,194,259
data\binary\train\tumor\glioma_Tr-gl_538.jpg,train,tumor,glioma,Training/glioma/Tr-gl_538.jpg,ee8911aa78d15294501a2fc20569f843,512,512
data\binary\train\no_tumor\notumor_Tr-no_794.jpg,train,no_tumor,notumor,Training/notumor/Tr-no_794.jpg,4c2541557255785fa206c65950e43cde,630,630
data\binary\train\tumor\pituitary_Tr-pi_803.jpg,train,tumor,pituitary,Training/pituitary/Tr-pi_803.jpg,6fe049a85d728e6030a40786f84ff83f,512,512
data\binary\train\tumor\pituitary_Tr-pi_1173.jpg,train,tumor,pituitary,Training/pituitary/Tr-pi_1173.jpg,5fa32aee97599f3e8cb1dd5ee87b6520,512,512
data\binary\train\tumor\meningioma_Tr-aug-me_30.jpg,train,tumor,meningioma,Training/meningioma/Tr-aug-me_30.jpg,04c5f483fddf49d10814bdc11b741064,512,512
data\binary\train\tumor\glioma_Tr-gl_624.jpg,train,tumor,glioma,Training/glioma/Tr-gl_624.jpg,68002f496717563e1c8508244c31b503,512,512
data\binary\train\no_tumor\notumor_Tr-no_259.jpg,train,no_tumor,notumor,Training/notumor/Tr-no_259.jpg,0a439093f52cc5cf98893b6d82023fb2,150,198
data\binary\train\tumor\pituitary_Tr-pi_316.jpg,train,tumor,pituitary,Training/pituitary/Tr-pi_316.jpg,de13a6c8a5c32863e8242cb2aa4a39aa,512,512
data\binary\train\no_tumor\notumor_Tr-no_1238.jpg,train,no_tumor,notumor,Training/notumor/Tr-no_1238.jpg,80ee434060adb68e7b4cfcaf2b089dd0,428,417
data\binary\train\tumor\glioma_Tr-gl_1383.jpg,train,tumor,glioma,Training/glioma/Tr-gl_1383.jpg,ea76d798639f3b4b1fd1ce1c973fd316,512,512
data\binary\train\tumor\meningioma_Tr-me_932.jpg,train,tumor,meningioma,Training/meningioma/Tr-me_932.jpg,89c11c7345cfb62dcf57827cda908bda,512,512
data\binary\train\no_tumor\notumor_Tr-no_210.jpg,train,no_tumor,notumor,Training/notumor/Tr-no_210.jpg,2b91f94d49e0d8b4a16de50fc205e58f,225,225
data\binary\train\tumor\meningioma_Tr-me_616.jpg,train,tumor,meningioma,Training/meningioma/Tr-me_616.jpg,0047debbf9ede24ff8c7a2517cb27164,200,235
data\binary\train\no_tumor\notumor_Tr-no_895.jpg,train,no_tumor,notumor,Training/notumor/Tr-no_895.jpg,65dedc47c873f920cf7a742bd76f534c,680,680
data\binary\train\tumor\glioma_Tr-gl_576.jpg,train,tumor,glioma,Training/glioma/Tr-gl_576.jpg,59ed2b9eef9e853ae1bee13cd4c9ac29,512,512
data\binary\train\tumor\meningioma_Tr-aug-me_86.jpg,train,tumor,meningioma,Training/meningioma/Tr-aug-me_86.jpg,355d8b0ff4851109df5449a5b53518f3,512,512
data\binary\train\tumor\pituitary_Tr-pi_82.jpg,train,tumor,pituitary,Training/pituitary/Tr-pi_82.jpg,678f01cc7212bdedca1a6bb73bbf3702,512,512
data\binary\train\tumor\meningioma_Tr-me_805.jpg,train,tumor,meningioma,Training/meningioma/Tr-me_805.jpg,1a2dd79b415a1e43bf4b76221e6e291a,512,512
data\binary\train\tumor\meningioma_Tr-me_1161.jpg,train,tumor,meningioma,Training/meningioma/Tr-me_1161.jpg,83a2289cd83d6c4cd3bbd24dc8291c06,512,512
data\binary\train\tumor\glioma_Tr-gl_655.jpg,train,tumor,glioma,Training/glioma/Tr-gl_655.jpg,5831cbec4d76481e95e4c6fc85c5042d,512,512
data\binary\train\tumor\pituitary_Tr-pi_217.jpg,train,tumor,pituitary,Training/pituitary/Tr-pi_217.jpg,5d0d462ff44467b17b075fdc6098deaf,512,512
data\binary\train\tumor\pituitary_Tr-pi_1292.jpg,train,tumor,pituitary,Training/pituitary/Tr-pi_1292.jpg,325c2c587d159e54a0f3cf21f80c3772,512,512
data\binary\train\tumor\pituitary_Tr-pi_818.jpg,train,tumor,pituitary,Training/pituitary/Tr-pi_818.jpg,2953c0901ee2ca5cac6783f90625611a,512,512
data\binary\train\tumor\glioma_Tr-gl_62.jpg,train,tumor,glioma,Training/glioma/Tr-gl_62.jpg,f8423de0aa4910d78c04820947d6c967,512,512
data\binary\train\no_tumor\notumor_Tr-no_307.jpg,train,no_tumor,notumor,Training/notumor/Tr-no_307.jpg,be2baf9b6e3702b044ea69563fdd0b52,203,248
data\binary\train\tumor\pituitary_Tr-pi_571.jpg,train,tumor,pituitary,Training/pituitary/Tr-pi_571.jpg,ef253ba1b22ce3eefaadb3ce9afe93d4,512,512
data\binary\train\tumor\glioma_Tr-gl_324.jpg,train,tumor,glioma,Training/glioma/Tr-gl_324.jpg,d3292a7c6d0a98080f376d6d56c5956a,512,512
data\binary\train\no_tumor\notumor_Tr-no_220.jpg,train,no_tumor,notumor,Training/notumor/Tr-no_220.jpg,da2a476aca5e9062374ab9975de99f46,225,225
data\binary\train\tumor\glioma_Tr-gl_1015.jpg,train,tumor,glioma,Training/glioma/Tr-gl_1015.jpg,07599cd91695c63b1d4007b63f2e8fea,512,512
data\binary\train\tumor\meningioma_Tr-me_641.jpg,train,tumor,meningioma,Training/meningioma/Tr-me_641.jpg,b3f0f9101baecc44c19ccb7d13e3957f,512,512
data\binary\train\tumor\glioma_Tr-gl_97.jpg,train,tumor,glioma,Training/glioma/Tr-gl_97.jpg,f080e14a45a23e148318b2a9a86a419e,512,512
data\binary\train\tumor\meningioma_Tr-me_1284.jpg,train,tumor,meningioma,Training/meningioma/Tr-me_1284.jpg,ce703250d344390d3bacacfff4b1aa4c,512,512
data\binary\train\tumor\pituitary_Tr-pi_916.jpg,train,tumor,pituitary,Training/pituitary/Tr-pi_916.jpg,0de4d4694fa08aeacf1fec68c5229370,512,512
data\binary\train\tumor\meningioma_Tr-me_847.jpg,train,tumor,meningioma,Training/meningioma/Tr-me_847.jpg,9659551135e132dd77d35957aff929c7,512,512
data\binary\train\tumor\pituitary_Tr-pi_259.jpg,train,tumor,pituitary,Training/pituitary/Tr-pi_259.jpg,73398e4864b8e13c3ff399ad2b8e1974,512,512
data\binary\train\tumor\pituitary_Tr-pi_652.jpg,train,tumor,pituitary,Training/pituitary/Tr-pi_652.jpg,7f1838a630367f61d3fb8d641ba85d91,512,512
data\binary\train\tumor\meningioma_Tr-me_1258.jpg,train,tumor,meningioma,Training/meningioma/Tr-me_1258.jpg,7d162db8aa91c8a7cc6099dac97cac39,512,512
data\binary\train\tumor\glioma_Tr-gl_604.jpg,train,tumor,glioma,Training/glioma/Tr-gl_604.jpg,08625c9ac1dd2286c82f4c4dc24c9bb4,512,512
data\binary\train\no_tumor\notumor_Tr-no_290.jpg,train,no_tumor,notumor,Training/notumor/Tr-no_290.jpg,0961a3d77693e06c0448cf32545399be,380,530
data\binary\train\tumor\glioma_Tr-gl_396.jpg,train,tumor,glioma,Training/glioma/Tr-gl_396.jpg,f9dc49815708d859b4aadcc3704516dc,512,512
data\binary\train\tumor\pituitary_Tr-pi_427.jpg,train,tumor,pituitary,Training/pituitary/Tr-pi_427.jpg,1694066dda684740c2c1b412a4311d95,512,512
data\binary\train\tumor\meningioma_Tr-me_627.jpg,train,tumor,meningioma,Training/meningioma/Tr-me_627.jpg,5fdd2ea97458b88cd308cdd1cc7f2e49,512,512
data\binary\train\no_tumor\notumor_Tr-no_484.jpg,train,no_tumor,notumor,Training/notumor/Tr-no_484.jpg,f2a006fcf70e46aac9f9ca7c65f3a334,206,244
data\binary\train\tumor\meningioma_Tr-me_414.jpg,train,tumor,meningioma,Training/meningioma/Tr-me_414.jpg,d1e73f9a66a391388762c7601bd87332,512,512
data\binary\train\tumor\pituitary_Tr-pi_511.jpg,train,tumor,pituitary,Training/pituitary/Tr-pi_511.jpg,20aab11e9bacfe54cdb8d6e030007c3d,512,512
data\binary\train\tumor\meningioma_Tr-me_701.jpg,train,tumor,meningioma,Training/meningioma/Tr-me_701.jpg,13538e390c6fe8649142279a60d51535,512,512
data\binary\train\no_tumor\notumor_Tr-no_913.jpg,train,no_tumor,notumor,Training/notumor/Tr-no_913.jpg,d4d96660bb95b2a1ee554c4ee714ac60,236,243
data\binary\train\tumor\meningioma_Tr-me_260.jpg,train,tumor,meningioma,Training/meningioma/Tr-me_260.jpg,96f8982fb55546faf5cf2139cefd0aef,512,512
data\binary\train\tumor\meningioma_Tr-me_1207.jpg,train,tumor,meningioma,Training/meningioma/Tr-me_1207.jpg,2a7d661581676de65dafc35075f0ac5d,512,512
data\binary\train\tumor\pituitary_Tr-pi_17.jpg,train,tumor,pituitary,Training/pituitary/Tr-pi_17.jpg,008c98403b057fc344bf0a9f2e7de6c2,900,741
data\binary\train\tumor\pituitary_Tr-pi_650.jpg,train,tumor,pituitary,Training/pituitary/Tr-pi_650.jpg,7fadc2f4fa8f1ae624d904e0176160b3,512,512
data\binary\train\no_tumor\notumor_Tr-no_1309.jpg,train,no_tumor,notumor,Training/notumor/Tr-no_1309.jpg,1b2d322078b0e4fe2357333142491edd,442,442
data\binary\train\tumor\glioma_Tr-gl_1272.jpg,train,tumor,glioma,Training/glioma/Tr-gl_1272.jpg,83380b6468696faacfb022ad46e8b6c2,512,512
data\binary\train\tumor\glioma_Tr-gl_1001.jpg,train,tumor,glioma,Training/glioma/Tr-gl_1001.jpg,41d9e2084b3eb0848b388e9239c17ba0,512,512
data\binary\train\tumor\glioma_Tr-gl_505.jpg,train,tumor,glioma,Training/glioma/Tr-gl_505.jpg,fd34b3e99ce6b4db25abb23284afb5dc,512,512
data\binary\train\no_tumor\notumor_Tr-no_1109.jpg,train,no_tumor,notumor,Training/notumor/Tr-no_1109.jpg,4203b88f2ff81d366a5a4a77674314f6,494,600
data\binary\train\tumor\pituitary_Tr-pi_848.jpg,train,tumor,pituitary,Training/pituitary/Tr-pi_848.jpg,5740506b6483c730f1b1b5557da2fe19,512,512
data\binary\train\tumor\glioma_Tr-gl_913.jpg,train,tumor,glioma,Training/glioma/Tr-gl_913.jpg,197c732931e224b1e61f007df3845786,512,512
data\binary\train\no_tumor\notumor_Tr-no_1314.jpg,train,no_tumor,notumor,Training/notumor/Tr-no_1314.jpg,ca34db6bc1f3abc9debedda1a06ad06f,442,454
data\binary\train\no_tumor\notumor_Tr-no_776.jpg,train,no_tumor,notumor,Training/notumor/Tr-no_776.jpg,831a203252d3ceea324de630f336f7ed,173,201
data\binary\train\tumor\glioma_Tr-gl_807.jpg,train,tumor,glioma,Training/glioma/Tr-gl_807.jpg,80394613e935ab12286131d4856182d4,512,512
data\binary\train\tumor\meningioma_Tr-me_753.jpg,train,tumor,meningioma,Training/meningioma/Tr-me_753.jpg,45231709563f713e8e70fd3578239209,252,303
data\binary\train\tumor\glioma_Tr-gl_523.jpg,train,tumor,glioma,Training/glioma/Tr-gl_523.jpg,04c4eb47a6f8f606b9ed98509c6b25e5,512,512
data\binary\train\tumor\glioma_Tr-gl_1273.jpg,train,tumor,glioma,Training/glioma/Tr-gl_1273.jpg,c295da728731eac042fee8b4d23a0bca,512,512
data\binary\train\no_tumor\notumor_Tr-no_624.jpg,train,no_tumor,notumor,Training/notumor/Tr-no_624.jpg,a1c91bd56de946a924bbc17e10528af1,173,201
data\binary\train\tumor\pituitary_Tr-pi_1065.jpg,train,tumor,pituitary,Training/pituitary/Tr-pi_1065.jpg,c179dcbe93bfafaa5a902876fbae3496,512,512
data\binary\train\tumor\glioma_Tr-gl_631.jpg,train,tumor,glioma,Training/glioma/Tr-gl_631.jpg,a87e66728823bb120ee181242e7a1de5,512,512
data\binary\train\tumor\pituitary_Tr-pi_660.jpg,train,tumor,pituitary,Training/pituitary/Tr-pi_660.jpg,7fd41e98db4eb433de1a20c7dac9ef81,512,512
data\binary\train\tumor\pituitary_Tr-pi_113.jpg,train,tumor,pituitary,Training/pituitary/Tr-pi_113.jpg,d7f306bf93cd2be07164150bac0fda04,512,512
data\binary\train\no_tumor\notumor_Tr-no_789.jpg,train,no_tumor,notumor,Training/notumor/Tr-no_789.jpg,d5d28dcda2da4f1ee99d85a159ebc8d4,225,225
data\binary\train\tumor\pituitary_Tr-pi_214.jpg,train,tumor,pituitary,Training/pituitary/Tr-pi_214.jpg,76523907a65380d9d5dde2fedbf70978,512,512
data\binary\train\tumor\glioma_Tr-gl_847.jpg,train,tumor,glioma,Training/glioma/Tr-gl_847.jpg,b9f11518430a3df60225f3760646eeb7,512,512
data\binary\train\no_tumor\notumor_Tr-no_184.jpg,train,no_tumor,notumor,Training/notumor/Tr-no_184.jpg,0d02c2280e7c0e1060a9bc1f9cc6e300,225,225
data\binary\train\tumor\meningioma_Tr-me_1241.jpg,train,tumor,meningioma,Training/meningioma/Tr-me_1241.jpg,b6e4a7cc53d212492cf1fd1b474261a0,512,512
data\binary\train\tumor\meningioma_Tr-me_64.jpg,train,tumor,meningioma,Training/meningioma/Tr-me_64.jpg,9a6948cb8125e94744421fd00d476223,512,512
data\binary\train\tumor\pituitary_Tr-pi_876.jpg,train,tumor,pituitary,Training/pituitary/Tr-pi_876.jpg,db462ef5ba17b73623d74aca7934afb4,512,512
data\binary\train\tumor\meningioma_Tr-me_1135.jpg,train,tumor,meningioma,Training/meningioma/Tr-me_1135.jpg,a338c1b9c9ac991ed0241e184ea987e5,512,512
data\binary\train\tumor\meningioma_Tr-me_1210.jpg,train,tumor,meningioma,Training/meningioma/Tr-me_1210.jpg,b6380bb69d4200490a39cc2cd44baf04,512,512
data\binary\train\tumor\pituitary_Tr-pi_1201.jpg,train,tumor,pituitary,Training/pituitary/Tr-pi_1201.jpg,f90c6fb50329c25db618afc42d6162fa,512,512
data\binary\train\tumor\meningioma_Tr-me_37.jpg,train,tumor,meningioma,Training/meningioma/Tr-me_37.jpg,3de52dec4f1d5970fcfa346031357297,512,512
data\binary\train\no_tumor\notumor_Tr-no_1174.jpg,train,no_tumor,notumor,Training/notumor/Tr-no_1174.jpg,2da623f4c9306e18da48519a08cb4750,173,201
data\binary\train\no_tumor\notumor_Tr-no_1367.jpg,train,no_tumor,notumor,Training/notumor/Tr-no_1367.jpg,4c44f9cda91cb62c6dd49df78e1c25cb,235,214
data\binary\train\tumor\glioma_Tr-gl_1271.jpg,train,tumor,glioma,Training/glioma/Tr-gl_1271.jpg,828976a28283eecb6c678b9a692d1a77,512,512
data\binary\train\tumor\glioma_Tr-gl_514.jpg,train,tumor,glioma,Training/glioma/Tr-gl_514.jpg,5a054a86328a686e5868df183c0fc9b3,512,512
data\binary\train\no_tumor\notumor_Tr-no_71.jpg,train,no_tumor,notumor,Training/notumor/Tr-no_71.jpg,8a302024c43f6b8a42c339737c8237b7,230,282
data\binary\train\no_tumor\notumor_Tr-no_236.jpg,train,no_tumor,notumor,Training/notumor/Tr-no_236.jpg,4c79c4229241fd03a439f39cc9333d26,504,540
data\binary\train\tumor\pituitary_Tr-pi_822.jpg,train,tumor,pituitary,Training/pituitary/Tr-pi_822.jpg,23b545c2fc37aa83e9a696ef66a5ccbb,512,512
data\binary\train\tumor\meningioma_Tr-me_1034.jpg,train,tumor,meningioma,Training/meningioma/Tr-me_1034.jpg,42a144c748c7fd548738aef2f0a9c98b,512,512
data\binary\train\tumor\meningioma_Tr-me_346.jpg,train,tumor,meningioma,Training/meningioma/Tr-me_346.jpg,e9d0b58eb4433a709c8d38dfa37b013c,512,512
data\binary\train\tumor\glioma_Tr-gl_746.jpg,train,tumor,glioma,Training/glioma/Tr-gl_746.jpg,7f9b1705bd70097b93356381a113807e,512,512
data\binary\train\tumor\pituitary_Tr-pi_601.jpg,train,tumor,pituitary,Training/pituitary/Tr-pi_601.jpg,5f2ab0f5245b5f90584ed5aad625a5a3,512,512
data\binary\train\tumor\meningioma_Tr-aug-me_49.jpg,train,tumor,meningioma,Training/meningioma/Tr-aug-me_49.jpg,2589bff41fd31237ec446ebc523c55b4,512,512
data\binary\train\tumor\meningioma_Tr-aug-me_20.jpg,train,tumor,meningioma,Training/meningioma/Tr-aug-me_20.jpg,47b2330acaeff46147a66d94b4f14108,512,512
data\binary\train\tumor\pituitary_Tr-pi_175.jpg,train,tumor,pituitary,Training/pituitary/Tr-pi_175.jpg,04fff36981034af5c9fe468ad8fec6b1,512,512
data\binary\train\tumor\glioma_Tr-gl_1213.jpg,train,tumor,glioma,Training/glioma/Tr-gl_1213.jpg,95f63d594138fa63f35ae8e32b049b53,512,512
data\binary\train\no_tumor\notumor_Tr-no_198.jpg,train,no_tumor,notumor,Training/notumor/Tr-no_198.jpg,e0c3ce7e4015c6b109b11b17c60022ff,648,674
data\binary\train\tumor\glioma_Tr-gl_823.jpg,train,tumor,glioma,Training/glioma/Tr-gl_823.jpg,a1d9d070968e97029aee04e6b4164acf,512,512
data\binary\train\tumor\pituitary_Tr-pi_879.jpg,train,tumor,pituitary,Training/pituitary/Tr-pi_879.jpg,1ca3c63216b4982c78e306248a730d9c,512,512
data\binary\train\no_tumor\notumor_Tr-no_118.jpg,train,no_tumor,notumor,Training/notumor/Tr-no_118.jpg,f791ff141691d51494e04b6131560210,225,225
data\binary\train\tumor\glioma_Tr-gl_433.jpg,train,tumor,glioma,Training/glioma/Tr-gl_433.jpg,1ed11ac36bacf7e0c3956dbb7fc9672c,512,512
data\binary\train\tumor\glioma_Tr-gl_481.jpg,train,tumor,glioma,Training/glioma/Tr-gl_481.jpg,c3f2e98e230cb2740e612c476f99363d,512,512
data\binary\train\tumor\glioma_Tr-gl_769.jpg,train,tumor,glioma,Training/glioma/Tr-gl_769.jpg,864d978a8ac097603ab3b5b09963266c,512,512
data\binary\train\tumor\meningioma_Tr-me_1208.jpg,train,tumor,meningioma,Training/meningioma/Tr-me_1208.jpg,a568b18cfb07290d7d0ba056bf3186a5,512,512
data\binary\train\tumor\pituitary_Tr-pi_821.jpg,train,tumor,pituitary,Training/pituitary/Tr-pi_821.jpg,00c21049658b3014a7ec674dd57d50ae,512,512
data\binary\train\tumor\meningioma_Tr-me_793.jpg,train,tumor,meningioma,Training/meningioma/Tr-me_793.jpg,481d8fe163fef25ce524e8d92852c2e2,512,512
data\binary\train\tumor\glioma_Tr-gl_858.jpg,train,tumor,glioma,Training/glioma/Tr-gl_858.jpg,d5e1afc78e73330171cd92ef4e4fdcfa,512,512
data\binary\train\tumor\meningioma_Tr-aug-me_53.jpg,train,tumor,meningioma,Training/meningioma/Tr-aug-me_53.jpg,ac9ae5330ea785b489b49b3941bca0ba,512,512
data\binary\train\tumor\glioma_Tr-gl_578.jpg,train,tumor,glioma,Training/glioma/Tr-gl_578.jpg,64f4eb6768b06ec175705feaedb7bb19,512,512
data\binary\train\tumor\glioma_Tr-gl_502.jpg,train,tumor,glioma,Training/glioma/Tr-gl_502.jpg,eafd7b23dd504aab8eab53f3be8b9880,512,512
data\binary\train\tumor\meningioma_Tr-me_918.jpg,train,tumor,meningioma,Training/meningioma/Tr-me_918.jpg,6f176b023a093706ea952482782f5205,512,512
data\binary\train\tumor\glioma_Tr-gl_790.jpg,train,tumor,glioma,Training/glioma/Tr-gl_790.jpg,ad1aa3a0367d5de069cd5d51139422fa,512,512
data\binary\train\no_tumor\notumor_Tr-no_1119.jpg,train,no_tumor,notumor,Training/notumor/Tr-no_1119.jpg,7e7e313b8b51eaa9c97cd20dd201d96b,441,442
data\binary\train\tumor\glioma_Tr-gl_1325.jpg,train,tumor,glioma,Training/glioma/Tr-gl_1325.jpg,5d822d1e578088ec6da8ae70d59d17bb,512,512
data\binary\train\tumor\glioma_Tr-gl_1074.jpg,train,tumor,glioma,Training/glioma/Tr-gl_1074.jpg,e06dffde343eaa3f4728c0231071873e,512,512
data\binary\train\tumor\meningioma_Tr-me_868.jpg,train,tumor,meningioma,Training/meningioma/Tr-me_868.jpg,eac832c196ab9ef0c7765aa1e5326f48,512,512
data\binary\train\tumor\meningioma_Tr-me_289.jpg,train,tumor,meningioma,Training/meningioma/Tr-me_289.jpg,c2440e8082b675f25bbf9e5c44ebfc8e,306,365
data\binary\train\no_tumor\notumor_Tr-no_335.jpg,train,no_tumor,notumor,Training/notumor/Tr-no_335.jpg,ca3bd0bac336ef8ca03a976173d40e68,225,225
data\binary\train\tumor\glioma_Tr-gl_868.jpg,train,tumor,glioma,Training/glioma/Tr-gl_868.jpg,85faf8d547c52d8718ba161ec3c7801f,512,512
data\binary\train\tumor\glioma_Tr-gl_195.jpg,train,tumor,glioma,Training/glioma/Tr-gl_195.jpg,e75c237d4f4bdfcdfb75f457290c0eb7,512,512
data\binary\train\tumor\pituitary_Tr-pi_120.jpg,train,tumor,pituitary,Training/pituitary/Tr-pi_120.jpg,680022005ea0acdf17c86efc8f81b931,383,436
data\binary\train\no_tumor\notumor_Tr-no_959.jpg,train,no_tumor,notumor,Training/notumor/Tr-no_959.jpg,7d5bb24e96e3e482fc7372101793190c,200,243
data\binary\train\no_tumor\notumor_Tr-no_1231.jpg,train,no_tumor,notumor,Training/notumor/Tr-no_1231.jpg,cd59d5b06a171fca743c9e6510e6230c,215,234
data\binary\train\no_tumor\notumor_Tr-no_1368.jpg,train,no_tumor,notumor,Training/notumor/Tr-no_1368.jpg,6618af80515329d862360e566ab8bc5c,504,540
data\binary\train\tumor\pituitary_Tr-pi_669.jpg,train,tumor,pituitary,Training/pituitary/Tr-pi_669.jpg,e5d4c1c6ca6a9dfc814d021375880e97,512,512
data\binary\train\no_tumor\notumor_Tr-no_1164.jpg,train,no_tumor,notumor,Training/notumor/Tr-no_1164.jpg,bee2caabdb292ef2f8a99c7b3b597be1,276,326
data\binary\train\tumor\pituitary_Tr-pi_400.jpg,train,tumor,pituitary,Training/pituitary/Tr-pi_400.jpg,9ec20e5ee0f071b0702b656bb03d36f4,512,512
data\binary\train\tumor\meningioma_Tr-me_852.jpg,train,tumor,meningioma,Training/meningioma/Tr-me_852.jpg,4bb02a510250b8c06d311e06e4ad5622,512,512
data\binary\train\tumor\meningioma_Tr-me_1261.jpg,train,tumor,meningioma,Training/meningioma/Tr-me_1261.jpg,41e360617b457c363e237082c4dcbec6,512,512
data\binary\train\tumor\meningioma_Tr-me_101.jpg,train,tumor,meningioma,Training/meningioma/Tr-me_101.jpg,c1386c2999b478fa66c502c2bff1855b,512,512
data\binary\train\tumor\pituitary_Tr-pi_1235.jpg,train,tumor,pituitary,Training/pituitary/Tr-pi_1235.jpg,d417fb3ddec93d99e3da78576af837a0,512,512
data\binary\train\tumor\glioma_Tr-gl_323.jpg,train,tumor,glioma,Training/glioma/Tr-gl_323.jpg,1c7bdee510dccaea20552554d8f2bfac,512,512
data\binary\train\tumor\glioma_Tr-gl_280.jpg,train,tumor,glioma,Training/glioma/Tr-gl_280.jpg,d18fa01ce0e6af63ca5b684dcbb60135,512,512
data\binary\train\tumor\meningioma_Tr-me_924.jpg,train,tumor,meningioma,Training/meningioma/Tr-me_924.jpg,1d14098c2b36bccab12efd7574cd0f78,512,512
data\binary\train\tumor\glioma_Tr-gl_1182.jpg,train,tumor,glioma,Training/glioma/Tr-gl_1182.jpg,2e02cc29eb443328f4c120212a427b2b,512,512
data\binary\train\tumor\glioma_Tr-gl_884.jpg,train,tumor,glioma,Training/glioma/Tr-gl_884.jpg,74420c07a2098a64c8dd874acdc9812c,512,512
data\binary\train\tumor\glioma_Tr-gl_1139.jpg,train,tumor,glioma,Training/glioma/Tr-gl_1139.jpg,1d20042d770d0dd58a78ddd678a3eb6d,512,512
data\binary\train\tumor\meningioma_Tr-me_124.jpg,train,tumor,meningioma,Training/meningioma/Tr-me_124.jpg,f2354e087f1be6a98c17bc6a2ade53e2,512,512
data\binary\train\tumor\meningioma_Tr-me_526.jpg,train,tumor,meningioma,Training/meningioma/Tr-me_526.jpg,ce44bc786156330e9ac5595cc16e3f03,512,512
data\binary\train\tumor\pituitary_Tr-pi_1269.jpg,train,tumor,pituitary,Training/pituitary/Tr-pi_1269.jpg,b904b62ca41ebf3ddaa816e6089c418a,512,512
data\binary\train\tumor\meningioma_Tr-me_323.jpg,train,tumor,meningioma,Training/meningioma/Tr-me_323.jpg,7562676a9e332c31e2470095e3532a80,512,512
data\binary\train\tumor\meningioma_Tr-me_861.jpg,train,tumor,meningioma,Training/meningioma/Tr-me_861.jpg,adc276f9f227ce4d53d7ad14ee96124b,512,512
data\binary\train\tumor\glioma_Tr-gl_516.jpg,train,tumor,glioma,Training/glioma/Tr-gl_516.jpg,522e195701b09ee78ecd7d21ec286767,512,512
data\binary\train\no_tumor\notumor_Tr-no_1039.jpg,train,no_tumor,notumor,Training/notumor/Tr-no_1039.jpg,e0e9fee7b1fe0b3a4fc4af3189e2dc1f,630,630
data\binary\train\no_tumor\notumor_Tr-no_943.jpg,train,no_tumor,notumor,Training/notumor/Tr-no_943.jpg,ff58c0337e6a89a733ea65e825f8f70b,214,236
data\binary\train\tumor\glioma_Tr-gl_1086.jpg,train,tumor,glioma,Training/glioma/Tr-gl_1086.jpg,4b7fdb47e5177e7bb4b65ceb5b0c2dd8,512,512
data\binary\train\tumor\meningioma_Tr-me_69.jpg,train,tumor,meningioma,Training/meningioma/Tr-me_69.jpg,116aae4ab8d83fa8b2b2fb5b51ee6aef,512,512
data\binary\train\tumor\pituitary_Tr-pi_225.jpg,train,tumor,pituitary,Training/pituitary/Tr-pi_225.jpg,0c65f470d9aff8cc26df417ec684e1e9,512,512
data\binary\train\no_tumor\notumor_Tr-no_205.jpg,train,no_tumor,notumor,Training/notumor/Tr-no_205.jpg,c3f045f0b90ef81b5df54a2f90d1d386,225,225
data\binary\train\tumor\glioma_Tr-gl_432.jpg,train,tumor,glioma,Training/glioma/Tr-gl_432.jpg,2e69abebd1a487bd8bdebb80191dcb51,512,512
data\binary\train\tumor\meningioma_Tr-me_881.jpg,train,tumor,meningioma,Training/meningioma/Tr-me_881.jpg,e095d21247cd57306bc52b1dee331b67,512,512
data\binary\train\tumor\meningioma_Tr-me_339.jpg,train,tumor,meningioma,Training/meningioma/Tr-me_339.jpg,af3a4cf5d54bd454b733bfe3d2177b4a,455,500
data\binary\train\tumor\meningioma_Tr-me_642.jpg,train,tumor,meningioma,Training/meningioma/Tr-me_642.jpg,7a3cc9573e8db9a7c27e77676f05b752,512,512
data\binary\train\tumor\meningioma_Tr-me_858.jpg,train,tumor,meningioma,Training/meningioma/Tr-me_858.jpg,61dca9a24624df985808863d27ec355b,298,354
data\binary\train\tumor\meningioma_Tr-me_833.jpg,train,tumor,meningioma,Training/meningioma/Tr-me_833.jpg,7a3ec8312ee69e731794b62dec255d66,512,512
data\binary\train\no_tumor\notumor_Tr-no_117.jpg,train,no_tumor,notumor,Training/notumor/Tr-no_117.jpg,c8b9e90a6a2ed05a0600ed432c436cfe,235,214
data\binary\train\tumor\meningioma_Tr-me_926.jpg,train,tumor,meningioma,Training/meningioma/Tr-me_926.jpg,dc092a5e244a60ecd00cf5ec94999e1d,512,512
data\binary\train\no_tumor\notumor_Tr-no_872.jpg,train,no_tumor,notumor,Training/notumor/Tr-no_872.jpg,4bb4e278677833186fa60a9e12178ef1,236,273
data\binary\train\tumor\pituitary_Tr-pi_208.jpg,train,tumor,pituitary,Training/pituitary/Tr-pi_208.jpg,af9046cee39512752e42ae38ef8a9532,512,512
data\binary\train\tumor\pituitary_Tr-pi_913.jpg,train,tumor,pituitary,Training/pituitary/Tr-pi_913.jpg,6ea1621c669c09b594422b4566671d37,512,512
data\binary\train\tumor\meningioma_Tr-me_954.jpg,train,tumor,meningioma,Training/meningioma/Tr-me_954.jpg,a6217c69806da4eac0493ed430a49ce2,442,442
data\binary\train\no_tumor\notumor_Tr-no_1022.jpg,train,no_tumor,notumor,Training/notumor/Tr-no_1022.jpg,12a76d8a85ca07431a6097716fa58272,441,442
data\binary\train\tumor\meningioma_Tr-me_1136.jpg,train,tumor,meningioma,Training/meningioma/Tr-me_1136.jpg,b54f1fe2e0ebc0f1b293acca3c91243c,512,512
data\binary\train\tumor\glioma_Tr-gl_1191.jpg,train,tumor,glioma,Training/glioma/Tr-gl_1191.jpg,bb851716cea976e438a0dc8936ed5557,512,512
data\binary\train\no_tumor\notumor_Tr-no_1071.jpg,train,no_tumor,notumor,Training/notumor/Tr-no_1071.jpg,b8d14f6b7bb7e7fd03437cc34fdc7bd9,225,225
data\binary\train\tumor\glioma_Tr-gl_550.jpg,train,tumor,glioma,Training/glioma/Tr-gl_550.jpg,fcee3731d8b91ef8e06fd1690a61b960,512,512
data\binary\train\no_tumor\notumor_Tr-no_610.jpg,train,no_tumor,notumor,Training/notumor/Tr-no_610.jpg,cca613bcd2e3bfe6496559ded56d8087,225,225
data\binary\train\tumor\pituitary_Tr-pi_247.jpg,train,tumor,pituitary,Training/pituitary/Tr-pi_247.jpg,9746a2f671313d4c23de67ac1890a150,256,256
data\binary\train\tumor\pituitary_Tr-pi_92.jpg,train,tumor,pituitary,Training/pituitary/Tr-pi_92.jpg,35c0b11fb5bb830b8de3485f74426942,512,512
data\binary\train\tumor\glioma_Tr-gl_1022.jpg,train,tumor,glioma,Training/glioma/Tr-gl_1022.jpg,e780db312c2fd2f4e030f631936e137d,512,512
data\binary\train\no_tumor\notumor_Tr-no_537.jpg,train,no_tumor,notumor,Training/notumor/Tr-no_537.jpg,6adda2f647be1a756acbd7495482b1d8,236,236
data\binary\train\no_tumor\notumor_Tr-no_1281.jpg,train,no_tumor,notumor,Training/notumor/Tr-no_1281.jpg,d4213cadb7fdc260baf35de0ef3072bd,200,252
data\binary\train\no_tumor\notumor_Tr-no_468.jpg,train,no_tumor,notumor,Training/notumor/Tr-no_468.jpg,c0da0bddec6a537a77c399a35ba71b31,225,225
data\binary\train\no_tumor\notumor_Tr-no_1345.jpg,train,no_tumor,notumor,Training/notumor/Tr-no_1345.jpg,ea81cd0779b4f4f4cf3a8c46756780a6,206,244
data\binary\train\no_tumor\notumor_Tr-no_369.jpg,train,no_tumor,notumor,Training/notumor/Tr-no_369.jpg,1d0442fd2d823702d83a75ba8fb886c9,504,540
data\binary\train\tumor\meningioma_Tr-me_466.jpg,train,tumor,meningioma,Training/meningioma/Tr-me_466.jpg,e20c3f7ddc32c1ad1df7a124c63fa247,512,512
data\binary\train\tumor\pituitary_Tr-pi_792.jpg,train,tumor,pituitary,Training/pituitary/Tr-pi_792.jpg,928bca276c184fecac543e2fb6b72236,512,512
data\binary\train\tumor\meningioma_Tr-me_556.jpg,train,tumor,meningioma,Training/meningioma/Tr-me_556.jpg,d6bc94fe607a1ca89a2476e153a48481,512,512
data\binary\train\tumor\meningioma_Tr-me_1166.jpg,train,tumor,meningioma,Training/meningioma/Tr-me_1166.jpg,0998f1d7c82c65530ed31227b91f2e67,225,225
data\binary\train\tumor\glioma_Tr-gl_1069.jpg,train,tumor,glioma,Training/glioma/Tr-gl_1069.jpg,7ed70b21713463d6ac1312ebb014a0db,512,512
data\binary\train\no_tumor\notumor_Tr-no_844.jpg,train,no_tumor,notumor,Training/notumor/Tr-no_844.jpg,ada5790e0748c54695e1b607911550f7,717,717
data\binary\train\tumor\glioma_Tr-gl_1045.jpg,train,tumor,glioma,Training/glioma/Tr-gl_1045.jpg,a9c105bf220365475b2ef87f93feb136,512,512
data\binary\train\no_tumor\notumor_Tr-no_181.jpg,train,no_tumor,notumor,Training/notumor/Tr-no_181.jpg,3d9359231e7590ebdbff71add8065923,201,251
data\binary\train\tumor\pituitary_Tr-pi_960.jpg,train,tumor,pituitary,Training/pituitary/Tr-pi_960.jpg,46c1439fcdc5ecdc6c6c80311d1a7c5e,474,474
data\binary\train\tumor\meningioma_Tr-me_175.jpg,train,tumor,meningioma,Training/meningioma/Tr-me_175.jpg,e06f111f0ecc232b7e8ae38096aa7d13,512,512
data\binary\train\tumor\glioma_Tr-gl_1303.jpg,train,tumor,glioma,Training/glioma/Tr-gl_1303.jpg,1e0a20b970070b2195233e0ca08505a6,512,512
data\binary\train\tumor\pituitary_Tr-pi_751.jpg,train,tumor,pituitary,Training/pituitary/Tr-pi_751.jpg,5f12e685f2d315a409fd1a4579fddc57,512,512
data\binary\train\tumor\pituitary_Tr-pi_372.jpg,train,tumor,pituitary,Training/pituitary/Tr-pi_372.jpg,27087490f8d818acc53a2a0dfd99a113,512,512
data\binary\train\tumor\pituitary_Tr-pi_107.jpg,train,tumor,pituitary,Training/pituitary/Tr-pi_107.jpg,7ec62e0140d76cf6be5e2981c41246f6,512,512
data\binary\train\tumor\glioma_Tr-gl_1312.jpg,train,tumor,glioma,Training/glioma/Tr-gl_1312.jpg,eab104bdc1621ea0ce2450ae22a25d85,512,512
data\binary\train\tumor\pituitary_Tr-pi_314.jpg,train,tumor,pituitary,Training/pituitary/Tr-pi_314.jpg,8e7aae5d6f89a83ed4c5e8d90e880fab,512,512
data\binary\train\tumor\meningioma_Tr-me_1222.jpg,train,tumor,meningioma,Training/meningioma/Tr-me_1222.jpg,6b671bef2d56ad0ae68680333502738e,512,512
data\binary\train\tumor\meningioma_Tr-me_1000.jpg,train,tumor,meningioma,Training/meningioma/Tr-me_1000.jpg,372810931dc08cad40f70203dbd6f888,512,512
data\binary\train\tumor\meningioma_Tr-me_78.jpg,train,tumor,meningioma,Training/meningioma/Tr-me_78.jpg,f5a89b17f1cc431946fefc998327f3f0,512,512
data\binary\train\tumor\meningioma_Tr-me_1233.jpg,train,tumor,meningioma,Training/meningioma/Tr-me_1233.jpg,c44a0c3b07d900135f7e24172493e510,512,512
data\binary\train\no_tumor\notumor_Tr-no_35.jpg,train,no_tumor,notumor,Training/notumor/Tr-no_35.jpg,ccfff7250b6b04676662c3a81d289782,173,201
data\binary\train\tumor\pituitary_Tr-pi_750.jpg,train,tumor,pituitary,Training/pituitary/Tr-pi_750.jpg,4435a618b46cb8c2416c1925b5389d0e,512,512
data\binary\train\tumor\pituitary_Tr-pi_483.jpg,train,tumor,pituitary,Training/pituitary/Tr-pi_483.jpg,ec99b2318d254b8927c85209b45b8f06,512,512
data\binary\train\tumor\glioma_Tr-gl_1297.jpg,train,tumor,glioma,Training/glioma/Tr-gl_1297.jpg,783b2dcfc8a9d3b3c20f2ad8b1d8c946,512,512
data\binary\train\tumor\glioma_Tr-gl_612.jpg,train,tumor,glioma,Training/glioma/Tr-gl_612.jpg,b55616604ecc21cc4814c4879dfb0634,512,512
data\binary\train\tumor\glioma_Tr-gl_1081.jpg,train,tumor,glioma,Training/glioma/Tr-gl_1081.jpg,16768c16fd7b553a1dd920fb7e4cc725,512,512
data\binary\train\no_tumor\notumor_Tr-no_103.jpg,train,no_tumor,notumor,Training/notumor/Tr-no_103.jpg,87d57258b6f231dafe924da5115e96f6,225,225
data\binary\train\tumor\meningioma_Tr-me_147.jpg,train,tumor,meningioma,Training/meningioma/Tr-me_147.jpg,b1cd9b082dbae54dd4462c701db270fc,512,512
data\binary\train\tumor\meningioma_Tr-me_498.jpg,train,tumor,meningioma,Training/meningioma/Tr-me_498.jpg,4c3539a6cae2d8ee25e677d48821af15,512,512
data\binary\train\no_tumor\notumor_Tr-no_1313.jpg,train,no_tumor,notumor,Training/notumor/Tr-no_1313.jpg,021c41db346e7870a2d5326d185364c9,225,225
data\binary\train\tumor\glioma_Tr-gl_329.jpg,train,tumor,glioma,Training/glioma/Tr-gl_329.jpg,a2d1c8de1b6ac81cefc36d18585ebcb8,512,512
data\binary\train\tumor\meningioma_Tr-me_51.jpg,train,tumor,meningioma,Training/meningioma/Tr-me_51.jpg,39b02ccdf979b6b41b23a9d6ed4cf92f,512,512
data\binary\train\tumor\pituitary_Tr-pi_393.jpg,train,tumor,pituitary,Training/pituitary/Tr-pi_393.jpg,9ff1e2d850550c87c8b71f0674eeb680,512,512
data\binary\train\tumor\glioma_Tr-gl_994.jpg,train,tumor,glioma,Training/glioma/Tr-gl_994.jpg,39685dc006fc5bb604fd2fcffb79a3cf,512,512
data\binary\train\tumor\glioma_Tr-gl_1394.jpg,train,tumor,glioma,Training/glioma/Tr-gl_1394.jpg,18b0ed4b7c87dd4dc4ef727aff63dd3a,512,512
data\binary\train\no_tumor\notumor_Tr-no_1059.jpg,train,no_tumor,notumor,Training/notumor/Tr-no_1059.jpg,d342982ad128ffde5bd40d88d647002f,236,236
data\binary\train\tumor\meningioma_Tr-me_90.jpg,train,tumor,meningioma,Training/meningioma/Tr-me_90.jpg,6f94dc0c4fe69b220aa8188366a1ab17,512,512
data\binary\train\tumor\meningioma_Tr-me_565.jpg,train,tumor,meningioma,Training/meningioma/Tr-me_565.jpg,8f5bfa0737b3ae58a652f5b8e0adea70,512,512
data\binary\train\tumor\glioma_Tr-gl_974.jpg,train,tumor,glioma,Training/glioma/Tr-gl_974.jpg,d2cb9462cb1965d9272660b816aec343,512,512
data\binary\train\tumor\meningioma_Tr-me_244.jpg,train,tumor,meningioma,Training/meningioma/Tr-me_244.jpg,c21aab38ae305a69edf7e952a6a16707,512,512
data\binary\train\no_tumor\notumor_Tr-no_534.jpg,train,no_tumor,notumor,Training/notumor/Tr-no_534.jpg,ff0139122892f719f48b23fb732bed05,235,229
data\binary\train\tumor\glioma_Tr-gl_881.jpg,train,tumor,glioma,Training/glioma/Tr-gl_881.jpg,ea5a68cc823f55739d1d0fa4d563eb89,512,512
data\binary\train\tumor\pituitary_Tr-pi_519.jpg,train,tumor,pituitary,Training/pituitary/Tr-pi_519.jpg,3a9253a9d62489698604dd5b93656977,512,512
data\binary\train\tumor\meningioma_Tr-me_267.jpg,train,tumor,meningioma,Training/meningioma/Tr-me_267.jpg,78ea9d7f2283dc7ea5df813e19c3732c,512,512
data\binary\train\no_tumor\notumor_Tr-no_976.jpg,train,no_tumor,notumor,Training/notumor/Tr-no_976.jpg,74d43387fd5f5f08297417acd5558c5b,192,192
data\binary\train\tumor\glioma_Tr-gl_1252.jpg,train,tumor,glioma,Training/glioma/Tr-gl_1252.jpg,f7a6c829875ea6a5ec56e39f1e8dcb3f,512,512
data\binary\train\tumor\glioma_Tr-gl_829.jpg,train,tumor,glioma,Training/glioma/Tr-gl_829.jpg,cc9c94c4fd024a1bfe79a506f5c20750,512,512
data\binary\train\tumor\pituitary_Tr-pi_1364.jpg,train,tumor,pituitary,Training/pituitary/Tr-pi_1364.jpg,92095e2952e67f861e36a26260652e30,512,512
data\binary\train\no_tumor\notumor_Tr-no_1382.jpg,train,no_tumor,notumor,Training/notumor/Tr-no_1382.jpg,1cb6f2039d2dd65c8fcc8462026bec5a,276,326
data\binary\train\no_tumor\notumor_Tr-no_296.jpg,train,no_tumor,notumor,Training/notumor/Tr-no_296.jpg,f2d752015a3e051d3c185d49efab64b5,218,231
data\binary\train\tumor\glioma_Tr-gl_81.jpg,train,tumor,glioma,Training/glioma/Tr-gl_81.jpg,66b218ec1d7bcaf1327921bc13546f70,512,512
data\binary\train\no_tumor\notumor_Tr-no_878.jpg,train,no_tumor,notumor,Training/notumor/Tr-no_878.jpg,c3d50f75f5b338312642eb0164d0b071,232,217
data\binary\train\tumor\pituitary_Tr-pi_438.jpg,train,tumor,pituitary,Training/pituitary/Tr-pi_438.jpg,e64cc84d54d3fa69b766719820b93661,512,512
data\binary\train\tumor\meningioma_Tr-me_1190.jpg,train,tumor,meningioma,Training/meningioma/Tr-me_1190.jpg,ccf9fabb3f29af146e35bbdc587c55fc,512,512
data\binary\train\tumor\pituitary_Tr-pi_982.jpg,train,tumor,pituitary,Training/pituitary/Tr-pi_982.jpg,13ac7f0269fb59a98457453f5e12a330,512,512
data\binary\train\tumor\glioma_Tr-gl_483.jpg,train,tumor,glioma,Training/glioma/Tr-gl_483.jpg,78dc9099184acf0fa192716d97112f10,512,512
data\binary\train\no_tumor\notumor_Tr-no_228.jpg,train,no_tumor,notumor,Training/notumor/Tr-no_228.jpg,8d67c8578558895294951bbb9bda56e3,225,225
data\binary\train\tumor\meningioma_Tr-me_483.jpg,train,tumor,meningioma,Training/meningioma/Tr-me_483.jpg,847b5476eda333c7eac9c76d3335aa79,512,512
data\binary\train\no_tumor\notumor_Tr-no_316.jpg,train,no_tumor,notumor,Training/notumor/Tr-no_316.jpg,a33a6def4dfa739377a9da6e9510278b,225,225
data\binary\train\tumor\glioma_Tr-gl_559.jpg,train,tumor,glioma,Training/glioma/Tr-gl_559.jpg,3e44a76eaea8aef155d75338e9b67b3c,512,512
data\binary\train\no_tumor\notumor_Tr-no_1208.jpg,train,no_tumor,notumor,Training/notumor/Tr-no_1208.jpg,75b704201c2125c4ac02a0acf836802d,331,406
data\binary\train\no_tumor\notumor_Tr-no_523.jpg,train,no_tumor,notumor,Training/notumor/Tr-no_523.jpg,b1c4cd092f42ad80d0eba66ae8a1d4b7,255,236
data\binary\train\tumor\glioma_Tr-gl_1197.jpg,train,tumor,glioma,Training/glioma/Tr-gl_1197.jpg,6b9bc0fd81bf6ab44f37867aad96ec1d,512,512
data\binary\train\tumor\pituitary_Tr-pi_204.jpg,train,tumor,pituitary,Training/pituitary/Tr-pi_204.jpg,0c60c80a6e58aceca5b461a197485442,512,512
data\binary\train\tumor\glioma_Tr-gl_1209.jpg,train,tumor,glioma,Training/glioma/Tr-gl_1209.jpg,c7286161ab4d3224a45383e0edac715a,512,512
data\binary\train\tumor\pituitary_Tr-pi_1302.jpg,train,tumor,pituitary,Training/pituitary/Tr-pi_1302.jpg,7ad78e159261f055095d5413fbeacaf4,512,512
data\binary\train\tumor\meningioma_Tr-me_903.jpg,train,tumor,meningioma,Training/meningioma/Tr-me_903.jpg,2dca02361728d7c1ac36eeb30d597a2b,512,512
data\binary\train\tumor\meningioma_Tr-me_87.jpg,train,tumor,meningioma,Training/meningioma/Tr-me_87.jpg,2b36b5bf9dd9b27632463ac71c04b23c,512,512
data\binary\train\tumor\pituitary_Tr-pi_624.jpg,train,tumor,pituitary,Training/pituitary/Tr-pi_624.jpg,7d0c8477265edf6cb55e046dd00de1f2,512,512
data\binary\train\tumor\meningioma_Tr-me_706.jpg,train,tumor,meningioma,Training/meningioma/Tr-me_706.jpg,1abf1f6791ad06b291c641afb3387d4b,216,216
data\binary\train\no_tumor\notumor_Tr-no_250.jpg,train,no_tumor,notumor,Training/notumor/Tr-no_250.jpg,665bf16ea1489fb798ee0dd3acaade79,236,236
data\binary\train\no_tumor\notumor_Tr-no_285.jpg,train,no_tumor,notumor,Training/notumor/Tr-no_285.jpg,866a5a608e661eb2bd5bbdff7add0abd,215,234
data\binary\train\tumor\pituitary_Tr-pi_178.jpg,train,tumor,pituitary,Training/pituitary/Tr-pi_178.jpg,abe9d61e5d4912718fd44e6fb768a330,512,512
data\binary\train\tumor\glioma_Tr-gl_364.jpg,train,tumor,glioma,Training/glioma/Tr-gl_364.jpg,987ced7cff4b38f06570b5668d8f96e8,512,512
data\binary\train\tumor\glioma_Tr-gl_1292.jpg,train,tumor,glioma,Training/glioma/Tr-gl_1292.jpg,cfdf1fcb16ff24a550aa90d70bf2c79f,512,512
data\binary\train\tumor\pituitary_Tr-pi_907.jpg,train,tumor,pituitary,Training/pituitary/Tr-pi_907.jpg,cb0d3b4d85f3e2298704f622b4d280bf,512,512
data\binary\train\tumor\glioma_Tr-gl_388.jpg,train,tumor,glioma,Training/glioma/Tr-gl_388.jpg,d5ac00e60c72ef35b0df790e2812dce5,512,512
data\binary\train\tumor\meningioma_Tr-me_40.jpg,train,tumor,meningioma,Training/meningioma/Tr-me_40.jpg,e81903a19a1f9408924a113472dfa89a,512,512
data\binary\train\tumor\glioma_Tr-gl_1320.jpg,train,tumor,glioma,Training/glioma/Tr-gl_1320.jpg,f69d301f9a712c0357ff43025504bac8,512,512
data\binary\train\tumor\glioma_Tr-gl_1098.jpg,train,tumor,glioma,Training/glioma/Tr-gl_1098.jpg,e3191f2fbd4438f80a6b6d5f7a70b96b,512,512
data\binary\train\tumor\glioma_Tr-gl_80.jpg,train,tumor,glioma,Training/glioma/Tr-gl_80.jpg,634178fa20ef174bd2c37b836b0e87e2,512,512
data\binary\train\tumor\pituitary_Tr-pi_465.jpg,train,tumor,pituitary,Training/pituitary/Tr-pi_465.jpg,f0c217c15c22f0e32b6741ff8cbf29b7,512,512
data\binary\train\no_tumor\notumor_Tr-no_579.jpg,train,no_tumor,notumor,Training/notumor/Tr-no_579.jpg,8fe49fdfd19a97616394d4ece3d0184b,236,228
data\binary\train\tumor\meningioma_Tr-aug-me_4.jpg,train,tumor,meningioma,Training/meningioma/Tr-aug-me_4.jpg,66cd7102c49e7785e778414361e6986f,512,512
data\binary\train\tumor\meningioma_Tr-me_652.jpg,train,tumor,meningioma,Training/meningioma/Tr-me_652.jpg,a2bce298a6dfe1cc129842f857244127,512,512
data\binary\train\tumor\meningioma_Tr-me_468.jpg,train,tumor,meningioma,Training/meningioma/Tr-me_468.jpg,39aa0b7a41c1da85ceb2be85bac58ec1,225,225
data\binary\train\tumor\glioma_Tr-gl_687.jpg,train,tumor,glioma,Training/glioma/Tr-gl_687.jpg,af2e028de16e3aa5172e27f1036ed7f3,512,512
data\binary\train\tumor\pituitary_Tr-pi_563.jpg,train,tumor,pituitary,Training/pituitary/Tr-pi_563.jpg,b8e526559bb0d296f97e2fbc3b129aef,512,512
data\binary\train\tumor\meningioma_Tr-aug-me_89.jpg,train,tumor,meningioma,Training/meningioma/Tr-aug-me_89.jpg,c3aa5bcdbe44fc74833b7bd86b8d076e,512,512
data\binary\train\tumor\glioma_Tr-gl_637.jpg,train,tumor,glioma,Training/glioma/Tr-gl_637.jpg,6e1dbd82c3c22a93b1d0ba13c6d4dfdb,512,512
data\binary\train\no_tumor\notumor_Tr-no_1053.jpg,train,no_tumor,notumor,Training/notumor/Tr-no_1053.jpg,9951c8e998cb2da2f8d5045e8fd6c804,173,201
data\binary\train\no_tumor\notumor_Tr-no_1132.jpg,train,no_tumor,notumor,Training/notumor/Tr-no_1132.jpg,1ad1802ab8de67cc69652d1dabfe0a32,350,393
data\binary\train\tumor\glioma_Tr-gl_1076.jpg,train,tumor,glioma,Training/glioma/Tr-gl_1076.jpg,078917a6805f26b3fc8aa88cfae7e077,512,512
data\binary\train\tumor\pituitary_Tr-pi_653.jpg,train,tumor,pituitary,Training/pituitary/Tr-pi_653.jpg,b8bb444637e222284925f4297ec84245,512,512
data\binary\train\no_tumor\notumor_Tr-no_135.jpg,train,no_tumor,notumor,Training/notumor/Tr-no_135.jpg,5e152586e14861334475578ef8aec2f2,196,257
data\binary\train\tumor\pituitary_Tr-pi_1260.jpg,train,tumor,pituitary,Training/pituitary/Tr-pi_1260.jpg,03d537784140cda8db92d2151070635a,512,512
data\binary\train\no_tumor\notumor_Tr-no_47.jpg,train,no_tumor,notumor,Training/notumor/Tr-no_47.jpg,c0ffe86f3bcf35d02455bed01cf19e91,150,198
data\binary\train\tumor\glioma_Tr-gl_33.jpg,train,tumor,glioma,Training/glioma/Tr-gl_33.jpg,672d9fced922fb2641792536b4efcfb5,512,512
data\binary\train\no_tumor\notumor_Tr-no_239.jpg,train,no_tumor,notumor,Training/notumor/Tr-no_239.jpg,52c920300f08a872032ae4c38cbfbf20,512,512
data\binary\train\no_tumor\notumor_Tr-no_742.jpg,train,no_tumor,notumor,Training/notumor/Tr-no_742.jpg,11add46c9c309f81bbed993e10b1acd7,150,198
data\binary\train\no_tumor\notumor_Tr-no_548.jpg,train,no_tumor,notumor,Training/notumor/Tr-no_548.jpg,d6f042b148099668e23f1e596e74beb3,300,168
data\binary\train\tumor\glioma_Tr-gl_39.jpg,train,tumor,glioma,Training/glioma/Tr-gl_39.jpg,06c373a48a8f88a888b833827224679f,512,512
data\binary\train\tumor\glioma_Tr-gl_228.jpg,train,tumor,glioma,Training/glioma/Tr-gl_228.jpg,c8d0f3ccff6af6953865e6941cb3eaac,512,512
data\binary\train\tumor\glioma_Tr-gl_753.jpg,train,tumor,glioma,Training/glioma/Tr-gl_753.jpg,1145e290a3bdb587613f11aee044f19b,512,512
data\binary\train\tumor\pituitary_Tr-pi_1244.jpg,train,tumor,pituitary,Training/pituitary/Tr-pi_1244.jpg,c44c9682b65cdbe65a17f9e23ed301ed,512,512
data\binary\train\tumor\glioma_Tr-gl_993.jpg,train,tumor,glioma,Training/glioma/Tr-gl_993.jpg,e1185abe145594d3ea0589b2df1fa3fa,512,512
data\binary\train\tumor\pituitary_Tr-pi_641.jpg,train,tumor,pituitary,Training/pituitary/Tr-pi_641.jpg,f81e1ad5077ea0af1a1f0f53c93589eb,512,512
data\binary\train\tumor\glioma_Tr-gl_352.jpg,train,tumor,glioma,Training/glioma/Tr-gl_352.jpg,a294924aa8ce485db06c12f92ba9518b,512,512
data\binary\train\no_tumor\notumor_Tr-no_1204.jpg,train,no_tumor,notumor,Training/notumor/Tr-no_1204.jpg,4682d82a39946d7a52227e5d9f23430b,207,243
data\binary\train\no_tumor\notumor_Tr-no_343.jpg,train,no_tumor,notumor,Training/notumor/Tr-no_343.jpg,62dee272d0cfae9d70300edede33155a,442,454
data\binary\train\tumor\meningioma_Tr-me_854.jpg,train,tumor,meningioma,Training/meningioma/Tr-me_854.jpg,aaf6b4357e78188b8866bb4dcbc1bb7e,512,512
data\binary\train\no_tumor\notumor_Tr-no_246.jpg,train,no_tumor,notumor,Training/notumor/Tr-no_246.jpg,47864e2bd360ebe9e0c5357428e90507,200,252
data\binary\train\tumor\pituitary_Tr-pi_1125.jpg,train,tumor,pituitary,Training/pituitary/Tr-pi_1125.jpg,e19cf5e00f80736c8da793d5354c55e0,512,512
data\binary\train\tumor\pituitary_Tr-pi_61.jpg,train,tumor,pituitary,Training/pituitary/Tr-pi_61.jpg,08b199806039e9dd59108df7136a881c,512,512
data\binary\train\tumor\glioma_Tr-gl_143.jpg,train,tumor,glioma,Training/glioma/Tr-gl_143.jpg,3af0f313de57e41472d05f39654ecf07,512,512
data\binary\train\tumor\pituitary_Tr-pi_1159.jpg,train,tumor,pituitary,Training/pituitary/Tr-pi_1159.jpg,ad3d0090866a8da082ec7e35d16bb103,512,512
data\binary\train\no_tumor\notumor_Tr-no_909.jpg,train,no_tumor,notumor,Training/notumor/Tr-no_909.jpg,c62d7e923b468f119e2eb1ec5034a0c2,680,680
data\binary\train\tumor\meningioma_Tr-me_1265.jpg,train,tumor,meningioma,Training/meningioma/Tr-me_1265.jpg,4784a5cdb19e6bb2aab8e9a0758a2892,512,512
data\binary\train\tumor\meningioma_Tr-me_516.jpg,train,tumor,meningioma,Training/meningioma/Tr-me_516.jpg,d262e01cefda656119cdc7bfd18aa1c7,512,512
data\binary\train\tumor\glioma_Tr-gl_1126.jpg,train,tumor,glioma,Training/glioma/Tr-gl_1126.jpg,8788e912668ea5bf3ee090780479190c,512,512
data\binary\train\tumor\pituitary_Tr-pi_672.jpg,train,tumor,pituitary,Training/pituitary/Tr-pi_672.jpg,c752cc4707ff9e1d688f347563f69bd9,256,256
data\binary\train\no_tumor\notumor_Tr-no_478.jpg,train,no_tumor,notumor,Training/notumor/Tr-no_478.jpg,4af5d892e6a0bfc5a3e12a463f99261b,550,664
data\binary\train\tumor\pituitary_Tr-pi_271.jpg,train,tumor,pituitary,Training/pituitary/Tr-pi_271.jpg,9e68a2e6062474a8c66823585a642a68,512,512
data\binary\train\tumor\meningioma_Tr-me_615.jpg,train,tumor,meningioma,Training/meningioma/Tr-me_615.jpg,12223e047e88b05b2d5cad9acf1c7e54,512,512
data\binary\train\tumor\pituitary_Tr-pi_1264.jpg,train,tumor,pituitary,Training/pituitary/Tr-pi_1264.jpg,8a6cd3ed5b21316c063843beca6502ec,512,512
data\binary\train\tumor\glioma_Tr-gl_819.jpg,train,tumor,glioma,Training/glioma/Tr-gl_819.jpg,f4e16f4fb62fd13fd57fb3e4594483e0,512,512
data\binary\train\tumor\pituitary_Tr-pi_449.jpg,train,tumor,pituitary,Training/pituitary/Tr-pi_449.jpg,fa728d5e8ffc27d33344ffce5a9770c6,512,512
data\binary\train\no_tumor\notumor_Tr-no_726.jpg,train,no_tumor,notumor,Training/notumor/Tr-no_726.jpg,35aace8c33988d8886e0d8c3e3928201,225,225
data\binary\train\tumor\glioma_Tr-gl_590.jpg,train,tumor,glioma,Training/glioma/Tr-gl_590.jpg,e205d1260a19db108f1e43d24d207100,512,512
data\binary\train\tumor\glioma_Tr-gl_1367.jpg,train,tumor,glioma,Training/glioma/Tr-gl_1367.jpg,eadffa3e04f3e4c658fdd1d72c9dd1f5,512,512
data\binary\train\no_tumor\notumor_Tr-no_1217.jpg,train,no_tumor,notumor,Training/notumor/Tr-no_1217.jpg,64fb0c0d8db70eb7879cff1dafb6af4a,201,250
data\binary\train\tumor\glioma_Tr-gl_77.jpg,train,tumor,glioma,Training/glioma/Tr-gl_77.jpg,aed826f600d0ddb6ac1f3a6048f066c5,512,512
data\binary\train\tumor\glioma_Tr-gl_176.jpg,train,tumor,glioma,Training/glioma/Tr-gl_176.jpg,e43e4c3c634ff49654526c6b154c6275,512,512
data\binary\train\tumor\pituitary_Tr-pi_81.jpg,train,tumor,pituitary,Training/pituitary/Tr-pi_81.jpg,ec22c4c408a68a8c3b62f8daddde1e49,512,512
data\binary\train\tumor\pituitary_Tr-pi_954.jpg,train,tumor,pituitary,Training/pituitary/Tr-pi_954.jpg,201c42420924c6cb3ca080b2d6773175,512,512
data\binary\train\tumor\meningioma_Tr-aug-me_17.jpg,train,tumor,meningioma,Training/meningioma/Tr-aug-me_17.jpg,85735fd020665aabc052239ebf8a6aad,512,512
data\binary\train\tumor\pituitary_Tr-pi_939.jpg,train,tumor,pituitary,Training/pituitary/Tr-pi_939.jpg,b48b3e6ec1ec27e3d34a84dc610d8e05,512,512
data\binary\train\tumor\meningioma_Tr-aug-me_13.jpg,train,tumor,meningioma,Training/meningioma/Tr-aug-me_13.jpg,31b0a289c38e511a300747b668ee66f1,512,512
data\binary\train\tumor\glioma_Tr-gl_836.jpg,train,tumor,glioma,Training/glioma/Tr-gl_836.jpg,65f2268bfe8d0fe1388cd6bff3702ecf,512,512
data\binary\train\tumor\pituitary_Tr-pi_1095.jpg,train,tumor,pituitary,Training/pituitary/Tr-pi_1095.jpg,eddf61ff0eefc971836869a8e722ebd7,512,512
data\binary\train\tumor\pituitary_Tr-pi_1290.jpg,train,tumor,pituitary,Training/pituitary/Tr-pi_1290.jpg,23b624b24e81942505e5390a0a46749d,512,512
data\binary\train\tumor\glioma_Tr-gl_1251.jpg,train,tumor,glioma,Training/glioma/Tr-gl_1251.jpg,e9da529e389aca0a674b976e4d025818,512,512
data\binary\train\tumor\glioma_Tr-gl_385.jpg,train,tumor,glioma,Training/glioma/Tr-gl_385.jpg,5ff632fa64209712da7b1f99bf0b16ae,512,512
data\binary\train\no_tumor\notumor_Tr-no_875.jpg,train,no_tumor,notumor,Training/notumor/Tr-no_875.jpg,4085530e6e7bbfd869721186d27c4cb2,468,444
data\binary\train\tumor\pituitary_Tr-pi_699.jpg,train,tumor,pituitary,Training/pituitary/Tr-pi_699.jpg,62d58706b1eb9aac46d6a395b524b578,512,512
data\binary\train\tumor\glioma_Tr-gl_349.jpg,train,tumor,glioma,Training/glioma/Tr-gl_349.jpg,283477d7f7105d55b167250e03979955,512,512
data\binary\train\tumor\glioma_Tr-gl_542.jpg,train,tumor,glioma,Training/glioma/Tr-gl_542.jpg,b7627e12764100dfdb5ee38f4df94738,512,512
data\binary\train\tumor\meningioma_Tr-me_817.jpg,train,tumor,meningioma,Training/meningioma/Tr-me_817.jpg,98e2e68df70ced05b204324c98d1c704,512,512
data\binary\train\tumor\glioma_Tr-gl_473.jpg,train,tumor,glioma,Training/glioma/Tr-gl_473.jpg,244ab63d9b25cd61543e196ec0527085,512,512
data\binary\train\tumor\meningioma_Tr-me_998.jpg,train,tumor,meningioma,Training/meningioma/Tr-me_998.jpg,e45a7a532c8830a57f08fca8b300bfd9,512,512
data\binary\train\tumor\meningioma_Tr-me_1001.jpg,train,tumor,meningioma,Training/meningioma/Tr-me_1001.jpg,9f70361b9c467e994f33708b08035e1d,512,512
data\binary\train\tumor\meningioma_Tr-me_38.jpg,train,tumor,meningioma,Training/meningioma/Tr-me_38.jpg,f378af0d7a36f8a806c42979498641f2,512,512
data\binary\train\tumor\pituitary_Tr-pi_134.jpg,train,tumor,pituitary,Training/pituitary/Tr-pi_134.jpg,4801836e0fc139dfc88eb517c382e887,512,512
data\binary\train\tumor\glioma_Tr-gl_1187.jpg,train,tumor,glioma,Training/glioma/Tr-gl_1187.jpg,1df546c581453a113e4cfd01e8403882,512,512
data\binary\train\tumor\pituitary_Tr-pi_942.jpg,train,tumor,pituitary,Training/pituitary/Tr-pi_942.jpg,9b5020b95f2bde4b413e347e997bcf8d,512,512
data\binary\train\tumor\meningioma_Tr-me_1201.jpg,train,tumor,meningioma,Training/meningioma/Tr-me_1201.jpg,de49fa7ac11bc7aef88054d7dcec9fba,512,512
data\binary\train\tumor\glioma_Tr-gl_231.jpg,train,tumor,glioma,Training/glioma/Tr-gl_231.jpg,4fd87d8bc47fdc3126a2c12fab67a320,512,512
data\binary\train\no_tumor\notumor_Tr-no_563.jpg,train,no_tumor,notumor,Training/notumor/Tr-no_563.jpg,0f300475b4cf6799922173042b8d1d42,208,242
data\binary\train\tumor\pituitary_Tr-pi_319.jpg,train,tumor,pituitary,Training/pituitary/Tr-pi_319.jpg,5a51d08f57bf0b7ff321d21aa9407c81,512,512
data\binary\train\tumor\glioma_Tr-gl_910.jpg,train,tumor,glioma,Training/glioma/Tr-gl_910.jpg,db47a31d3d86de37895c0ef067d4ae35,512,512
data\binary\train\tumor\glioma_Tr-gl_1377.jpg,train,tumor,glioma,Training/glioma/Tr-gl_1377.jpg,889641765b4541f97e12cc8f4c7ffff5,512,512
data\binary\train\no_tumor\notumor_Tr-no_856.jpg,train,no_tumor,notumor,Training/notumor/Tr-no_856.jpg,b41544b9caf43da688fe3aa4918f0853,214,236
data\binary\train\tumor\meningioma_Tr-me_405.jpg,train,tumor,meningioma,Training/meningioma/Tr-me_405.jpg,6cb93a26cab5e3d5b57ee9fbf05252db,512,512
data\binary\train\no_tumor\notumor_Tr-no_870.jpg,train,no_tumor,notumor,Training/notumor/Tr-no_870.jpg,790287c6713dd96be2a947004d7f1779,630,630
data\binary\train\tumor\pituitary_Tr-pi_1048.jpg,train,tumor,pituitary,Training/pituitary/Tr-pi_1048.jpg,34518f10ece0c8d64ace2e84ce8f264f,512,512
data\binary\train\tumor\meningioma_Tr-me_784.jpg,train,tumor,meningioma,Training/meningioma/Tr-me_784.jpg,cc019c0f935c97fe8b4dc5d0ae0896a6,512,512
data\binary\train\tumor\pituitary_Tr-pi_221.jpg,train,tumor,pituitary,Training/pituitary/Tr-pi_221.jpg,05c3caea567ffd77caf79c12654b87e5,512,512
data\binary\train\tumor\pituitary_Tr-pi_251.jpg,train,tumor,pituitary,Training/pituitary/Tr-pi_251.jpg,5fccdf887177165040baa64c0bf22574,512,512
data\binary\train\tumor\pituitary_Tr-pi_830.jpg,train,tumor,pituitary,Training/pituitary/Tr-pi_830.jpg,ec7a14363a4256957acc86c87bd6132d,512,512
data\binary\train\tumor\pituitary_Tr-pi_1396.jpg,train,tumor,pituitary,Training/pituitary/Tr-pi_1396.jpg,32d4b28a2c8ea856660f4a9874989ab4,512,512
data\binary\train\tumor\glioma_Tr-gl_1398.jpg,train,tumor,glioma,Training/glioma/Tr-gl_1398.jpg,64759e1e174090ecc6426c181a767eee,512,512
data\binary\train\tumor\meningioma_Tr-me_36.jpg,train,tumor,meningioma,Training/meningioma/Tr-me_36.jpg,45460610c17c35e7baf9d13e3d7d54ac,442,442
data\binary\train\tumor\meningioma_Tr-me_601.jpg,train,tumor,meningioma,Training/meningioma/Tr-me_601.jpg,d4234084e830a06bc34c9ebf3c72dd09,512,512
data\binary\train\tumor\meningioma_Tr-me_484.jpg,train,tumor,meningioma,Training/meningioma/Tr-me_484.jpg,abc7a17b1773660ea8c3e7584dbe38d4,512,512
data\binary\train\tumor\pituitary_Tr-pi_1383.jpg,train,tumor,pituitary,Training/pituitary/Tr-pi_1383.jpg,729508a7e08caadc8c39cfbd80bf7094,512,512
data\binary\train\tumor\pituitary_Tr-pi_405.jpg,train,tumor,pituitary,Training/pituitary/Tr-pi_405.jpg,37d9b2e8f32519fba8e67ef120bb343e,201,210
data\binary\train\no_tumor\notumor_Tr-no_251.jpg,train,no_tumor,notumor,Training/notumor/Tr-no_251.jpg,5f3f35febe40fd2cb6b373b78e92780c,630,630
data\binary\train\tumor\meningioma_Tr-me_454.jpg,train,tumor,meningioma,Training/meningioma/Tr-me_454.jpg,1cf054cddca2d72bf64d4599b2805b9f,512,512
data\binary\train\no_tumor\notumor_Tr-no_669.jpg,train,no_tumor,notumor,Training/notumor/Tr-no_669.jpg,f3b36303c587cbac84305c20f8d01e2d,225,225
data\binary\train\tumor\glioma_Tr-gl_1203.jpg,train,tumor,glioma,Training/glioma/Tr-gl_1203.jpg,fdebb7a26881d5724c01b5275857c9ad,512,512
data\binary\train\tumor\meningioma_Tr-aug-me_80.jpg,train,tumor,meningioma,Training/meningioma/Tr-aug-me_80.jpg,740a51a6c7638ab5189cb9eb616fb383,512,512
data\binary\train\tumor\glioma_Tr-gl_173.jpg,train,tumor,glioma,Training/glioma/Tr-gl_173.jpg,dfa2a60968d4387019650b1c13754600,512,512
data\binary\train\tumor\meningioma_Tr-me_379.jpg,train,tumor,meningioma,Training/meningioma/Tr-me_379.jpg,f999981aae3c669ca0d671f5cd944b82,512,512
data\binary\train\tumor\glioma_Tr-gl_87.jpg,train,tumor,glioma,Training/glioma/Tr-gl_87.jpg,f8b24fa12119f181b785599ec29c1726,512,512
data\binary\train\tumor\pituitary_Tr-pi_293.jpg,train,tumor,pituitary,Training/pituitary/Tr-pi_293.jpg,53376a11b95e29072f9094239f15b8c9,512,512
data\binary\train\tumor\meningioma_Tr-aug-me_60.jpg,train,tumor,meningioma,Training/meningioma/Tr-aug-me_60.jpg,5e584c0738ef668b00e55241c7290995,512,512
data\binary\train\no_tumor\notumor_Tr-no_1078.jpg,train,no_tumor,notumor,Training/notumor/Tr-no_1078.jpg,c2b3493019f00747b8a94f6306a24ec5,173,201
data\binary\train\tumor\meningioma_Tr-me_810.jpg,train,tumor,meningioma,Training/meningioma/Tr-me_810.jpg,fbb87ab5e810e734f084edae9efbebf8,512,512
data\binary\train\tumor\meningioma_Tr-aug-me_81.jpg,train,tumor,meningioma,Training/meningioma/Tr-aug-me_81.jpg,07028f5840829c1cdd80948eb79305cb,512,512
data\binary\train\tumor\meningioma_Tr-me_359.jpg,train,tumor,meningioma,Training/meningioma/Tr-me_359.jpg,7e978a42fd9f1b9b5b71fac38abc75bb,512,512
data\binary\train\tumor\glioma_Tr-gl_781.jpg,train,tumor,glioma,Training/glioma/Tr-gl_781.jpg,3d1051c4429fcb8cd0e70b5c31f169ca,512,512
data\binary\train\tumor\meningioma_Tr-me_773.jpg,train,tumor,meningioma,Training/meningioma/Tr-me_773.jpg,6ba22d193e4551f1df164e301b0d3feb,512,512
data\binary\train\tumor\pituitary_Tr-pi_433.jpg,train,tumor,pituitary,Training/pituitary/Tr-pi_433.jpg,7ab52a56a48765102018f99754dfccee,512,512
data\binary\train\tumor\meningioma_Tr-me_1148.jpg,train,tumor,meningioma,Training/meningioma/Tr-me_1148.jpg,8c0c676ec7c52cc4b286f724175a9b2a,512,512
data\binary\train\tumor\meningioma_Tr-me_399.jpg,train,tumor,meningioma,Training/meningioma/Tr-me_399.jpg,dbf3c663c5216c776584822b85fd798a,512,512
data\binary\train\tumor\glioma_Tr-gl_971.jpg,train,tumor,glioma,Training/glioma/Tr-gl_971.jpg,810e8fca43c63cba4235eb44ec6d9ee7,512,512
data\binary\train\tumor\meningioma_Tr-me_354.jpg,train,tumor,meningioma,Training/meningioma/Tr-me_354.jpg,1758d1b8fb3cdc547fba9256a2cdea4f,512,512
data\binary\train\tumor\pituitary_Tr-pi_174.jpg,train,tumor,pituitary,Training/pituitary/Tr-pi_174.jpg,f51fd32a639e76675fb263baa707f79b,512,512
data\binary\train\no_tumor\notumor_Tr-no_1375.jpg,train,no_tumor,notumor,Training/notumor/Tr-no_1375.jpg,e588e090b1b50745ebfc1b70a4aa13d9,201,251
data\binary\train\tumor\pituitary_Tr-pi_245.jpg,train,tumor,pituitary,Training/pituitary/Tr-pi_245.jpg,fa5d247e4eff2b5963cfd6e8038b992e,512,512
data\binary\train\tumor\meningioma_Tr-me_672.jpg,train,tumor,meningioma,Training/meningioma/Tr-me_672.jpg,108274016227cb289345224be2262e69,512,512
data\binary\train\no_tumor\notumor_Tr-no_388.jpg,train,no_tumor,notumor,Training/notumor/Tr-no_388.jpg,aefc8e18544fc436f74fb90128910a57,276,326
data\binary\train\tumor\meningioma_Tr-me_941.jpg,train,tumor,meningioma,Training/meningioma/Tr-me_941.jpg,a946d7f2644825f16fea309ca723c596,512,512
data\binary\train\tumor\glioma_Tr-gl_536.jpg,train,tumor,glioma,Training/glioma/Tr-gl_536.jpg,e1270ec629cfc0f4a7e68f085fd9a744,512,512
data\binary\train\tumor\meningioma_Tr-me_1182.jpg,train,tumor,meningioma,Training/meningioma/Tr-me_1182.jpg,4895553e342aa7731ebedf9a281dbbd3,512,512
data\binary\train\no_tumor\notumor_Tr-no_1125.jpg,train,no_tumor,notumor,Training/notumor/Tr-no_1125.jpg,15244ac1f5654e5be0b4098a4900b1b4,230,282
data\binary\train\tumor\pituitary_Tr-pi_1184.jpg,train,tumor,pituitary,Training/pituitary/Tr-pi_1184.jpg,cd2c54d3a1eb6b8f7d016ed63417eef6,512,512
data\binary\train\no_tumor\notumor_Tr-no_1274.jpg,train,no_tumor,notumor,Training/notumor/Tr-no_1274.jpg,87faa38085c7eba430487ff7d9599694,236,236
data\binary\train\tumor\pituitary_Tr-pi_344.jpg,train,tumor,pituitary,Training/pituitary/Tr-pi_344.jpg,6a4252f03b347c4f80d92de68411edd0,512,512
data\binary\train\tumor\meningioma_Tr-me_158.jpg,train,tumor,meningioma,Training/meningioma/Tr-me_158.jpg,47452c1ea25eed994f73362f40904be4,645,439
data\binary\train\no_tumor\notumor_Tr-no_379.jpg,train,no_tumor,notumor,Training/notumor/Tr-no_379.jpg,e239ed30032f51ea6a14f9b1193012c4,225,225
data\binary\train\tumor\meningioma_Tr-me_474.jpg,train,tumor,meningioma,Training/meningioma/Tr-me_474.jpg,2307fbbf4493851f0b0f67d63c0c4584,512,512
data\binary\train\tumor\meningioma_Tr-me_700.jpg,train,tumor,meningioma,Training/meningioma/Tr-me_700.jpg,343a37e43b9c6292a397286df9fcf7ba,512,512
data\binary\train\tumor\meningioma_Tr-me_1174.jpg,train,tumor,meningioma,Training/meningioma/Tr-me_1174.jpg,a7ad2204085a507a6d06b6d51c64895c,512,512
data\binary\train\tumor\pituitary_Tr-pi_1064.jpg,train,tumor,pituitary,Training/pituitary/Tr-pi_1064.jpg,eaa2258d854255da21ee9999cd7f462d,512,512
data\binary\train\no_tumor\notumor_Tr-no_941.jpg,train,no_tumor,notumor,Training/notumor/Tr-no_941.jpg,8057e2eb5eff1f9aab851e3b442b730b,225,225
data\binary\train\tumor\meningioma_Tr-me_787.jpg,train,tumor,meningioma,Training/meningioma/Tr-me_787.jpg,fea0fd15090f46030849e0192acf76f2,512,512
data\binary\train\tumor\meningioma_Tr-me_303.jpg,train,tumor,meningioma,Training/meningioma/Tr-me_303.jpg,2016801025025ae7a4056f30c5050c8d,512,512
data\binary\train\tumor\meningioma_Tr-me_837.jpg,train,tumor,meningioma,Training/meningioma/Tr-me_837.jpg,8313a9e2f7f7e9cec42752e98686323d,512,512
data\binary\train\tumor\pituitary_Tr-pi_1051.jpg,train,tumor,pituitary,Training/pituitary/Tr-pi_1051.jpg,31bfb7295dfa79a19b7db4fe02ff6fa3,512,512
data\binary\train\tumor\meningioma_Tr-me_111.jpg,train,tumor,meningioma,Training/meningioma/Tr-me_111.jpg,9b96ca401e7cce546db52d5c3347528c,512,512
data\binary\train\tumor\glioma_Tr-gl_691.jpg,train,tumor,glioma,Training/glioma/Tr-gl_691.jpg,b4cad0f3f314a07673d15272fe02cd97,512,512
data\binary\train\tumor\glioma_Tr-gl_1054.jpg,train,tumor,glioma,Training/glioma/Tr-gl_1054.jpg,244fa762d090502f3250537dc0ccb351,512,512
data\binary\train\tumor\glioma_Tr-gl_312.jpg,train,tumor,glioma,Training/glioma/Tr-gl_312.jpg,0d0741f4afc31e6f1d9772e766e01ad6,512,512
data\binary\train\no_tumor\notumor_Tr-no_1322.jpg,train,no_tumor,notumor,Training/notumor/Tr-no_1322.jpg,12dc48729f321df8fd1a9eca33adef89,225,225
data\binary\train\no_tumor\notumor_Tr-no_396.jpg,train,no_tumor,notumor,Training/notumor/Tr-no_396.jpg,98b4da1ea4f4af862155037daa2f77f0,206,244
data\binary\train\tumor\pituitary_Tr-pi_326.jpg,train,tumor,pituitary,Training/pituitary/Tr-pi_326.jpg,be8bb6228e0636ade80e470f6d4bc748,512,512
data\binary\train\tumor\pituitary_Tr-pi_768.jpg,train,tumor,pituitary,Training/pituitary/Tr-pi_768.jpg,0bfcc92650201519e8e1f3c3ec42c9fe,512,512
data\binary\train\tumor\pituitary_Tr-pi_662.jpg,train,tumor,pituitary,Training/pituitary/Tr-pi_662.jpg,80e0a6aa6a7ad38168e9b8882633b0bb,512,512
data\binary\train\tumor\pituitary_Tr-pi_603.jpg,train,tumor,pituitary,Training/pituitary/Tr-pi_603.jpg,9f0eaefe6dd59ba740e5e2dcb9a19fd5,512,512
data\binary\train\no_tumor\notumor_Tr-no_1390.jpg,train,no_tumor,notumor,Training/notumor/Tr-no_1390.jpg,382a309c1662909431e041df2e825b7e,728,725
data\binary\train\no_tumor\notumor_Tr-no_211.jpg,train,no_tumor,notumor,Training/notumor/Tr-no_211.jpg,ba0bb0472cea6599718e4c5e4ef4919d,225,225
data\binary\train\tumor\meningioma_Tr-me_1299.jpg,train,tumor,meningioma,Training/meningioma/Tr-me_1299.jpg,edcda044888c31289760bdc2be22fd1e,512,512
data\binary\train\tumor\meningioma_Tr-me_495.jpg,train,tumor,meningioma,Training/meningioma/Tr-me_495.jpg,e5fece200321f298993df4a8cfb3f8a7,512,512
data\binary\train\no_tumor\notumor_Tr-no_452.jpg,train,no_tumor,notumor,Training/notumor/Tr-no_452.jpg,f6e6f34cb08c2c645cb9297276e63809,225,225
data\binary\train\tumor\pituitary_Tr-pi_1050.jpg,train,tumor,pituitary,Training/pituitary/Tr-pi_1050.jpg,b58ebaabe786d3191118a1db83d12a17,512,512
data\binary\train\no_tumor\notumor_Tr-no_280.jpg,train,no_tumor,notumor,Training/notumor/Tr-no_280.jpg,bdad00de17000453a6986b7064548f21,512,512
data\binary\train\tumor\pituitary_Tr-pi_383.jpg,train,tumor,pituitary,Training/pituitary/Tr-pi_383.jpg,86cdcd31643cb1743fd01e148dae25d4,512,512
data\binary\train\tumor\pituitary_Tr-pi_1252.jpg,train,tumor,pituitary,Training/pituitary/Tr-pi_1252.jpg,72767d52cc2aad37a5cfb24ff23bb06a,624,607
data\binary\train\no_tumor\notumor_Tr-no_86.jpg,train,no_tumor,notumor,Training/notumor/Tr-no_86.jpg,cdf4e6e706f06498de8e4687eb4857b0,200,252
data\binary\train\no_tumor\notumor_Tr-no_450.jpg,train,no_tumor,notumor,Training/notumor/Tr-no_450.jpg,25467ae5c16d6df6476c69ce91876d4a,196,257
data\binary\train\tumor\pituitary_Tr-pi_244.jpg,train,tumor,pituitary,Training/pituitary/Tr-pi_244.jpg,6074508445c6b2bccc255dd12878b7fc,512,512
data\binary\train\tumor\meningioma_Tr-me_11.jpg,train,tumor,meningioma,Training/meningioma/Tr-me_11.jpg,7606ba26048c358f5230b2f7b1c32c60,512,512
data\binary\train\tumor\glioma_Tr-gl_55.jpg,train,tumor,glioma,Training/glioma/Tr-gl_55.jpg,bd3bb7bb800dc35f653fcc5faef6a8b4,512,512
data\binary\train\tumor\glioma_Tr-gl_458.jpg,train,tumor,glioma,Training/glioma/Tr-gl_458.jpg,2104f9e1cb99d0e9c9a893b974097ca8,512,512
data\binary\train\tumor\pituitary_Tr-pi_362.jpg,train,tumor,pituitary,Training/pituitary/Tr-pi_362.jpg,17651689762003c4daffc3050e56362a,512,512
data\binary\train\tumor\meningioma_Tr-me_1122.jpg,train,tumor,meningioma,Training/meningioma/Tr-me_1122.jpg,465ed043450c44fd032cb2addf4834ad,300,345
data\binary\train\tumor\glioma_Tr-gl_225.jpg,train,tumor,glioma,Training/glioma/Tr-gl_225.jpg,443befb2d0db95584d40fcb64084ee2d,512,512
data\binary\train\tumor\pituitary_Tr-pi_506.jpg,train,tumor,pituitary,Training/pituitary/Tr-pi_506.jpg,9d3ebbb8c69f7b32f5f22f238bc82525,474,474
data\binary\train\tumor\glioma_Tr-gl_629.jpg,train,tumor,glioma,Training/glioma/Tr-gl_629.jpg,dbbd05a5942d3b8bcf3c2fe6f77a693c,512,512
data\binary\train\tumor\meningioma_Tr-aug-me_96.jpg,train,tumor,meningioma,Training/meningioma/Tr-aug-me_96.jpg,efcb79e5c3c26a7a3f50361d66c5ebc3,512,512
data\binary\train\tumor\pituitary_Tr-pi_946.jpg,train,tumor,pituitary,Training/pituitary/Tr-pi_946.jpg,df2a4cbb8844757c0722ff45e2ee4d77,512,512
data\binary\train\tumor\meningioma_Tr-me_915.jpg,train,tumor,meningioma,Training/meningioma/Tr-me_915.jpg,6d31a7b9631f5d3cd9fcd7d0068afe45,512,512
data\binary\train\tumor\glioma_Tr-gl_636.jpg,train,tumor,glioma,Training/glioma/Tr-gl_636.jpg,9698d84a795c7f5c258d65273a93b453,512,512
data\binary\train\no_tumor\notumor_Tr-no_176.jpg,train,no_tumor,notumor,Training/notumor/Tr-no_176.jpg,ed1c9f00106192dea2c17d0c06859f7a,225,225
data\binary\train\no_tumor\notumor_Tr-no_1185.jpg,train,no_tumor,notumor,Training/notumor/Tr-no_1185.jpg,37f2a4317fd0da6be407985bf64e4b65,228,221
data\binary\train\tumor\pituitary_Tr-pi_216.jpg,train,tumor,pituitary,Training/pituitary/Tr-pi_216.jpg,1fdc3b5761a571c2a53b0d4df2f4515e,512,512
data\binary\train\tumor\meningioma_Tr-me_187.jpg,train,tumor,meningioma,Training/meningioma/Tr-me_187.jpg,f535d53367e5ae14dfcba94f0a892a55,512,512
data\binary\train\tumor\meningioma_Tr-aug-me_29.jpg,train,tumor,meningioma,Training/meningioma/Tr-aug-me_29.jpg,543cce481942523f230805abc878c942,512,512
data\binary\train\tumor\pituitary_Tr-pi_348.jpg,train,tumor,pituitary,Training/pituitary/Tr-pi_348.jpg,3f132d52ed0c60d270e240f2ebe6d519,512,512
data\binary\train\tumor\glioma_Tr-gl_288.jpg,train,tumor,glioma,Training/glioma/Tr-gl_288.jpg,3eaa0fb7e8280d6dbece7daedfd9ad13,512,512
data\binary\train\no_tumor\notumor_Tr-no_1190.jpg,train,no_tumor,notumor,Training/notumor/Tr-no_1190.jpg,ce0edd8064f376cf8360d63c4d9ebdd8,225,225
data\binary\train\tumor\glioma_Tr-gl_89.jpg,train,tumor,glioma,Training/glioma/Tr-gl_89.jpg,f9e8b5d9f35f4fff9fdc3d6d575f6133,512,512
data\binary\train\tumor\meningioma_Tr-me_138.jpg,train,tumor,meningioma,Training/meningioma/Tr-me_138.jpg,9c41727fc139d8117c7f180ce1b6903a,512,512
data\binary\train\tumor\pituitary_Tr-pi_892.jpg,train,tumor,pituitary,Training/pituitary/Tr-pi_892.jpg,223b9e9bbd0819b3a34f71bfbf7f70dd,512,512
data\binary\train\tumor\glioma_Tr-gl_257.jpg,train,tumor,glioma,Training/glioma/Tr-gl_257.jpg,f70cf7c0fcd9d0657cc0b15d9fb1a42f,512,512
data\binary\train\tumor\glioma_Tr-gl_86.jpg,train,tumor,glioma,Training/glioma/Tr-gl_86.jpg,c3589296dfabbccc3cc1b629a9277160,512,512
data\binary\train\tumor\meningioma_Tr-me_285.jpg,train,tumor,meningioma,Training/meningioma/Tr-me_285.jpg,41d7ee5275a357e8703aeab7a3a5e60a,512,512
data\binary\train\tumor\meningioma_Tr-me_586.jpg,train,tumor,meningioma,Training/meningioma/Tr-me_586.jpg,730be651153957409c3df7c7df7c7e09,512,512
data\binary\train\tumor\pituitary_Tr-pi_1338.jpg,train,tumor,pituitary,Training/pituitary/Tr-pi_1338.jpg,e0dd4eac1fa34cc7e591770d88ba2958,512,512
data\binary\train\no_tumor\notumor_Tr-no_1173.jpg,train,no_tumor,notumor,Training/notumor/Tr-no_1173.jpg,d0d750a6c5f5508a49d5d13911410e4f,225,225
data\binary\train\tumor\pituitary_Tr-pi_110.jpg,train,tumor,pituitary,Training/pituitary/Tr-pi_110.jpg,df9f8a388ab91f2aa721a8259738a4e0,512,512
data\binary\train\tumor\meningioma_Tr-me_345.jpg,train,tumor,meningioma,Training/meningioma/Tr-me_345.jpg,6fd6df90b4cb18be700ce1e5b38db1a7,512,512
data\binary\train\no_tumor\notumor_Tr-no_333.jpg,train,no_tumor,notumor,Training/notumor/Tr-no_333.jpg,df32b58f69b6919dcf36b7d8ee83be05,236,213
data\binary\train\tumor\pituitary_Tr-pi_674.jpg,train,tumor,pituitary,Training/pituitary/Tr-pi_674.jpg,ec4ca110f4238db993fa1f5e1a411740,512,512
data\binary\train\tumor\pituitary_Tr-pi_594.jpg,train,tumor,pituitary,Training/pituitary/Tr-pi_594.jpg,5ee3a0f967334f14c85b09e06b17e9bc,512,512
data\binary\train\tumor\pituitary_Tr-pi_630.jpg,train,tumor,pituitary,Training/pituitary/Tr-pi_630.jpg,5d35e615af8b4de0ba4095997254527d,512,512
data\binary\train\tumor\meningioma_Tr-me_872.jpg,train,tumor,meningioma,Training/meningioma/Tr-me_872.jpg,edda15bb2af209617328aaaa685957ba,512,512
data\binary\train\tumor\glioma_Tr-gl_117.jpg,train,tumor,glioma,Training/glioma/Tr-gl_117.jpg,050f57fe301dbbd21b756461ecd83c34,512,512
data\binary\train\tumor\glioma_Tr-gl_557.jpg,train,tumor,glioma,Training/glioma/Tr-gl_557.jpg,716f8107c593ca86a61768ed7bcdb83e,512,512
data\binary\train\tumor\meningioma_Tr-me_614.jpg,train,tumor,meningioma,Training/meningioma/Tr-me_614.jpg,27cfb94a8ce7075b1760868f36e8a1ec,512,512
data\binary\train\tumor\glioma_Tr-gl_2.jpg,train,tumor,glioma,Training/glioma/Tr-gl_2.jpg,d1addeaffa72f328d83313c8de992dec,512,512
data\binary\train\tumor\pituitary_Tr-pi_522.jpg,train,tumor,pituitary,Training/pituitary/Tr-pi_522.jpg,dcaf899fffaa80857fe622890fba9764,512,512
data\binary\train\tumor\meningioma_Tr-me_742.jpg,train,tumor,meningioma,Training/meningioma/Tr-me_742.jpg,eb921383271bf945e4cdc67c78bace2c,512,512
data\binary\train\tumor\pituitary_Tr-pi_203.jpg,train,tumor,pituitary,Training/pituitary/Tr-pi_203.jpg,7d2fa8255b9ec3b1f323aea01b2e9eb8,512,512
data\binary\train\tumor\meningioma_Tr-me_901.jpg,train,tumor,meningioma,Training/meningioma/Tr-me_901.jpg,738d10722c3f32d0ed289de628e8c5f6,512,512
data\binary\train\tumor\glioma_Tr-gl_706.jpg,train,tumor,glioma,Training/glioma/Tr-gl_706.jpg,317f91a1f4e40efd51619f8c031ffbf9,512,512
data\binary\train\no_tumor\notumor_Tr-no_629.jpg,train,no_tumor,notumor,Training/notumor/Tr-no_629.jpg,e10fabda7b0e48de7bd1e915a2cc8b37,225,225
data\binary\train\tumor\glioma_Tr-gl_137.jpg,train,tumor,glioma,Training/glioma/Tr-gl_137.jpg,9863c2b2c53058d4c621a97b5988e934,512,512
data\binary\train\tumor\glioma_Tr-gl_72.jpg,train,tumor,glioma,Training/glioma/Tr-gl_72.jpg,376d9e80980171bf6b0b86c8f376cf4b,512,512
data\binary\train\tumor\glioma_Tr-gl_232.jpg,train,tumor,glioma,Training/glioma/Tr-gl_232.jpg,298d833525a2653c127bbd8d59326472,512,512
data\binary\train\no_tumor\notumor_Tr-no_1114.jpg,train,no_tumor,notumor,Training/notumor/Tr-no_1114.jpg,4bf668d9e3b2c20478b0a926f40348ab,225,225
data\binary\train\tumor\glioma_Tr-gl_1145.jpg,train,tumor,glioma,Training/glioma/Tr-gl_1145.jpg,16ae66fda9f017cbbac1c3d253cf2bf6,512,512
data\binary\train\tumor\pituitary_Tr-pi_428.jpg,train,tumor,pituitary,Training/pituitary/Tr-pi_428.jpg,1c2dab36ed7e8f8c2970e55595cbce38,512,512
data\binary\train\tumor\glioma_Tr-gl_649.jpg,train,tumor,glioma,Training/glioma/Tr-gl_649.jpg,bf2f8c4935b5374b9e64d71c3efb7c8e,512,512
data\binary\train\tumor\meningioma_Tr-me_473.jpg,train,tumor,meningioma,Training/meningioma/Tr-me_473.jpg,c6b83a768e0a23e4cfe3ffbe899129f9,512,512
data\binary\train\tumor\meningioma_Tr-me_1219.jpg,train,tumor,meningioma,Training/meningioma/Tr-me_1219.jpg,744edb895630c01e72a73e883ed9d2d8,512,512
data\binary\train\tumor\meningioma_Tr-me_893.jpg,train,tumor,meningioma,Training/meningioma/Tr-me_893.jpg,ae99ea50dc6f8e2e25332086443d638d,512,512
data\binary\train\tumor\meningioma_Tr-me_159.jpg,train,tumor,meningioma,Training/meningioma/Tr-me_159.jpg,d59a61bd33aa0438bc644f9190fd2572,512,512
data\binary\train\no_tumor\notumor_Tr-no_149.jpg,train,no_tumor,notumor,Training/notumor/Tr-no_149.jpg,1de56aeec84e2639479f1dd3cfa5a239,150,198
data\binary\train\tumor\pituitary_Tr-pi_207.jpg,train,tumor,pituitary,Training/pituitary/Tr-pi_207.jpg,6294be8d158196cd504ddc6a8b0a9847,512,512
data\binary\train\no_tumor\notumor_Tr-no_1131.jpg,train,no_tumor,notumor,Training/notumor/Tr-no_1131.jpg,5b91bcb96b1f1eedc3d3dac001555fa9,236,213
data\binary\train\no_tumor\notumor_Tr-no_1021.jpg,train,no_tumor,notumor,Training/notumor/Tr-no_1021.jpg,30833b6b027eb1ca54cdd37ae88213e6,339,415
data\binary\train\tumor\glioma_Tr-gl_1248.jpg,train,tumor,glioma,Training/glioma/Tr-gl_1248.jpg,aa3ade292dfdf3f2ff15b98fcc8e4edc,512,512
data\binary\train\tumor\meningioma_Tr-me_272.jpg,train,tumor,meningioma,Training/meningioma/Tr-me_272.jpg,bc822366eeed4e0b4e546a0a8c73a295,512,512
data\binary\train\tumor\pituitary_Tr-pi_719.jpg,train,tumor,pituitary,Training/pituitary/Tr-pi_719.jpg,9377447271df6b546e03f0ece52b51ed,512,512
data\binary\train\no_tumor\notumor_Tr-no_736.jpg,train,no_tumor,notumor,Training/notumor/Tr-no_736.jpg,d9346bc0a44f99e848b2054c597442bf,236,213
data\binary\train\tumor\pituitary_Tr-pi_659.jpg,train,tumor,pituitary,Training/pituitary/Tr-pi_659.jpg,68b555592b7328c710575ddb250ae986,512,512
data\binary\train\tumor\pituitary_Tr-pi_925.jpg,train,tumor,pituitary,Training/pituitary/Tr-pi_925.jpg,fa9b138e19345d1ee2b9c3a27c1b0190,512,512
data\binary\train\no_tumor\notumor_Tr-no_1277.jpg,train,no_tumor,notumor,Training/notumor/Tr-no_1277.jpg,ffadd2c5a5b24fe3a0bad45d064b4191,420,280
data\binary\train\tumor\glioma_Tr-gl_305.jpg,train,tumor,glioma,Training/glioma/Tr-gl_305.jpg,054943ac83cb2ae80b39e1f8f7021d2a,512,512
data\binary\train\tumor\meningioma_Tr-aug-me_55.jpg,train,tumor,meningioma,Training/meningioma/Tr-aug-me_55.jpg,577c19ef07feab6db57de04d89ceda89,512,512
data\binary\train\tumor\pituitary_Tr-pi_765.jpg,train,tumor,pituitary,Training/pituitary/Tr-pi_765.jpg,5d98b421f1cc23a423ac49614501cdd7,512,512
data\binary\train\tumor\meningioma_Tr-me_74.jpg,train,tumor,meningioma,Training/meningioma/Tr-me_74.jpg,f32a2fb4663aeedf17bff3902f4232c2,512,512
data\binary\train\tumor\glioma_Tr-gl_889.jpg,train,tumor,glioma,Training/glioma/Tr-gl_889.jpg,d3bb89fb8642d22a29855e116cefbe5a,512,512
data\binary\train\tumor\pituitary_Tr-pi_549.jpg,train,tumor,pituitary,Training/pituitary/Tr-pi_549.jpg,3f8c114461eed8ebefde2800bdd8c387,512,512
data\binary\train\tumor\pituitary_Tr-pi_819.jpg,train,tumor,pituitary,Training/pituitary/Tr-pi_819.jpg,32b8f8a3415c82559de1db98bf0bb3a8,512,512
data\binary\train\tumor\glioma_Tr-gl_252.jpg,train,tumor,glioma,Training/glioma/Tr-gl_252.jpg,ce11513d7dfb1c4310eaac31e0af24f7,512,512
data\binary\train\no_tumor\notumor_Tr-no_434.jpg,train,no_tumor,notumor,Training/notumor/Tr-no_434.jpg,35e8a453a49865af3d47d02e343376c4,235,257
data\binary\train\no_tumor\notumor_Tr-no_1018.jpg,train,no_tumor,notumor,Training/notumor/Tr-no_1018.jpg,e8717f8bb244235d350034e475f896f3,225,225
data\binary\train\no_tumor\notumor_Tr-no_224.jpg,train,no_tumor,notumor,Training/notumor/Tr-no_224.jpg,0cc82102690c7ecbba7b211e9dca4da6,225,225
data\binary\train\tumor\pituitary_Tr-pi_1259.jpg,train,tumor,pituitary,Training/pituitary/Tr-pi_1259.jpg,e6c275fa53317f1cd90491a44b6a9a59,512,512
data\binary\train\tumor\pituitary_Tr-pi_872.jpg,train,tumor,pituitary,Training/pituitary/Tr-pi_872.jpg,f1bd43eaa2b7ad80bbb7ddca30884db2,512,512
data\binary\train\tumor\meningioma_Tr-me_843.jpg,train,tumor,meningioma,Training/meningioma/Tr-me_843.jpg,e7c546189703c199e66a362e9330d04e,512,512
data\binary\train\tumor\meningioma_Tr-me_1278.jpg,train,tumor,meningioma,Training/meningioma/Tr-me_1278.jpg,730dffb66b3eb7fbd1cc12d65b7de443,512,512
data\binary\train\tumor\glioma_Tr-gl_1032.jpg,train,tumor,glioma,Training/glioma/Tr-gl_1032.jpg,024e9173b80634bb38138258fbe90c08,512,512
data\binary\train\tumor\pituitary_Tr-pi_873.jpg,train,tumor,pituitary,Training/pituitary/Tr-pi_873.jpg,88155d7a46f2756df7454f352a67516b,512,512
data\binary\train\tumor\glioma_Tr-gl_26.jpg,train,tumor,glioma,Training/glioma/Tr-gl_26.jpg,c6d79ff1ed6783f79b029dfa96d64389,512,512
data\binary\train\tumor\glioma_Tr-gl_149.jpg,train,tumor,glioma,Training/glioma/Tr-gl_149.jpg,ae2c3214d92c71f1ab8d2b16ac25a6d1,512,512
data\binary\train\no_tumor\notumor_Tr-no_1140.jpg,train,no_tumor,notumor,Training/notumor/Tr-no_1140.jpg,e89ab6994c617c31786bfff5c406d0ab,512,512
data\binary\train\no_tumor\notumor_Tr-no_1070.jpg,train,no_tumor,notumor,Training/notumor/Tr-no_1070.jpg,ddc6fd51d45cb3a708c10fb921485ce9,236,366
data\binary\train\no_tumor\notumor_Tr-no_538.jpg,train,no_tumor,notumor,Training/notumor/Tr-no_538.jpg,464636a79cf4d95cf5840cfe614bfed2,225,225
data\binary\train\tumor\meningioma_Tr-me_965.jpg,train,tumor,meningioma,Training/meningioma/Tr-me_965.jpg,94638f4d66661073aeb9475d41f60bdf,722,690
data\binary\train\no_tumor\notumor_Tr-no_580.jpg,train,no_tumor,notumor,Training/notumor/Tr-no_580.jpg,aad73744aed2c7dcbfd8e0229b73a8d7,236,213
data\binary\train\tumor\meningioma_Tr-me_1005.jpg,train,tumor,meningioma,Training/meningioma/Tr-me_1005.jpg,6ba15839b777957f95f9c1aadf80609e,512,512
data\binary\train\tumor\glioma_Tr-gl_808.jpg,train,tumor,glioma,Training/glioma/Tr-gl_808.jpg,c275bdffcd4ae20166d9cc83cb77b043,512,512
data\binary\train\tumor\glioma_Tr-gl_641.jpg,train,tumor,glioma,Training/glioma/Tr-gl_641.jpg,6ae2c707dd020bd5b6896f241a43fe6f,512,512
data\binary\train\tumor\pituitary_Tr-pi_977.jpg,train,tumor,pituitary,Training/pituitary/Tr-pi_977.jpg,79d4958b1ec93aa9001889f3da2b23e5,512,512
data\binary\train\tumor\pituitary_Tr-pi_1172.jpg,train,tumor,pituitary,Training/pituitary/Tr-pi_1172.jpg,f01624ef9a9d818266f79db47f1bd4ad,512,512
data\binary\train\tumor\meningioma_Tr-me_202.jpg,train,tumor,meningioma,Training/meningioma/Tr-me_202.jpg,33219ed9ce02ebd832fc0a8e815a3101,230,241
data\binary\train\no_tumor\notumor_Tr-no_1062.jpg,train,no_tumor,notumor,Training/notumor/Tr-no_1062.jpg,f4b4f54022e5d07d1cfecf6868492299,630,630
data\binary\train\tumor\meningioma_Tr-me_406.jpg,train,tumor,meningioma,Training/meningioma/Tr-me_406.jpg,b0481c04cf82055b53bed325556f744e,512,512
data\binary\train\tumor\meningioma_Tr-me_788.jpg,train,tumor,meningioma,Training/meningioma/Tr-me_788.jpg,9a64cd1e7345ea79111e2198162fdc21,512,512
data\binary\train\tumor\meningioma_Tr-me_1065.jpg,train,tumor,meningioma,Training/meningioma/Tr-me_1065.jpg,946c21f50fa8850e565b131d33272ce3,512,512
data\binary\train\tumor\meningioma_Tr-me_500.jpg,train,tumor,meningioma,Training/meningioma/Tr-me_500.jpg,c53cfab05934ba93917d825347742c96,512,512
data\binary\train\tumor\pituitary_Tr-pi_279.jpg,train,tumor,pituitary,Training/pituitary/Tr-pi_279.jpg,bbaeef7bdde4555352ef316d88a079a2,512,512
data\binary\train\no_tumor\notumor_Tr-no_1286.jpg,train,no_tumor,notumor,Training/notumor/Tr-no_1286.jpg,1a84a83c0feb8567aa46363f90913772,225,225
data\binary\train\no_tumor\notumor_Tr-no_816.jpg,train,no_tumor,notumor,Training/notumor/Tr-no_816.jpg,6119e8d3172ad5a550a6401e146ff5d5,225,259
data\binary\train\tumor\glioma_Tr-gl_817.jpg,train,tumor,glioma,Training/glioma/Tr-gl_817.jpg,7e16916b675e4070bbae158a7eba4cb8,512,512
data\binary\train\no_tumor\notumor_Tr-no_1069.jpg,train,no_tumor,notumor,Training/notumor/Tr-no_1069.jpg,2527afce8a2471cb5797ad2c22b72050,225,225
data\binary\train\tumor\meningioma_Tr-me_221.jpg,train,tumor,meningioma,Training/meningioma/Tr-me_221.jpg,36f79996f732a2e3a6eca54c18fb5458,450,446
data\binary\train\tumor\pituitary_Tr-pi_783.jpg,train,tumor,pituitary,Training/pituitary/Tr-pi_783.jpg,6c42f719ca13c6bf14f3374dd5329104,512,512
data\binary\train\tumor\glioma_Tr-gl_539.jpg,train,tumor,glioma,Training/glioma/Tr-gl_539.jpg,ee27da38d5dfe88848d74af0581bd6cb,512,512
data\binary\train\no_tumor\notumor_Tr-no_1133.jpg,train,no_tumor,notumor,Training/notumor/Tr-no_1133.jpg,91f321310af001724a313ec73737975b,177,197
data\binary\train\tumor\meningioma_Tr-me_1198.jpg,train,tumor,meningioma,Training/meningioma/Tr-me_1198.jpg,ae6d267fc228ffe00a7cd13558e28189,278,306
data\binary\train\tumor\meningioma_Tr-me_77.jpg,train,tumor,meningioma,Training/meningioma/Tr-me_77.jpg,7c636e66dc1d7b6fcdddc9c4a6f2582e,512,512
data\binary\train\tumor\meningioma_Tr-me_250.jpg,train,tumor,meningioma,Training/meningioma/Tr-me_250.jpg,014e2de4d7d09b0e970b0a89db18c0d0,512,512
data\binary\train\tumor\meningioma_Tr-me_665.jpg,train,tumor,meningioma,Training/meningioma/Tr-me_665.jpg,eef95654225118f1cdb960392c071ccb,512,512
data\binary\train\no_tumor\notumor_Tr-no_423.jpg,train,no_tumor,notumor,Training/notumor/Tr-no_423.jpg,8039b6fdb903c359232053b858fca09f,409,442
data\binary\train\tumor\glioma_Tr-gl_427.jpg,train,tumor,glioma,Training/glioma/Tr-gl_427.jpg,78d5b9cf36c0ba68a72c6163990351b1,512,512
data\binary\train\tumor\pituitary_Tr-pi_938.jpg,train,tumor,pituitary,Training/pituitary/Tr-pi_938.jpg,dd14f64c433480b5121d84d0b27bc5e4,512,512
data\binary\train\tumor\pituitary_Tr-pi_1308.jpg,train,tumor,pituitary,Training/pituitary/Tr-pi_1308.jpg,aab42d47c92e68a710b97fc8fff44f32,512,512
data\binary\train\tumor\pituitary_Tr-pi_1385.jpg,train,tumor,pituitary,Training/pituitary/Tr-pi_1385.jpg,4822756b77a070273bbec07d0b8d7e5a,512,512
data\binary\train\no_tumor\notumor_Tr-no_681.jpg,train,no_tumor,notumor,Training/notumor/Tr-no_681.jpg,32f8385149fd8c67ce3ccb848343c019,225,225
data\binary\train\tumor\pituitary_Tr-pi_609.jpg,train,tumor,pituitary,Training/pituitary/Tr-pi_609.jpg,80e8c657872c400a572791ebd38f7171,512,512
data\binary\train\tumor\glioma_Tr-gl_986.jpg,train,tumor,glioma,Training/glioma/Tr-gl_986.jpg,6fa0c93285bf336223aac3af207bffd3,512,512
data\binary\train\no_tumor\notumor_Tr-no_37.jpg,train,no_tumor,notumor,Training/notumor/Tr-no_37.jpg,c07d0b44b49ffa149c6415a6174fa9b9,359,449
data\binary\train\no_tumor\notumor_Tr-no_1162.jpg,train,no_tumor,notumor,Training/notumor/Tr-no_1162.jpg,6d3cd89ba4e6da860ad7c9e18e73db77,214,236
data\binary\train\tumor\pituitary_Tr-pi_1098.jpg,train,tumor,pituitary,Training/pituitary/Tr-pi_1098.jpg,0140560cc9a91abc3e62e9e1bec6c5ea,512,512
data\binary\train\tumor\glioma_Tr-gl_1336.jpg,train,tumor,glioma,Training/glioma/Tr-gl_1336.jpg,58acdf9a2291765ec0c73c918d795d35,512,512
data\binary\train\tumor\glioma_Tr-gl_1326.jpg,train,tumor,glioma,Training/glioma/Tr-gl_1326.jpg,969350a5215f5ac542895d071985f036,512,512
data\binary\train\tumor\glioma_Tr-gl_1255.jpg,train,tumor,glioma,Training/glioma/Tr-gl_1255.jpg,f1263d37e12176b82ab37eea16f5f5e5,512,512
data\binary\train\tumor\pituitary_Tr-pi_72.jpg,train,tumor,pituitary,Training/pituitary/Tr-pi_72.jpg,8031fab19ad201e9f689ab982c473113,512,512
data\binary\train\no_tumor\notumor_Tr-no_58.jpg,train,no_tumor,notumor,Training/notumor/Tr-no_58.jpg,2c7025438fab31a227acfa917e126d33,332,442
data\binary\train\tumor\pituitary_Tr-pi_1059.jpg,train,tumor,pituitary,Training/pituitary/Tr-pi_1059.jpg,1b3e9cee48cc80e2872aad68298c4d85,512,512
data\binary\train\tumor\pituitary_Tr-pi_740.jpg,train,tumor,pituitary,Training/pituitary/Tr-pi_740.jpg,8e8604156fc65ca80dbb28f1a56f35b5,512,512
data\binary\train\tumor\pituitary_Tr-pi_1241.jpg,train,tumor,pituitary,Training/pituitary/Tr-pi_1241.jpg,5a521e8208c54b86d4c979defab45c48,512,512
data\binary\train\no_tumor\notumor_Tr-no_704.jpg,train,no_tumor,notumor,Training/notumor/Tr-no_704.jpg,40d1df478b1d1e7085bca996f80850da,227,222
data\binary\train\no_tumor\notumor_Tr-no_440.jpg,train,no_tumor,notumor,Training/notumor/Tr-no_440.jpg,23a633423d0b81faac5b5fe79c2094bc,225,225
data\binary\train\tumor\pituitary_Tr-pi_513.jpg,train,tumor,pituitary,Training/pituitary/Tr-pi_513.jpg,bf781f522dc1487620afeba19817e978,512,512
data\binary\train\tumor\glioma_Tr-gl_1024.jpg,train,tumor,glioma,Training/glioma/Tr-gl_1024.jpg,59c9b75e9268faf773b3406a2d716bf6,512,512
data\binary\train\no_tumor\notumor_Tr-no_1165.jpg,train,no_tumor,notumor,Training/notumor/Tr-no_1165.jpg,831386a88deb9db577969069bc630a4e,225,225
data\binary\train\tumor\pituitary_Tr-pi_546.jpg,train,tumor,pituitary,Training/pituitary/Tr-pi_546.jpg,f57cff260c5ab9539d31ab92a1e985ff,512,512
data\binary\train\tumor\meningioma_Tr-me_366.jpg,train,tumor,meningioma,Training/meningioma/Tr-me_366.jpg,0b41b709a8a8f4fb6be27a17ace36739,512,512
data\binary\train\tumor\meningioma_Tr-me_988.jpg,train,tumor,meningioma,Training/meningioma/Tr-me_988.jpg,2113b834c470a81ef2c24ee66eef700e,512,512
data\binary\train\tumor\meningioma_Tr-me_281.jpg,train,tumor,meningioma,Training/meningioma/Tr-me_281.jpg,cac4470ca8ae2e3306324adc23be571d,512,512
data\binary\train\tumor\pituitary_Tr-pi_516.jpg,train,tumor,pituitary,Training/pituitary/Tr-pi_516.jpg,27013378e3b6b8dd284fa967ac863475,512,512
data\binary\train\tumor\glioma_Tr-gl_1229.jpg,train,tumor,glioma,Training/glioma/Tr-gl_1229.jpg,0d9c31695fc6819a54acd68393e2399a,512,512
data\binary\train\tumor\pituitary_Tr-pi_849.jpg,train,tumor,pituitary,Training/pituitary/Tr-pi_849.jpg,ce9b2c4eba39e6594f39eea472962639,512,512
data\binary\train\tumor\glioma_Tr-gl_400.jpg,train,tumor,glioma,Training/glioma/Tr-gl_400.jpg,e34e4c59dc6fe71fce64483fb11953ee,512,512
data\binary\train\tumor\glioma_Tr-gl_1400.jpg,train,tumor,glioma,Training/glioma/Tr-gl_1400.jpg,921ad7dd102eb36e974b9f54034e15fa,512,512
data\binary\train\tumor\meningioma_Tr-aug-me_75.jpg,train,tumor,meningioma,Training/meningioma/Tr-aug-me_75.jpg,62ed60e88efb5d73ea22b10508384d0c,512,512
data\binary\train\tumor\glioma_Tr-gl_1117.jpg,train,tumor,glioma,Training/glioma/Tr-gl_1117.jpg,b3bdb0d65c9772407ba8eb2d25289f41,512,512
data\binary\train\no_tumor\notumor_Tr-no_1291.jpg,train,no_tumor,notumor,Training/notumor/Tr-no_1291.jpg,c07e4455eaba1aa3be49247aa6129b90,452,509
data\binary\train\tumor\meningioma_Tr-me_287.jpg,train,tumor,meningioma,Training/meningioma/Tr-me_287.jpg,b96749f2b5f1956eed0bbe885c654b27,512,512
data\binary\train\tumor\meningioma_Tr-me_317.jpg,train,tumor,meningioma,Training/meningioma/Tr-me_317.jpg,150d021ba344b82937b256851338d9ea,512,512
data\binary\train\no_tumor\notumor_Tr-no_126.jpg,train,no_tumor,notumor,Training/notumor/Tr-no_126.jpg,9899b47c45cf2e9c7e439d53cf6ec30f,201,251
data\binary\train\no_tumor\notumor_Tr-no_745.jpg,train,no_tumor,notumor,Training/notumor/Tr-no_745.jpg,cedd18ecd91954fb35b741a30a606b49,208,217
data\binary\train\no_tumor\notumor_Tr-no_50.jpg,train,no_tumor,notumor,Training/notumor/Tr-no_50.jpg,d5f02041373efa37ac5677734f8d63fc,225,225
data\binary\train\tumor\glioma_Tr-gl_37.jpg,train,tumor,glioma,Training/glioma/Tr-gl_37.jpg,30b3c3cf17479966811dffc382791f86,512,512
data\binary\train\tumor\glioma_Tr-gl_285.jpg,train,tumor,glioma,Training/glioma/Tr-gl_285.jpg,d3aeedd68e87be3fac52b46258afa344,512,512
data\binary\train\tumor\pituitary_Tr-pi_209.jpg,train,tumor,pituitary,Training/pituitary/Tr-pi_209.jpg,cbc5fb368efb8c75546d61add8803509,512,512
data\binary\train\tumor\glioma_Tr-gl_24.jpg,train,tumor,glioma,Training/glioma/Tr-gl_24.jpg,404d8d0d30c763ba60cf1d749a07fac1,512,512
data\binary\train\tumor\glioma_Tr-gl_217.jpg,train,tumor,glioma,Training/glioma/Tr-gl_217.jpg,ac1853404f3a7c03ac70bf9f006af9e7,512,512
data\binary\train\tumor\pituitary_Tr-pi_1132.jpg,train,tumor,pituitary,Training/pituitary/Tr-pi_1132.jpg,468c0abe37fb84651cd7c35817f7c3e4,512,512
data\binary\train\tumor\meningioma_Tr-me_908.jpg,train,tumor,meningioma,Training/meningioma/Tr-me_908.jpg,64eba0d29a54851d428f35ff430e6d3a,512,512
data\binary\train\no_tumor\notumor_Tr-no_12.jpg,train,no_tumor,notumor,Training/notumor/Tr-no_12.jpg,60149cf28d2b9773d6e7213f39549a8d,630,630
data\binary\train\tumor\meningioma_Tr-me_173.jpg,train,tumor,meningioma,Training/meningioma/Tr-me_173.jpg,e32e01d116f43c68c5f1cce140d9de4b,512,512
data\binary\train\tumor\glioma_Tr-gl_908.jpg,train,tumor,glioma,Training/glioma/Tr-gl_908.jpg,7f06bc13ea592836b44d0afb0812dbd9,512,512
data\binary\train\tumor\pituitary_Tr-pi_692.jpg,train,tumor,pituitary,Training/pituitary/Tr-pi_692.jpg,29d73e858132269475baeb7e1bf8d6a3,512,512
data\binary\train\tumor\meningioma_Tr-me_655.jpg,train,tumor,meningioma,Training/meningioma/Tr-me_655.jpg,6d645e2eec040ac43c0dfeab262ecfed,512,512
data\binary\train\tumor\glioma_Tr-gl_976.jpg,train,tumor,glioma,Training/glioma/Tr-gl_976.jpg,49bd8c6489e0cd5348f780f10d10bd50,512,512
data\binary\train\tumor\meningioma_Tr-me_316.jpg,train,tumor,meningioma,Training/meningioma/Tr-me_316.jpg,48ad5a0b1b223b7e589fc1ea5c5fc392,512,512
data\binary\train\tumor\pituitary_Tr-pi_690.jpg,train,tumor,pituitary,Training/pituitary/Tr-pi_690.jpg,828eff8d4f4df986189ba5dda4c1ca11,512,512
data\binary\train\no_tumor\notumor_Tr-no_777.jpg,train,no_tumor,notumor,Training/notumor/Tr-no_777.jpg,365ff1084aeff1257aad4f401035d44a,630,614
data\binary\train\tumor\glioma_Tr-gl_556.jpg,train,tumor,glioma,Training/glioma/Tr-gl_556.jpg,458416a66babb6e7b033ab208cbd52a0,512,512
data\binary\train\tumor\glioma_Tr-gl_1088.jpg,train,tumor,glioma,Training/glioma/Tr-gl_1088.jpg,8489b1cc9ad7e360afa8777771f015fb,512,512
data\binary\train\tumor\pituitary_Tr-pi_1265.jpg,train,tumor,pituitary,Training/pituitary/Tr-pi_1265.jpg,5c1604ee24bc160b3c4c814e89054beb,512,512
data\binary\train\tumor\pituitary_Tr-pi_1210.jpg,train,tumor,pituitary,Training/pituitary/Tr-pi_1210.jpg,f8e67d60b89f0d9184a6c9da825abfec,512,512
data\binary\train\tumor\glioma_Tr-gl_445.jpg,train,tumor,glioma,Training/glioma/Tr-gl_445.jpg,344c99914b844888bab5af0c6b5d8b21,512,512
data\binary\train\tumor\pituitary_Tr-pi_604.jpg,train,tumor,pituitary,Training/pituitary/Tr-pi_604.jpg,2ab328882bed0168e19aeaacc44c5d6a,512,512
data\binary\train\no_tumor\notumor_Tr-no_808.jpg,train,no_tumor,notumor,Training/notumor/Tr-no_808.jpg,a159cf4f1ccb4a17afc0e6ddb8164300,200,252
data\binary\train\no_tumor\notumor_Tr-no_799.jpg,train,no_tumor,notumor,Training/notumor/Tr-no_799.jpg,ccffd5b014d043687ba5d980285bda36,630,630
data\binary\train\tumor\glioma_Tr-gl_342.jpg,train,tumor,glioma,Training/glioma/Tr-gl_342.jpg,3af33ff7429104da252b4ff6b9e60567,512,512
data\binary\train\tumor\pituitary_Tr-pi_1224.jpg,train,tumor,pituitary,Training/pituitary/Tr-pi_1224.jpg,a2cc7743d7b0fb1f46b23a87402faa9a,512,512
data\binary\train\tumor\meningioma_Tr-me_335.jpg,train,tumor,meningioma,Training/meningioma/Tr-me_335.jpg,ad7bba4a13dd3e88599c30562a569cf9,512,512
data\binary\train\tumor\pituitary_Tr-pi_264.jpg,train,tumor,pituitary,Training/pituitary/Tr-pi_264.jpg,2f1016c90043a2e770db25e4fe88d9c3,512,512
data\binary\train\tumor\meningioma_Tr-me_56.jpg,train,tumor,meningioma,Training/meningioma/Tr-me_56.jpg,66c7d5b45464605af470e7b596ccbdae,512,512
data\binary\train\tumor\meningioma_Tr-me_936.jpg,train,tumor,meningioma,Training/meningioma/Tr-me_936.jpg,6da23e8baeb7d9c0c457b20589a5407a,329,314
data\binary\train\no_tumor\notumor_Tr-no_64.jpg,train,no_tumor,notumor,Training/notumor/Tr-no_64.jpg,f7c3d7c58f682a5d80dde15d4a99f111,400,442
data\binary\train\tumor\glioma_Tr-gl_18.jpg,train,tumor,glioma,Training/glioma/Tr-gl_18.jpg,aedb4ea4fc41a3ebf46031fe0d10c58e,512,512
data\binary\train\no_tumor\notumor_Tr-no_249.jpg,train,no_tumor,notumor,Training/notumor/Tr-no_249.jpg,acbab50d5e1b53b3a2e9ead2eff0bb0e,225,225
data\binary\train\tumor\pituitary_Tr-pi_496.jpg,train,tumor,pituitary,Training/pituitary/Tr-pi_496.jpg,e6eb796964cefc3f26935b180f0bb06f,512,512
data\binary\train\no_tumor\notumor_Tr-no_186.jpg,train,no_tumor,notumor,Training/notumor/Tr-no_186.jpg,d653837f905a50a7ce18b911dfb0c5c0,228,221
data\binary\train\no_tumor\notumor_Tr-no_527.jpg,train,no_tumor,notumor,Training/notumor/Tr-no_527.jpg,7a74b756081ee5fadc78f5729133b5d9,232,217
data\binary\train\tumor\meningioma_Tr-me_840.jpg,train,tumor,meningioma,Training/meningioma/Tr-me_840.jpg,e17a46e585a6f10190418d189f3d47fc,512,512
data\binary\train\no_tumor\notumor_Tr-no_852.jpg,train,no_tumor,notumor,Training/notumor/Tr-no_852.jpg,40d0dbd11b1a9aef10da4d9ca13a7f26,227,222
data\binary\train\tumor\meningioma_Tr-me_687.jpg,train,tumor,meningioma,Training/meningioma/Tr-me_687.jpg,3e3326be368c6318f3592d9131b2bf17,512,512
data\binary\train\tumor\meningioma_Tr-me_772.jpg,train,tumor,meningioma,Training/meningioma/Tr-me_772.jpg,4357c3c048fe81b198bc2f228f58c096,512,512
data\binary\train\tumor\pituitary_Tr-pi_791.jpg,train,tumor,pituitary,Training/pituitary/Tr-pi_791.jpg,8bd6ae7fdc80a0b3b39ba666cf1c932e,512,512
data\binary\train\tumor\pituitary_Tr-pi_811.jpg,train,tumor,pituitary,Training/pituitary/Tr-pi_811.jpg,80ee348cf9536e5715d02ecbb51d7927,512,512
data\binary\train\no_tumor\notumor_Tr-no_1374.jpg,train,no_tumor,notumor,Training/notumor/Tr-no_1374.jpg,33545775c68d06694c0cd52a399584a7,655,602
data\binary\train\tumor\meningioma_Tr-me_803.jpg,train,tumor,meningioma,Training/meningioma/Tr-me_803.jpg,a3a8bde831fed58d66dcd84c836c7cf2,512,512
data\binary\train\tumor\glioma_Tr-gl_912.jpg,train,tumor,glioma,Training/glioma/Tr-gl_912.jpg,838b1fab973b212c2f447bc3666ce5ac,512,512
data\binary\train\no_tumor\notumor_Tr-no_509.jpg,train,no_tumor,notumor,Training/notumor/Tr-no_509.jpg,8610967e6cf6354be53d9715bb2abc09,208,248
data\binary\train\tumor\glioma_Tr-gl_399.jpg,train,tumor,glioma,Training/glioma/Tr-gl_399.jpg,c500f35a6dfb18573a28dd7e20ef70a4,512,512
data\binary\train\tumor\meningioma_Tr-me_1237.jpg,train,tumor,meningioma,Training/meningioma/Tr-me_1237.jpg,bf3fb6683550bfd741a6caf62e6acabf,503,369
data\binary\train\tumor\pituitary_Tr-pi_440.jpg,train,tumor,pituitary,Training/pituitary/Tr-pi_440.jpg,e6db19cf80b990c7ecd544943d144090,512,512
data\binary\train\tumor\glioma_Tr-gl_457.jpg,train,tumor,glioma,Training/glioma/Tr-gl_457.jpg,3ceffa1e96f56fe5841a69f99bb59c7d,512,512
data\binary\train\tumor\pituitary_Tr-pi_407.jpg,train,tumor,pituitary,Training/pituitary/Tr-pi_407.jpg,98af88570c881b595e95b9ecdd3969d3,512,512
data\binary\train\no_tumor\notumor_Tr-no_628.jpg,train,no_tumor,notumor,Training/notumor/Tr-no_628.jpg,6a19cca735344750a3ae0039d438f50d,428,417
data\binary\train\no_tumor\notumor_Tr-no_1399.jpg,train,no_tumor,notumor,Training/notumor/Tr-no_1399.jpg,7fc2021df007e4a89b0e26a6e529b31e,215,234
data\binary\train\tumor\glioma_Tr-gl_1199.jpg,train,tumor,glioma,Training/glioma/Tr-gl_1199.jpg,19330ae2b64457dc8eab1e01e8ed56db,512,512
data\binary\train\tumor\meningioma_Tr-me_946.jpg,train,tumor,meningioma,Training/meningioma/Tr-me_946.jpg,572a36069412ab6da31d9cc3b14a9bd9,215,234
data\binary\train\no_tumor\notumor_Tr-no_1056.jpg,train,no_tumor,notumor,Training/notumor/Tr-no_1056.jpg,a6513fef0e52dd67af6e6026f1a66155,225,225
data\binary\train\tumor\glioma_Tr-gl_54.jpg,train,tumor,glioma,Training/glioma/Tr-gl_54.jpg,2b2ff83cc8339458899e8994faa549a3,512,512
data\binary\train\tumor\glioma_Tr-gl_193.jpg,train,tumor,glioma,Training/glioma/Tr-gl_193.jpg,7640e892f613b0b131fa9f7948bbddd9,512,512
data\binary\train\tumor\pituitary_Tr-pi_826.jpg,train,tumor,pituitary,Training/pituitary/Tr-pi_826.jpg,ed120c77cdae17c4e8349cd579d47c89,512,512
data\binary\train\no_tumor\notumor_Tr-no_1209.jpg,train,no_tumor,notumor,Training/notumor/Tr-no_1209.jpg,7fcb0db855729227a4bed590bba399c7,393,400
data\binary\train\no_tumor\notumor_Tr-no_376.jpg,train,no_tumor,notumor,Training/notumor/Tr-no_376.jpg,0f4f52fdf26e4689daa7eff79a2e17ba,321,351
data\binary\train\tumor\pituitary_Tr-pi_1285.jpg,train,tumor,pituitary,Training/pituitary/Tr-pi_1285.jpg,4dc1dc765dfde7fe0c50d37090bad93a,512,512
data\binary\train\tumor\meningioma_Tr-me_199.jpg,train,tumor,meningioma,Training/meningioma/Tr-me_199.jpg,6ac35de2630c016b30cbeef436c72358,512,512
data\binary\train\no_tumor\notumor_Tr-no_18.jpg,train,no_tumor,notumor,Training/notumor/Tr-no_18.jpg,251bc7b5440ceacba3d2dcfea87fb921,225,225
data\binary\train\no_tumor\notumor_Tr-no_596.jpg,train,no_tumor,notumor,Training/notumor/Tr-no_596.jpg,f1eb034a676759de1b26917343951906,225,225
data\binary\train\tumor\glioma_Tr-gl_4.jpg,train,tumor,glioma,Training/glioma/Tr-gl_4.jpg,d76f62067a34d450620f9b989408a9a6,512,512
data\binary\train\tumor\pituitary_Tr-pi_91.jpg,train,tumor,pituitary,Training/pituitary/Tr-pi_91.jpg,89169f510d1e60023d2a79f30a93fce5,512,512
data\binary\train\tumor\pituitary_Tr-pi_547.jpg,train,tumor,pituitary,Training/pituitary/Tr-pi_547.jpg,c44a2188684c5cb092fa386627ab9a09,512,512
data\binary\train\tumor\glioma_Tr-gl_766.jpg,train,tumor,glioma,Training/glioma/Tr-gl_766.jpg,de2c18eb8bfa5a6760ba6e470d281530,512,512
data\binary\train\no_tumor\notumor_Tr-no_31.jpg,train,no_tumor,notumor,Training/notumor/Tr-no_31.jpg,ae6059e90daa310d82dccfcf62a603c3,630,630
data\binary\train\tumor\meningioma_Tr-me_857.jpg,train,tumor,meningioma,Training/meningioma/Tr-me_857.jpg,5f67ecd8833c688c2706928665527257,512,512
data\binary\train\no_tumor\notumor_Tr-no_1016.jpg,train,no_tumor,notumor,Training/notumor/Tr-no_1016.jpg,60e765179ae22c1d69cb6c1233f17354,236,220
data\binary\train\tumor\meningioma_Tr-me_731.jpg,train,tumor,meningioma,Training/meningioma/Tr-me_731.jpg,80843ef42d7a4115876aaa95bd98666d,512,512
data\binary\train\tumor\meningioma_Tr-me_643.jpg,train,tumor,meningioma,Training/meningioma/Tr-me_643.jpg,5e51da9b01a6692ce47184886b9ebad1,512,512
data\binary\train\tumor\meningioma_Tr-me_423.jpg,train,tumor,meningioma,Training/meningioma/Tr-me_423.jpg,50baadf5d8bce475f3aa07932d62ce3e,512,512
data\binary\train\tumor\meningioma_Tr-me_1191.jpg,train,tumor,meningioma,Training/meningioma/Tr-me_1191.jpg,7e7a8f7c30b2ffcd8de6beeafcd67c88,512,512
data\binary\train\tumor\pituitary_Tr-pi_852.jpg,train,tumor,pituitary,Training/pituitary/Tr-pi_852.jpg,f419373a2cc62f511dd1c24930f2959c,512,512
data\binary\train\tumor\glioma_Tr-gl_1116.jpg,train,tumor,glioma,Training/glioma/Tr-gl_1116.jpg,e4c342966c6c3bc6ae1ef8d36e869882,512,512
data\binary\train\no_tumor\notumor_Tr-no_155.jpg,train,no_tumor,notumor,Training/notumor/Tr-no_155.jpg,d878d96555999e2b3f0936c5025c9c0d,330,220
data\binary\train\tumor\glioma_Tr-gl_1079.jpg,train,tumor,glioma,Training/glioma/Tr-gl_1079.jpg,7d2cb9f6844bc015d1ca9d01d558101a,512,512
data\binary\train\tumor\glioma_Tr-gl_704.jpg,train,tumor,glioma,Training/glioma/Tr-gl_704.jpg,9932387a7271a5dae468881afaffd45c,512,512
data\binary\train\tumor\meningioma_Tr-me_831.jpg,train,tumor,meningioma,Training/meningioma/Tr-me_831.jpg,da2881bcb301e75d925cfe9d3eb36e19,512,512
data\binary\train\tumor\meningioma_Tr-me_863.jpg,train,tumor,meningioma,Training/meningioma/Tr-me_863.jpg,48905040394b799fe6ebe12c045860a9,512,512
data\binary\train\tumor\glioma_Tr-gl_969.jpg,train,tumor,glioma,Training/glioma/Tr-gl_969.jpg,a962d0df04185c5b26d6c381ac9fdd9a,512,512
data\binary\train\tumor\glioma_Tr-gl_183.jpg,train,tumor,glioma,Training/glioma/Tr-gl_183.jpg,97dd87b2f1cf7399799fd44b910698b0,512,512
data\binary\train\tumor\meningioma_Tr-aug-me_72.jpg,train,tumor,meningioma,Training/meningioma/Tr-aug-me_72.jpg,136cc6c0022dfc070beea205924d9d99,512,512
data\binary\train\no_tumor\notumor_Tr-no_1253.jpg,train,no_tumor,notumor,Training/notumor/Tr-no_1253.jpg,c00ff93d39654b9bd8772a3a49d91dfd,236,218
data\binary\train\tumor\meningioma_Tr-me_459.jpg,train,tumor,meningioma,Training/meningioma/Tr-me_459.jpg,de0c4cdf4b1ff1602522dcce32f8ca96,512,512
data\binary\train\tumor\meningioma_Tr-me_304.jpg,train,tumor,meningioma,Training/meningioma/Tr-me_304.jpg,41dead393404dec744a6a9104afc5128,512,512
data\binary\train\tumor\glioma_Tr-gl_40.jpg,train,tumor,glioma,Training/glioma/Tr-gl_40.jpg,35bcc470ccaa812512befb068bffddb0,512,512
data\binary\train\tumor\glioma_Tr-gl_439.jpg,train,tumor,glioma,Training/glioma/Tr-gl_439.jpg,adda5e4fd6cd9b3f8d310ac3f3ea56bb,512,512
data\binary\train\tumor\meningioma_Tr-me_693.jpg,train,tumor,meningioma,Training/meningioma/Tr-me_693.jpg,6c342276b62a464d3742b7e1845612bc,512,512
data\binary\train\tumor\glioma_Tr-gl_1060.jpg,train,tumor,glioma,Training/glioma/Tr-gl_1060.jpg,ed2ac35a67afe4858ba330ec5a4651dc,512,512
data\binary\train\tumor\glioma_Tr-gl_669.jpg,train,tumor,glioma,Training/glioma/Tr-gl_669.jpg,daa7fb083d4fe03e063fbf880fb99af7,512,512
data\binary\train\tumor\meningioma_Tr-me_871.jpg,train,tumor,meningioma,Training/meningioma/Tr-me_871.jpg,7b7a0658d9e3b9d118733a2cc805d66f,512,512
data\binary\train\tumor\glioma_Tr-gl_467.jpg,train,tumor,glioma,Training/glioma/Tr-gl_467.jpg,9e79c0720f004baa79959b9dcfeb0d37,512,512
data\binary\train\tumor\pituitary_Tr-pi_697.jpg,train,tumor,pituitary,Training/pituitary/Tr-pi_697.jpg,6758576c62e2ab3d7e86053336e57e2c,512,512
data\binary\train\tumor\glioma_Tr-gl_1352.jpg,train,tumor,glioma,Training/glioma/Tr-gl_1352.jpg,05763989c547e1e3b130dbdaa677bace,512,512
data\binary\train\tumor\pituitary_Tr-pi_100.jpg,train,tumor,pituitary,Training/pituitary/Tr-pi_100.jpg,dfddb28b40a802ad6a54416029c08536,512,512
data\binary\train\tumor\glioma_Tr-gl_139.jpg,train,tumor,glioma,Training/glioma/Tr-gl_139.jpg,5d86e238baf37178543ac98f5b1d058f,512,512
data\binary\train\tumor\glioma_Tr-gl_375.jpg,train,tumor,glioma,Training/glioma/Tr-gl_375.jpg,a6bcc4d6ef62501b202cd702337f5045,512,512
data\binary\train\tumor\pituitary_Tr-pi_614.jpg,train,tumor,pituitary,Training/pituitary/Tr-pi_614.jpg,028ab5ee72c5c2ba5366195a23f2d770,512,512
data\binary\train\tumor\pituitary_Tr-pi_748.jpg,train,tumor,pituitary,Training/pituitary/Tr-pi_748.jpg,2417232c301e183a281f432fa8814dca,512,512
data\binary\train\tumor\glioma_Tr-gl_404.jpg,train,tumor,glioma,Training/glioma/Tr-gl_404.jpg,ef55b337fabd7d66f2ceb3acb477d003,512,512
data\binary\train\tumor\glioma_Tr-gl_638.jpg,train,tumor,glioma,Training/glioma/Tr-gl_638.jpg,9c4c6059b63700b713fcb27194250940,512,512
data\binary\train\tumor\pituitary_Tr-pi_844.jpg,train,tumor,pituitary,Training/pituitary/Tr-pi_844.jpg,00f494cc9170f65ba896b204b47826c7,512,512
data\binary\train\tumor\glioma_Tr-gl_1174.jpg,train,tumor,glioma,Training/glioma/Tr-gl_1174.jpg,95b9555d3c6f41283680a7d278e564ec,512,512
data\binary\train\tumor\meningioma_Tr-me_882.jpg,train,tumor,meningioma,Training/meningioma/Tr-me_882.jpg,637b8237de14add03f105dd790051fde,512,512
data\binary\train\tumor\pituitary_Tr-pi_1346.jpg,train,tumor,pituitary,Training/pituitary/Tr-pi_1346.jpg,c0d6073da71dbff9d1668cd7b08c8059,512,512
data\binary\train\no_tumor\notumor_Tr-no_706.jpg,train,no_tumor,notumor,Training/notumor/Tr-no_706.jpg,66d38e7bc779e99b60b0171058dd7ef0,256,256
data\binary\train\tumor\meningioma_Tr-me_5.jpg,train,tumor,meningioma,Training/meningioma/Tr-me_5.jpg,3288ea9fb327e8dd8e501df279995098,512,512
data\binary\train\tumor\meningioma_Tr-me_1014.jpg,train,tumor,meningioma,Training/meningioma/Tr-me_1014.jpg,03290da01cde8965f005e1a85584699d,226,212
data\binary\train\tumor\meningioma_Tr-aug-me_26.jpg,train,tumor,meningioma,Training/meningioma/Tr-aug-me_26.jpg,86ef2aeb691446a13f6ce4f60d0487ad,512,512
data\binary\train\tumor\glioma_Tr-gl_397.jpg,train,tumor,glioma,Training/glioma/Tr-gl_397.jpg,b6c5baabb322d9cf6fde2e2b88be659e,512,512
data\binary\train\tumor\glioma_Tr-gl_941.jpg,train,tumor,glioma,Training/glioma/Tr-gl_941.jpg,dec9df79d70df63cf2ddeef2888661ed,512,512
data\binary\train\no_tumor\notumor_Tr-no_594.jpg,train,no_tumor,notumor,Training/notumor/Tr-no_594.jpg,a50b5fb2a4c2fd2a9b4df80a688f4beb,236,295
data\binary\train\tumor\meningioma_Tr-me_206.jpg,train,tumor,meningioma,Training/meningioma/Tr-me_206.jpg,fd0bc9f2a4f8e458230585993c7a9127,512,512
data\binary\train\tumor\meningioma_Tr-me_504.jpg,train,tumor,meningioma,Training/meningioma/Tr-me_504.jpg,dc2aa28f98a3573e08476f7165877f21,512,512
data\binary\train\tumor\pituitary_Tr-pi_250.jpg,train,tumor,pituitary,Training/pituitary/Tr-pi_250.jpg,bc44589553260f9c1965a1a7b07f14b8,512,512
data\binary\train\tumor\meningioma_Tr-me_865.jpg,train,tumor,meningioma,Training/meningioma/Tr-me_865.jpg,73cd656e3f62e426c4ec212d9d69113f,290,342
data\binary\train\tumor\pituitary_Tr-pi_1329.jpg,train,tumor,pituitary,Training/pituitary/Tr-pi_1329.jpg,d2d236991bf8d0bc37a596e5eef122bd,512,512
data\binary\train\no_tumor\notumor_Tr-no_109.jpg,train,no_tumor,notumor,Training/notumor/Tr-no_109.jpg,d9c32d64bae1e0350522351c6a7cea0b,630,630
data\binary\train\tumor\meningioma_Tr-aug-me_83.jpg,train,tumor,meningioma,Training/meningioma/Tr-aug-me_83.jpg,1d5ff3bf08a18a2a4fe2ac90ef57bdf8,512,512
data\binary\train\tumor\pituitary_Tr-pi_1161.jpg,train,tumor,pituitary,Training/pituitary/Tr-pi_1161.jpg,5a9962976dd9a4ca5608192e7c02eb74,512,512
data\binary\train\tumor\pituitary_Tr-pi_847.jpg,train,tumor,pituitary,Training/pituitary/Tr-pi_847.jpg,428c8e6954ae6f3ade511ce7a3ff6376,512,512
data\binary\train\no_tumor\notumor_Tr-no_89.jpg,train,no_tumor,notumor,Training/notumor/Tr-no_89.jpg,a34c69e1fad221d4a3e3de2d7c2e6300,173,201
data\binary\train\tumor\pituitary_Tr-pi_47.jpg,train,tumor,pituitary,Training/pituitary/Tr-pi_47.jpg,7b3dc4ab4c74a32fca577cbd2ed40878,512,512
data\binary\train\tumor\pituitary_Tr-pi_477.jpg,train,tumor,pituitary,Training/pituitary/Tr-pi_477.jpg,8b7b666492e551fbaacae5b23dc09ff2,512,512
data\binary\train\tumor\pituitary_Tr-pi_1388.jpg,train,tumor,pituitary,Training/pituitary/Tr-pi_1388.jpg,1c79db188f71cb870f75f11f09453ecc,512,512
data\binary\train\no_tumor\notumor_Tr-no_1091.jpg,train,no_tumor,notumor,Training/notumor/Tr-no_1091.jpg,320be18cd6b3ad7b637f4ef0d180ebe0,630,630
data\binary\train\tumor\meningioma_Tr-me_174.jpg,train,tumor,meningioma,Training/meningioma/Tr-me_174.jpg,7061c920da002bf3ff6f214c2fc8f4c1,512,512
data\binary\train\tumor\glioma_Tr-gl_572.jpg,train,tumor,glioma,Training/glioma/Tr-gl_572.jpg,c4d87678a9b0fcf36ea4fe6437209dc0,512,512
data\binary\train\no_tumor\notumor_Tr-no_458.jpg,train,no_tumor,notumor,Training/notumor/Tr-no_458.jpg,addb9b6936f16abf00068a8ca4f6d520,225,225
data\binary\train\tumor\glioma_Tr-gl_222.jpg,train,tumor,glioma,Training/glioma/Tr-gl_222.jpg,dc03245580a2971e1c538133243bb839,512,512
data\binary\train\no_tumor\notumor_Tr-no_974.jpg,train,no_tumor,notumor,Training/notumor/Tr-no_974.jpg,6eb93cfd63d681847b2d5f3ba975c340,208,242
data\binary\train\tumor\pituitary_Tr-pi_1382.jpg,train,tumor,pituitary,Training/pituitary/Tr-pi_1382.jpg,be148659ebcb49223cf1b52280c87f4b,512,512
data\binary\train\no_tumor\notumor_Tr-no_507.jpg,train,no_tumor,notumor,Training/notumor/Tr-no_507.jpg,39933c76efec810229d42009c47398d3,196,257
data\binary\train\tumor\glioma_Tr-gl_1228.jpg,train,tumor,glioma,Training/glioma/Tr-gl_1228.jpg,ba157a160e8034a11e432253a27d0bc2,512,512
data\binary\train\tumor\glioma_Tr-gl_789.jpg,train,tumor,glioma,Training/glioma/Tr-gl_789.jpg,0f4951fff76e16356ab414e791d543b3,512,512
data\binary\train\no_tumor\notumor_Tr-no_1157.jpg,train,no_tumor,notumor,Training/notumor/Tr-no_1157.jpg,dd12ae3b5572786c8c5d76e3e47c3303,225,225
data\binary\train\tumor\glioma_Tr-gl_1254.jpg,train,tumor,glioma,Training/glioma/Tr-gl_1254.jpg,7a370efec7e8892da5d0c2be9a149ad1,512,512
data\binary\train\no_tumor\notumor_Tr-no_598.jpg,train,no_tumor,notumor,Training/notumor/Tr-no_598.jpg,5f2dec2cb5113e7d18a8b78187eea046,194,259
data\binary\train\tumor\glioma_Tr-gl_1220.jpg,train,tumor,glioma,Training/glioma/Tr-gl_1220.jpg,e4b93234e6ac39a2ae14d3b93d0a23bf,512,512
data\binary\train\tumor\pituitary_Tr-pi_1035.jpg,train,tumor,pituitary,Training/pituitary/Tr-pi_1035.jpg,9bf463b40be065d39dfd4769bdfd1cfd,512,512
data\binary\train\no_tumor\notumor_Tr-no_504.jpg,train,no_tumor,notumor,Training/notumor/Tr-no_504.jpg,e90b876a79ebbc6339ed54428d3f7349,227,222
data\binary\train\tumor\pituitary_Tr-pi_7.jpg,train,tumor,pituitary,Training/pituitary/Tr-pi_7.jpg,3648af09b3cc176f1572d1452141d977,512,512
data\binary\train\tumor\pituitary_Tr-pi_1005.jpg,train,tumor,pituitary,Training/pituitary/Tr-pi_1005.jpg,e48191f0e2b40b0c3e86fa2921b26818,512,512
data\binary\train\no_tumor\notumor_Tr-no_386.jpg,train,no_tumor,notumor,Training/notumor/Tr-no_386.jpg,636cc44226b6c31723e02ef144d9e6d2,225,225
data\binary\train\no_tumor\notumor_Tr-no_1129.jpg,train,no_tumor,notumor,Training/notumor/Tr-no_1129.jpg,b3905360b422866cc9fd7ab95900f822,800,693
data\binary\train\tumor\meningioma_Tr-me_331.jpg,train,tumor,meningioma,Training/meningioma/Tr-me_331.jpg,64ef8e768d1740cfbf5eea4e11faeb87,204,249
data\binary\train\tumor\pituitary_Tr-pi_1379.jpg,train,tumor,pituitary,Training/pituitary/Tr-pi_1379.jpg,11b6b64b29f85054efbccdcaa3b6af69,512,512
data\binary\train\no_tumor\notumor_Tr-no_680.jpg,train,no_tumor,notumor,Training/notumor/Tr-no_680.jpg,5d77551a1ce22a63b2f6c6d67fb2c21c,201,250
data\binary\train\tumor\meningioma_Tr-me_274.jpg,train,tumor,meningioma,Training/meningioma/Tr-me_274.jpg,f66b28d9b187c07d799e7719c8005493,512,512
data\binary\train\tumor\glioma_Tr-gl_765.jpg,train,tumor,glioma,Training/glioma/Tr-gl_765.jpg,307079307e57908cf57cbdbc2386df23,512,512
data\binary\train\tumor\glioma_Tr-gl_1304.jpg,train,tumor,glioma,Training/glioma/Tr-gl_1304.jpg,34fb59ada9675a98073755b65a4e45c1,512,512
data\binary\train\tumor\glioma_Tr-gl_888.jpg,train,tumor,glioma,Training/glioma/Tr-gl_888.jpg,ed6c19c96641eaca69fa375fd013e93b,512,512
data\binary\train\tumor\pituitary_Tr-pi_776.jpg,train,tumor,pituitary,Training/pituitary/Tr-pi_776.jpg,a5740a3deaf8952c1646a18470ab737b,512,512
data\binary\train\tumor\pituitary_Tr-pi_881.jpg,train,tumor,pituitary,Training/pituitary/Tr-pi_881.jpg,2b8941b01fbf8e4b3eee26f82179deb9,512,512
data\binary\train\tumor\pituitary_Tr-pi_416.jpg,train,tumor,pituitary,Training/pituitary/Tr-pi_416.jpg,7f9dcb3a1ed37183cfd54ac0d49132bb,512,512
data\binary\train\tumor\meningioma_Tr-aug-me_37.jpg,train,tumor,meningioma,Training/meningioma/Tr-aug-me_37.jpg,4e029514b14d344e93a6189b1f12897c,512,512
data\binary\train\tumor\meningioma_Tr-me_769.jpg,train,tumor,meningioma,Training/meningioma/Tr-me_769.jpg,161c62683bfe59b7c94e5db37f334f5c,512,512
data\binary\train\tumor\glioma_Tr-gl_1333.jpg,train,tumor,glioma,Training/glioma/Tr-gl_1333.jpg,3ae604e9967d997a8c3b20b38a0fb3a5,512,512
data\binary\train\no_tumor\notumor_Tr-no_973.jpg,train,no_tumor,notumor,Training/notumor/Tr-no_973.jpg,c8e3da4f0e7fb50fe1fc1dc894fe546e,200,252
data\binary\train\no_tumor\notumor_Tr-no_1333.jpg,train,no_tumor,notumor,Training/notumor/Tr-no_1333.jpg,eaed62da90b11d4efc075a06ac31932d,364,418
data\binary\train\tumor\meningioma_Tr-me_639.jpg,train,tumor,meningioma,Training/meningioma/Tr-me_639.jpg,51669f2b96f8a273dc894f7e959fe95c,528,581
data\binary\train\tumor\pituitary_Tr-pi_1359.jpg,train,tumor,pituitary,Training/pituitary/Tr-pi_1359.jpg,a4e46b53be4d39342dee5dea38066ae8,512,512
data\binary\train\tumor\meningioma_Tr-me_761.jpg,train,tumor,meningioma,Training/meningioma/Tr-me_761.jpg,48f9713ec1f954afd2cffe692c56b50d,512,512
data\binary\train\tumor\meningioma_Tr-me_1204.jpg,train,tumor,meningioma,Training/meningioma/Tr-me_1204.jpg,cbcf0819c42348a2a60405cafab3fa31,512,512
data\binary\train\tumor\meningioma_Tr-me_106.jpg,train,tumor,meningioma,Training/meningioma/Tr-me_106.jpg,1e60d1f31c3995a6e391db9790493b65,512,512
data\binary\train\tumor\glioma_Tr-gl_1378.jpg,train,tumor,glioma,Training/glioma/Tr-gl_1378.jpg,2a124d08d275c54506a10c3534982747,512,512
data\binary\train\tumor\meningioma_Tr-me_494.jpg,train,tumor,meningioma,Training/meningioma/Tr-me_494.jpg,8438e1fa3605d8ab0adb7d304f47d075,512,512
data\binary\train\tumor\glioma_Tr-gl_562.jpg,train,tumor,glioma,Training/glioma/Tr-gl_562.jpg,d97c58e3ba4a5866be69df92156d5b21,512,512
data\binary\train\tumor\pituitary_Tr-pi_96.jpg,train,tumor,pituitary,Training/pituitary/Tr-pi_96.jpg,94fb1a9e5bb33b10fdde473087a3fce6,512,512
data\binary\train\tumor\meningioma_Tr-me_262.jpg,train,tumor,meningioma,Training/meningioma/Tr-me_262.jpg,7ddef7a97c979ca447ec2fd48b83b810,512,512
data\binary\train\tumor\meningioma_Tr-me_240.jpg,train,tumor,meningioma,Training/meningioma/Tr-me_240.jpg,bddb2155384c3ec53c2d6fb88cc45f5d,512,512
data\binary\train\no_tumor\notumor_Tr-no_1341.jpg,train,no_tumor,notumor,Training/notumor/Tr-no_1341.jpg,66abdf3031d35b5951c25f647a75ceef,504,540
data\binary\train\no_tumor\notumor_Tr-no_814.jpg,train,no_tumor,notumor,Training/notumor/Tr-no_814.jpg,d6cec9e5ebd13844f8dfb633dd9fbfca,219,211
data\binary\train\tumor\pituitary_Tr-pi_600.jpg,train,tumor,pituitary,Training/pituitary/Tr-pi_600.jpg,ab5434953407399ec87f273c8ee36e15,512,512
data\binary\train\tumor\glioma_Tr-gl_1289.jpg,train,tumor,glioma,Training/glioma/Tr-gl_1289.jpg,0db153318c440a02e5fec74dd0bea5c3,512,512
data\binary\train\tumor\glioma_Tr-gl_1146.jpg,train,tumor,glioma,Training/glioma/Tr-gl_1146.jpg,edaad3d57c32239d429c169c38f7d699,512,512
data\binary\train\no_tumor\notumor_Tr-no_822.jpg,train,no_tumor,notumor,Training/notumor/Tr-no_822.jpg,04ad12436c5b59dac34ff27b48e8dd9a,235,227
data\binary\train\tumor\pituitary_Tr-pi_274.jpg,train,tumor,pituitary,Training/pituitary/Tr-pi_274.jpg,7584bc10be284982237c791cea07fbb6,512,512
data\binary\train\tumor\pituitary_Tr-pi_1104.jpg,train,tumor,pituitary,Training/pituitary/Tr-pi_1104.jpg,ae03d6d8b5e790a74e2795bc0efb78e8,512,512
data\binary\train\tumor\pituitary_Tr-pi_33.jpg,train,tumor,pituitary,Training/pituitary/Tr-pi_33.jpg,7369cae0138d170c747efdffe71bf7e8,512,512
data\binary\train\no_tumor\notumor_Tr-no_1057.jpg,train,no_tumor,notumor,Training/notumor/Tr-no_1057.jpg,1183c9f6ff8f74326633b94c8dec3e05,208,242
data\binary\train\tumor\pituitary_Tr-pi_406.jpg,train,tumor,pituitary,Training/pituitary/Tr-pi_406.jpg,59eeebf67b34cfeb18967ac5c23de12e,512,512
data\binary\train\tumor\pituitary_Tr-pi_1041.jpg,train,tumor,pituitary,Training/pituitary/Tr-pi_1041.jpg,1e42dcef2fdbe33f2c937508bf11b88d,512,512
data\binary\train\tumor\meningioma_Tr-me_44.jpg,train,tumor,meningioma,Training/meningioma/Tr-me_44.jpg,61fe7bbb23bee02b93d7a31919c81763,512,512
data\binary\train\tumor\glioma_Tr-gl_614.jpg,train,tumor,glioma,Training/glioma/Tr-gl_614.jpg,92f8c8df61a5063beca97e98f4cb1026,512,512
data\binary\train\no_tumor\notumor_Tr-no_626.jpg,train,no_tumor,notumor,Training/notumor/Tr-no_626.jpg,1d39767cea25183914fa573a0107d307,225,225
data\binary\train\no_tumor\notumor_Tr-no_46.jpg,train,no_tumor,notumor,Training/notumor/Tr-no_46.jpg,3ab7f4b4e96274e88a84e1984db4da44,225,225
data\binary\train\no_tumor\notumor_Tr-no_964.jpg,train,no_tumor,notumor,Training/notumor/Tr-no_964.jpg,dc0e4ff1de17bd63892ec28bad668d6f,206,244
data\binary\train\tumor\glioma_Tr-gl_98.jpg,train,tumor,glioma,Training/glioma/Tr-gl_98.jpg,2cbf9e83f4e3119a325a491ae49634a0,512,512
data\binary\train\tumor\meningioma_Tr-me_658.jpg,train,tumor,meningioma,Training/meningioma/Tr-me_658.jpg,63f26c0e8446497e001ea21600b34840,512,512
data\binary\train\tumor\meningioma_Tr-me_451.jpg,train,tumor,meningioma,Training/meningioma/Tr-me_451.jpg,8a2dd7e92ce54d4b7baf33bbb141a986,512,512
data\binary\train\tumor\pituitary_Tr-pi_236.jpg,train,tumor,pituitary,Training/pituitary/Tr-pi_236.jpg,5170ff4b94fa1de6ab2616b84e1eb86d,512,512
data\binary\train\no_tumor\notumor_Tr-no_1090.jpg,train,no_tumor,notumor,Training/notumor/Tr-no_1090.jpg,f1cc5a6fdc6aa18c1f2cf8b7ac16b907,453,496
data\binary\train\tumor\glioma_Tr-gl_227.jpg,train,tumor,glioma,Training/glioma/Tr-gl_227.jpg,12de1cf81baff27873b396af4df38e47,512,512
data\binary\train\tumor\meningioma_Tr-me_812.jpg,train,tumor,meningioma,Training/meningioma/Tr-me_812.jpg,efc05e35e5b93e4e5bac4788fdc0d746,512,512
data\binary\train\tumor\meningioma_Tr-me_16.jpg,train,tumor,meningioma,Training/meningioma/Tr-me_16.jpg,56e1f8dba3990ad3e121656ed30bf9a1,512,512
data\binary\train\tumor\pituitary_Tr-pi_268.jpg,train,tumor,pituitary,Training/pituitary/Tr-pi_268.jpg,ae57965ae35d605c7aed8995e5577630,512,512
data\binary\train\tumor\pituitary_Tr-pi_785.jpg,train,tumor,pituitary,Training/pituitary/Tr-pi_785.jpg,6e24ca298afdb0d5d912d4afc579ff6b,512,512
data\binary\train\tumor\meningioma_Tr-me_651.jpg,train,tumor,meningioma,Training/meningioma/Tr-me_651.jpg,e843305209d787a339d5ddd61e0faebf,512,512
data\binary\train\tumor\meningioma_Tr-me_501.jpg,train,tumor,meningioma,Training/meningioma/Tr-me_501.jpg,021e94c04b0351af1dd142553c22fd7e,512,512
data\binary\train\tumor\meningioma_Tr-me_681.jpg,train,tumor,meningioma,Training/meningioma/Tr-me_681.jpg,d8903369cc9fe39cec389900451ab747,512,512
data\binary\train\tumor\meningioma_Tr-me_822.jpg,train,tumor,meningioma,Training/meningioma/Tr-me_822.jpg,5c6f5d1c7cb5a57c8c16114dae99d359,512,512
data\binary\train\no_tumor\notumor_Tr-no_200.jpg,train,no_tumor,notumor,Training/notumor/Tr-no_200.jpg,9dcc30c3f1c77625bf3c356eb1fef2d9,227,262
data\binary\train\tumor\pituitary_Tr-pi_575.jpg,train,tumor,pituitary,Training/pituitary/Tr-pi_575.jpg,d7d8674727b9877a2c2a05edca0bf575,512,512
data\binary\train\tumor\pituitary_Tr-pi_553.jpg,train,tumor,pituitary,Training/pituitary/Tr-pi_553.jpg,81ef3e6de26a504bdb2ec9826811a195,512,512
data\binary\train\tumor\meningioma_Tr-me_783.jpg,train,tumor,meningioma,Training/meningioma/Tr-me_783.jpg,526114aef19e830a7672f81e59f5c344,512,512
data\binary\train\no_tumor\notumor_Tr-no_857.jpg,train,no_tumor,notumor,Training/notumor/Tr-no_857.jpg,e9688d2d202570fb3f0a9fff97162b64,236,236
data\binary\train\tumor\pituitary_Tr-pi_1092.jpg,train,tumor,pituitary,Training/pituitary/Tr-pi_1092.jpg,92ace54b9f28dca021a9e7b5b92e85a3,512,512
data\binary\train\no_tumor\notumor_Tr-no_519.jpg,train,no_tumor,notumor,Training/notumor/Tr-no_519.jpg,cc712e0106aa07953906b25f2e7a5598,233,226
data\binary\train\tumor\pituitary_Tr-pi_269.jpg,train,tumor,pituitary,Training/pituitary/Tr-pi_269.jpg,423bdb16af75544f71b1d14071aab817,512,512
data\binary\train\tumor\meningioma_Tr-me_1145.jpg,train,tumor,meningioma,Training/meningioma/Tr-me_1145.jpg,03026579332e5d3a42a6f067ad36189f,512,512
data\binary\train\tumor\meningioma_Tr-me_333.jpg,train,tumor,meningioma,Training/meningioma/Tr-me_333.jpg,8bef16735607b0d7ebd15dba1bac8c02,512,512
data\binary\train\tumor\glioma_Tr-gl_619.jpg,train,tumor,glioma,Training/glioma/Tr-gl_619.jpg,ad51ed0dd64869f8176032acf89aa587,512,512
data\binary\train\tumor\glioma_Tr-gl_626.jpg,train,tumor,glioma,Training/glioma/Tr-gl_626.jpg,4dbdd3a1dd48f9471a9286e07aa234ec,512,512
data\binary\train\tumor\glioma_Tr-gl_1221.jpg,train,tumor,glioma,Training/glioma/Tr-gl_1221.jpg,ff04cb3f67c352727217d7619ed66228,512,512
data\binary\train\tumor\pituitary_Tr-pi_500.jpg,train,tumor,pituitary,Training/pituitary/Tr-pi_500.jpg,a5dd8597978378052383ea8f25042e18,512,512
data\binary\train\tumor\meningioma_Tr-me_830.jpg,train,tumor,meningioma,Training/meningioma/Tr-me_830.jpg,90f4d17de02eca5cea9e9a8aece29fcd,512,512
data\binary\train\tumor\meningioma_Tr-me_1098.jpg,train,tumor,meningioma,Training/meningioma/Tr-me_1098.jpg,eac4f0398bdc1a9fb08e8fb23ff8a5cb,512,512
data\binary\train\no_tumor\notumor_Tr-no_682.jpg,train,no_tumor,notumor,Training/notumor/Tr-no_682.jpg,c7c3a5865c5c22d7ca1806184587ab0e,442,442
data\binary\train\no_tumor\notumor_Tr-no_199.jpg,train,no_tumor,notumor,Training/notumor/Tr-no_199.jpg,b4837b862312ae30cdd78fd5b1e38933,225,225
data\binary\train\tumor\glioma_Tr-gl_281.jpg,train,tumor,glioma,Training/glioma/Tr-gl_281.jpg,29fb6344cffe194a97002a00c67d82e9,512,512
data\binary\train\no_tumor\notumor_Tr-no_439.jpg,train,no_tumor,notumor,Training/notumor/Tr-no_439.jpg,4ff34837d29366db706caf864a265755,276,326
data\binary\train\tumor\pituitary_Tr-pi_126.jpg,train,tumor,pituitary,Training/pituitary/Tr-pi_126.jpg,eb630c20213b714353c391472ddac98e,512,512
data\binary\train\tumor\meningioma_Tr-me_1212.jpg,train,tumor,meningioma,Training/meningioma/Tr-me_1212.jpg,cceb056ca1a60585d6d9386cfcefdd26,512,512
data\binary\train\tumor\glioma_Tr-gl_226.jpg,train,tumor,glioma,Training/glioma/Tr-gl_226.jpg,3aa27680ef833bd0037f326ab8c56cdf,512,512
data\binary\train\tumor\pituitary_Tr-pi_447.jpg,train,tumor,pituitary,Training/pituitary/Tr-pi_447.jpg,1ffff01d0c49e8e462618fe2e625cbe2,512,512
data\binary\train\tumor\pituitary_Tr-pi_1022.jpg,train,tumor,pituitary,Training/pituitary/Tr-pi_1022.jpg,85e3c7da6a5204ab512e4afdfec5bb3a,512,512
data\binary\train\tumor\glioma_Tr-gl_1230.jpg,train,tumor,glioma,Training/glioma/Tr-gl_1230.jpg,0def0cedf3ac4eca6de916cd3db7a374,512,512
data\binary\train\tumor\glioma_Tr-gl_511.jpg,train,tumor,glioma,Training/glioma/Tr-gl_511.jpg,e841e96479361f5046c86174d8fa98c1,512,512
data\binary\train\tumor\pituitary_Tr-pi_761.jpg,train,tumor,pituitary,Training/pituitary/Tr-pi_761.jpg,c0bf4aac18973aabbf8f9e84d68354d4,512,512
data\binary\train\tumor\pituitary_Tr-pi_1298.jpg,train,tumor,pituitary,Training/pituitary/Tr-pi_1298.jpg,b9d97f691af934c8631f6e44ead8f1fd,512,512
data\binary\train\tumor\glioma_Tr-gl_965.jpg,train,tumor,glioma,Training/glioma/Tr-gl_965.jpg,6c16b438ebad73a20126ec8c70b20b93,512,512
data\binary\train\tumor\glioma_Tr-gl_418.jpg,train,tumor,glioma,Training/glioma/Tr-gl_418.jpg,4818ac17e6308d1b48626b98608194e8,512,512
data\binary\train\tumor\pituitary_Tr-pi_136.jpg,train,tumor,pituitary,Training/pituitary/Tr-pi_136.jpg,61c65c6c6ae02bb607fa393508f75b34,512,512
data\binary\train\tumor\glioma_Tr-gl_841.jpg,train,tumor,glioma,Training/glioma/Tr-gl_841.jpg,62628abbf8b18f30b350098557468aae,512,512
data\binary\train\tumor\glioma_Tr-gl_527.jpg,train,tumor,glioma,Training/glioma/Tr-gl_527.jpg,b91eb0ca957b04298ee4394ffab19b51,512,512
data\binary\train\tumor\meningioma_Tr-me_506.jpg,train,tumor,meningioma,Training/meningioma/Tr-me_506.jpg,e00d6228f176d865f3bf8b8bda3f20bd,512,512
data\binary\train\no_tumor\notumor_Tr-no_455.jpg,train,no_tumor,notumor,Training/notumor/Tr-no_455.jpg,2e793e328d071f0be0cd3a7445d15dc6,267,328
data\binary\train\no_tumor\notumor_Tr-no_640.jpg,train,no_tumor,notumor,Training/notumor/Tr-no_640.jpg,4dfce484d8c4c7106954fd85e60156c3,212,238
data\binary\train\tumor\glioma_Tr-gl_983.jpg,train,tumor,glioma,Training/glioma/Tr-gl_983.jpg,c902608639593fb9ac28998835a25177,512,512
data\binary\train\no_tumor\notumor_Tr-no_457.jpg,train,no_tumor,notumor,Training/notumor/Tr-no_457.jpg,79aabb912ab1cb658dbbf9692d35bf27,236,201
data\binary\train\no_tumor\notumor_Tr-no_713.jpg,train,no_tumor,notumor,Training/notumor/Tr-no_713.jpg,43286fb198c88d7bcbebbb049ce3497e,225,225
data\binary\train\tumor\meningioma_Tr-me_900.jpg,train,tumor,meningioma,Training/meningioma/Tr-me_900.jpg,75f00a14e0e9f88c56aab673399f4ca2,512,512
data\binary\train\tumor\pituitary_Tr-pi_975.jpg,train,tumor,pituitary,Training/pituitary/Tr-pi_975.jpg,c1d0f0c76d5f180c96d3a93a1511c6bc,256,256
data\binary\train\tumor\meningioma_Tr-aug-me_39.jpg,train,tumor,meningioma,Training/meningioma/Tr-aug-me_39.jpg,0bd43d3a89e5103d4b8a0f7cbc8a49e6,512,512
data\binary\train\no_tumor\notumor_Tr-no_415.jpg,train,no_tumor,notumor,Training/notumor/Tr-no_415.jpg,083b5fb9b7819e3c4dc5e9b3a7b824a0,275,301
data\binary\train\tumor\meningioma_Tr-me_520.jpg,train,tumor,meningioma,Training/meningioma/Tr-me_520.jpg,c8e324e54ddbb9168385cbbdc1a1c130,512,512
data\binary\train\no_tumor\notumor_Tr-no_142.jpg,train,no_tumor,notumor,Training/notumor/Tr-no_142.jpg,5fddcb4dc6606fc7eecf83fb2db424d8,225,225
data\binary\train\tumor\glioma_Tr-gl_297.jpg,train,tumor,glioma,Training/glioma/Tr-gl_297.jpg,f7b9496832e5d5b0f7ded7ed3bf674eb,512,512
data\binary\train\tumor\glioma_Tr-gl_376.jpg,train,tumor,glioma,Training/glioma/Tr-gl_376.jpg,2f627ddbbf93468ba5904fdcdb831b06,512,512
data\binary\train\tumor\pituitary_Tr-pi_948.jpg,train,tumor,pituitary,Training/pituitary/Tr-pi_948.jpg,7710aeb753ab449239fbad4e3132652e,512,512
data\binary\train\tumor\pituitary_Tr-pi_592.jpg,train,tumor,pituitary,Training/pituitary/Tr-pi_592.jpg,80f2c9f8e4721808c2d105d8ee3fec5f,512,512
data\binary\train\tumor\glioma_Tr-gl_28.jpg,train,tumor,glioma,Training/glioma/Tr-gl_28.jpg,38dffcf0d02da8777f6cf5695c1329be,512,512
data\binary\train\tumor\meningioma_Tr-me_866.jpg,train,tumor,meningioma,Training/meningioma/Tr-me_866.jpg,126136b9f6a176cd0f116303b57d36d0,512,512
data\binary\train\tumor\meningioma_Tr-aug-me_1.jpg,train,tumor,meningioma,Training/meningioma/Tr-aug-me_1.jpg,ef9a525708ae1c1a9b20b233d7ef7d24,512,512
data\binary\train\tumor\glioma_Tr-gl_1100.jpg,train,tumor,glioma,Training/glioma/Tr-gl_1100.jpg,9063a7ae7e34cd0ea3152bbd24acae9e,512,512
data\binary\train\tumor\meningioma_Tr-me_756.jpg,train,tumor,meningioma,Training/meningioma/Tr-me_756.jpg,f0583781adc329561c6b78dc7657a873,512,512
data\binary\train\no_tumor\notumor_Tr-no_1372.jpg,train,no_tumor,notumor,Training/notumor/Tr-no_1372.jpg,2a4c2647710fba01c51118a4ee7dbefa,150,198
data\binary\train\tumor\pituitary_Tr-pi_599.jpg,train,tumor,pituitary,Training/pituitary/Tr-pi_599.jpg,46c5ddafff10cab02da2a456b0cc6f16,512,512
data\binary\train\no_tumor\notumor_Tr-no_1310.jpg,train,no_tumor,notumor,Training/notumor/Tr-no_1310.jpg,4c33f2805c9f1b8d0dd431f919f886f2,212,238
data\binary\train\tumor\meningioma_Tr-me_105.jpg,train,tumor,meningioma,Training/meningioma/Tr-me_105.jpg,2347c9df0a0feba84cd80b1785e2aff1,512,512
data\binary\train\tumor\meningioma_Tr-me_381.jpg,train,tumor,meningioma,Training/meningioma/Tr-me_381.jpg,8b8a4b594f8e9878b941056fdd19362b,512,512
data\binary\train\no_tumor\notumor_Tr-no_647.jpg,train,no_tumor,notumor,Training/notumor/Tr-no_647.jpg,b6fdc0b220ee7f7ab9ff89d89cc631b4,225,225
data\binary\train\tumor\pituitary_Tr-pi_772.jpg,train,tumor,pituitary,Training/pituitary/Tr-pi_772.jpg,d809444697d59263c868e5ca3b66c819,512,512
data\binary\train\tumor\glioma_Tr-gl_475.jpg,train,tumor,glioma,Training/glioma/Tr-gl_475.jpg,40687e2f9c008d842b8b7d43737ffbc6,512,512
data\binary\train\no_tumor\notumor_Tr-no_294.jpg,train,no_tumor,notumor,Training/notumor/Tr-no_294.jpg,5d3e399f17b431ea456168be48a6591a,232,217
data\binary\train\tumor\pituitary_Tr-pi_1038.jpg,train,tumor,pituitary,Training/pituitary/Tr-pi_1038.jpg,5f61cfd4a31d374d5a2681e7d3d2ea64,512,512
data\binary\train\no_tumor\notumor_Tr-no_125.jpg,train,no_tumor,notumor,Training/notumor/Tr-no_125.jpg,471b73b25c2363fc2c0b0b5a5460b759,236,240
data\binary\train\tumor\glioma_Tr-gl_607.jpg,train,tumor,glioma,Training/glioma/Tr-gl_607.jpg,a39eb24cb10bae7905242006b79d649f,512,512
data\binary\train\tumor\meningioma_Tr-me_1193.jpg,train,tumor,meningioma,Training/meningioma/Tr-me_1193.jpg,085bdeea2977b0fed3668b3d97e1f2f4,512,512
data\binary\train\tumor\pituitary_Tr-pi_145.jpg,train,tumor,pituitary,Training/pituitary/Tr-pi_145.jpg,822f90cb1331fbc7c133aea4b185d606,512,512
data\binary\train\tumor\meningioma_Tr-me_42.jpg,train,tumor,meningioma,Training/meningioma/Tr-me_42.jpg,d807cdb50df2f2b3e4ea7497cca67ed3,512,512
data\binary\train\no_tumor\notumor_Tr-no_858.jpg,train,no_tumor,notumor,Training/notumor/Tr-no_858.jpg,946c9dddb897667df23486492cf97b62,393,400
data\binary\train\tumor\meningioma_Tr-me_741.jpg,train,tumor,meningioma,Training/meningioma/Tr-me_741.jpg,2bcbb5ad228a533136861936cdd2e473,512,512
data\binary\train\no_tumor\notumor_Tr-no_428.jpg,train,no_tumor,notumor,Training/notumor/Tr-no_428.jpg,0f3fdf0dcd37c8eca0b7f09395d635f2,444,506
data\binary\train\tumor\meningioma_Tr-me_592.jpg,train,tumor,meningioma,Training/meningioma/Tr-me_592.jpg,71c1930c1d97a274abccfda428062e80,512,512
data\binary\train\tumor\glioma_Tr-gl_419.jpg,train,tumor,glioma,Training/glioma/Tr-gl_419.jpg,9529b72b41293173ae0f08ed43c27727,512,512
data\binary\train\tumor\glioma_Tr-gl_524.jpg,train,tumor,glioma,Training/glioma/Tr-gl_524.jpg,bb6a0675cadbf4dd6b1af609b85f097a,512,512
data\binary\train\tumor\glioma_Tr-gl_1093.jpg,train,tumor,glioma,Training/glioma/Tr-gl_1093.jpg,19703bc7c25321434c37edbb9914b8b4,512,512
data\binary\train\tumor\meningioma_Tr-me_130.jpg,train,tumor,meningioma,Training/meningioma/Tr-me_130.jpg,dc2e07dc77061f2bd560143cc8d90961,512,512
data\binary\train\no_tumor\notumor_Tr-no_1366.jpg,train,no_tumor,notumor,Training/notumor/Tr-no_1366.jpg,1a7fdc089ced09565c2a7dad3a35b659,1280,720
data\binary\train\tumor\pituitary_Tr-pi_489.jpg,train,tumor,pituitary,Training/pituitary/Tr-pi_489.jpg,db7855843061db3c8b956ad1f228403c,512,512
data\binary\train\tumor\meningioma_Tr-me_1130.jpg,train,tumor,meningioma,Training/meningioma/Tr-me_1130.jpg,0c7b4b0969067a4bbc899c34cce0e24e,512,512
data\binary\train\tumor\meningioma_Tr-me_238.jpg,train,tumor,meningioma,Training/meningioma/Tr-me_238.jpg,c65ca5e91472afeec9c32c45b2cc8e94,367,395
data\binary\train\tumor\meningioma_Tr-me_1205.jpg,train,tumor,meningioma,Training/meningioma/Tr-me_1205.jpg,7e201d2286232ff3552bb8e97ccd88bf,512,512
data\binary\train\tumor\glioma_Tr-gl_1202.jpg,train,tumor,glioma,Training/glioma/Tr-gl_1202.jpg,8fa586cbbc7f503bd2d39f6fe0643c6d,512,512
data\binary\train\tumor\pituitary_Tr-pi_678.jpg,train,tumor,pituitary,Training/pituitary/Tr-pi_678.jpg,85ca73d46daa769a6be89ef107711102,512,512
data\binary\train\no_tumor\notumor_Tr-no_714.jpg,train,no_tumor,notumor,Training/notumor/Tr-no_714.jpg,fd58ef09df5df296227e78b0ed4e5e09,232,217
data\binary\train\no_tumor\notumor_Tr-no_1342.jpg,train,no_tumor,notumor,Training/notumor/Tr-no_1342.jpg,d3a84740886274142b7e238219f08978,225,225
data\binary\train\tumor\glioma_Tr-gl_301.jpg,train,tumor,glioma,Training/glioma/Tr-gl_301.jpg,9510c8d602f507d3c9f23ef9f6e36bed,512,512
data\binary\train\tumor\meningioma_Tr-me_300.jpg,train,tumor,meningioma,Training/meningioma/Tr-me_300.jpg,5d8860cb810f0fcdbd9d978eeedc89ee,512,512
data\binary\train\tumor\meningioma_Tr-me_740.jpg,train,tumor,meningioma,Training/meningioma/Tr-me_740.jpg,eeb2140ff1a1a1f692d0997eedffa3d1,221,228
data\binary\train\tumor\pituitary_Tr-pi_232.jpg,train,tumor,pituitary,Training/pituitary/Tr-pi_232.jpg,a5866d0b32f1fb453342b6ccfedd6dd3,512,512
data\binary\train\tumor\pituitary_Tr-pi_951.jpg,train,tumor,pituitary,Training/pituitary/Tr-pi_951.jpg,ed0f83467509c01cdf7fb872fdec4bcb,512,512
data\binary\train\tumor\glioma_Tr-gl_1026.jpg,train,tumor,glioma,Training/glioma/Tr-gl_1026.jpg,ad687fcbab904759e88c6385e4b0fd51,512,512
data\binary\train\tumor\glioma_Tr-gl_812.jpg,train,tumor,glioma,Training/glioma/Tr-gl_812.jpg,3165fd58402f1d476f3f7eeb08f2dcac,512,512
data\binary\train\tumor\glioma_Tr-gl_276.jpg,train,tumor,glioma,Training/glioma/Tr-gl_276.jpg,d6e26a5a54936811a39dd2621a636c2e,512,512
data\binary\train\tumor\glioma_Tr-gl_1025.jpg,train,tumor,glioma,Training/glioma/Tr-gl_1025.jpg,415b9e8a84644c84677ce8714191d271,512,512
data\binary\train\tumor\meningioma_Tr-me_517.jpg,train,tumor,meningioma,Training/meningioma/Tr-me_517.jpg,eca903f336c6ac6b5dd3c1484ee1abe6,512,512
data\binary\train\tumor\meningioma_Tr-me_347.jpg,train,tumor,meningioma,Training/meningioma/Tr-me_347.jpg,f8ea09efc7d4bc01f5ef60e192722540,512,512
data\binary\train\tumor\glioma_Tr-gl_496.jpg,train,tumor,glioma,Training/glioma/Tr-gl_496.jpg,31d706c92ec197b36e105e20b505bb88,512,512
data\binary\train\tumor\pituitary_Tr-pi_439.jpg,train,tumor,pituitary,Training/pituitary/Tr-pi_439.jpg,e731d89b2f46aa558517dbd5fdab5ebb,512,512
data\binary\train\tumor\glioma_Tr-gl_298.jpg,train,tumor,glioma,Training/glioma/Tr-gl_298.jpg,b2ae73784e887ebc5e520210c7925c7c,512,512
data\binary\train\tumor\meningioma_Tr-me_315.jpg,train,tumor,meningioma,Training/meningioma/Tr-me_315.jpg,8e8c7f5ac276bc21cfaeb60c595bfdfe,512,512
data\binary\train\tumor\glioma_Tr-gl_444.jpg,train,tumor,glioma,Training/glioma/Tr-gl_444.jpg,c4bac9fcaec2bc7978e1cfd39237ca68,512,512
data\binary\train\no_tumor\notumor_Tr-no_102.jpg,train,no_tumor,notumor,Training/notumor/Tr-no_102.jpg,ab540280a3e9ed9892072fd7642ba6ac,225,225
data\binary\train\no_tumor\notumor_Tr-no_851.jpg,train,no_tumor,notumor,Training/notumor/Tr-no_851.jpg,f1926a7952a3e2245be16ed06c227b24,200,252
data\binary\train\tumor\meningioma_Tr-me_712.jpg,train,tumor,meningioma,Training/meningioma/Tr-me_712.jpg,566cb266f245c7ac9eccbe41d4ba537e,512,512
data\binary\train\tumor\pituitary_Tr-pi_518.jpg,train,tumor,pituitary,Training/pituitary/Tr-pi_518.jpg,7638601e46e87ca17caaa1a404e0f11a,512,512
data\binary\train\tumor\pituitary_Tr-pi_16.jpg,train,tumor,pituitary,Training/pituitary/Tr-pi_16.jpg,6296b26a023d294dc065c1a75f6cedc1,512,512
data\binary\train\tumor\pituitary_Tr-pi_39.jpg,train,tumor,pituitary,Training/pituitary/Tr-pi_39.jpg,7cc334cf9c150fe0785001dc3c3f55c1,1280,1280
data\binary\train\tumor\pituitary_Tr-pi_895.jpg,train,tumor,pituitary,Training/pituitary/Tr-pi_895.jpg,4affb192ba0d7a7f2e3e1f626925bcae,512,512
data\binary\train\no_tumor\notumor_Tr-no_462.jpg,train,no_tumor,notumor,Training/notumor/Tr-no_462.jpg,e7b4c1b1e5960e4aca362afb5f48d833,207,207
data\binary\train\tumor\glioma_Tr-gl_341.jpg,train,tumor,glioma,Training/glioma/Tr-gl_341.jpg,64404917fdf81ededd6ce4031f5021c7,512,512
data\binary\train\no_tumor\notumor_Tr-no_175.jpg,train,no_tumor,notumor,Training/notumor/Tr-no_175.jpg,ddb6cdd61f707b6230456bf7485648ca,225,225
data\binary\train\tumor\glioma_Tr-gl_1050.jpg,train,tumor,glioma,Training/glioma/Tr-gl_1050.jpg,12d8b3299be4c1f15fba701520670a68,512,512
data\binary\train\tumor\glioma_Tr-gl_1315.jpg,train,tumor,glioma,Training/glioma/Tr-gl_1315.jpg,5b4b23d3e93716622adb5dd8bdaa479c,512,512
data\binary\train\tumor\meningioma_Tr-me_1285.jpg,train,tumor,meningioma,Training/meningioma/Tr-me_1285.jpg,61963aec3bc96887666eae7698263c0c,512,512
data\binary\train\tumor\glioma_Tr-gl_573.jpg,train,tumor,glioma,Training/glioma/Tr-gl_573.jpg,653618dfd7dccf9f7f88769f4e706808,512,512
data\binary\train\tumor\pituitary_Tr-pi_1365.jpg,train,tumor,pituitary,Training/pituitary/Tr-pi_1365.jpg,5068077c05604774c1e16d993e556932,512,512
data\binary\train\no_tumor\notumor_Tr-no_34.jpg,train,no_tumor,notumor,Training/notumor/Tr-no_34.jpg,0d2b9aa3b0a846d39841b6df8f72be72,205,214
data\binary\train\tumor\meningioma_Tr-me_119.jpg,train,tumor,meningioma,Training/meningioma/Tr-me_119.jpg,99088c0ec3abdcb34faef8681487be33,512,512
data\binary\train\no_tumor\notumor_Tr-no_1013.jpg,train,no_tumor,notumor,Training/notumor/Tr-no_1013.jpg,fd37cc0d1c694adab8be908736c09e9f,442,454
data\binary\train\no_tumor\notumor_Tr-no_408.jpg,train,no_tumor,notumor,Training/notumor/Tr-no_408.jpg,fc6ff0af19a89f3e2c2c4b1d7f5b9dc6,236,236
data\binary\train\tumor\pituitary_Tr-pi_649.jpg,train,tumor,pituitary,Training/pituitary/Tr-pi_649.jpg,42018f75704d12a4ba020fa402a17cc9,512,512
data\binary\train\tumor\meningioma_Tr-me_26.jpg,train,tumor,meningioma,Training/meningioma/Tr-me_26.jpg,94e2adfca745ebf2fb9fc9462ca9e57e,512,512
data\binary\train\tumor\glioma_Tr-gl_949.jpg,train,tumor,glioma,Training/glioma/Tr-gl_949.jpg,eb018aadba3cded54317756f83b6ef8d,512,512
data\binary\train\tumor\glioma_Tr-gl_1104.jpg,train,tumor,glioma,Training/glioma/Tr-gl_1104.jpg,df5cdb1616c71165a20c38f38bab6790,512,512
data\binary\train\no_tumor\notumor_Tr-no_891.jpg,train,no_tumor,notumor,Training/notumor/Tr-no_891.jpg,e92c4c47b73fdd3578868bf6412dce6a,235,214
data\binary\train\tumor\glioma_Tr-gl_1201.jpg,train,tumor,glioma,Training/glioma/Tr-gl_1201.jpg,6db18d97975ac5621bad5b72015b1bba,512,512
data\binary\train\tumor\meningioma_Tr-me_1071.jpg,train,tumor,meningioma,Training/meningioma/Tr-me_1071.jpg,9924e8c083fe26c1e0ebe9ae6571c95a,512,512
data\binary\train\tumor\meningioma_Tr-aug-me_87.jpg,train,tumor,meningioma,Training/meningioma/Tr-aug-me_87.jpg,00e71571eb6bf0d78dc07723b45ae31d,512,512
data\binary\train\tumor\pituitary_Tr-pi_1027.jpg,train,tumor,pituitary,Training/pituitary/Tr-pi_1027.jpg,c680b4f03a767619e8e42484d93d3d7f,512,512
data\binary\train\no_tumor\notumor_Tr-no_869.jpg,train,no_tumor,notumor,Training/notumor/Tr-no_869.jpg,d69ffd99f748666fb02d44bed19f7e08,225,225
data\binary\train\tumor\meningioma_Tr-me_610.jpg,train,tumor,meningioma,Training/meningioma/Tr-me_610.jpg,398b91ea8c81f4a1f18a6884e60db8b2,512,512
data\binary\train\tumor\pituitary_Tr-pi_55.jpg,train,tumor,pituitary,Training/pituitary/Tr-pi_55.jpg,3843ff35ed4bff3d4ab08a844f1f269b,512,512
data\binary\train\tumor\glioma_Tr-gl_1328.jpg,train,tumor,glioma,Training/glioma/Tr-gl_1328.jpg,f06277fd7bab4096abff8b5a4c8485d0,512,512
data\binary\train\tumor\pituitary_Tr-pi_125.jpg,train,tumor,pituitary,Training/pituitary/Tr-pi_125.jpg,7f36911adbf775aa48c8c36a15a416a2,512,512
data\binary\train\tumor\pituitary_Tr-pi_497.jpg,train,tumor,pituitary,Training/pituitary/Tr-pi_497.jpg,c626417c78d58e163540568f5438de16,512,512
data\binary\train\tumor\meningioma_Tr-me_253.jpg,train,tumor,meningioma,Training/meningioma/Tr-me_253.jpg,2f304106ab69adc49bc7de2576562f4e,512,512
data\binary\train\tumor\meningioma_Tr-me_503.jpg,train,tumor,meningioma,Training/meningioma/Tr-me_503.jpg,2a11427bfd3a1ed106279c36b921b319,512,512
data\binary\train\tumor\glioma_Tr-gl_1354.jpg,train,tumor,glioma,Training/glioma/Tr-gl_1354.jpg,53526f319bc43a316005c76164e8d460,512,512
data\binary\train\tumor\pituitary_Tr-pi_806.jpg,train,tumor,pituitary,Training/pituitary/Tr-pi_806.jpg,0d8428211cb5a83a9a42ce281aa200ea,512,512
data\binary\train\tumor\pituitary_Tr-pi_20.jpg,train,tumor,pituitary,Training/pituitary/Tr-pi_20.jpg,ff328160e2a863d087d8379ab1af10f8,512,512
data\binary\train\tumor\pituitary_Tr-pi_105.jpg,train,tumor,pituitary,Training/pituitary/Tr-pi_105.jpg,ddea8f41dc07c7ec8722295c25904535,512,512
data\binary\train\tumor\pituitary_Tr-pi_959.jpg,train,tumor,pituitary,Training/pituitary/Tr-pi_959.jpg,017f495fe3897e860f28ad99eef51aa6,512,512
data\binary\train\no_tumor\notumor_Tr-no_1049.jpg,train,no_tumor,notumor,Training/notumor/Tr-no_1049.jpg,72ecee38db584fe80cbdbb0b79841393,468,444
data\binary\train\no_tumor\notumor_Tr-no_962.jpg,train,no_tumor,notumor,Training/notumor/Tr-no_962.jpg,5392a4502bf3e1db5a84ce99a7c7acaa,225,225
data\binary\train\no_tumor\notumor_Tr-no_127.jpg,train,no_tumor,notumor,Training/notumor/Tr-no_127.jpg,114fbd47e7fc705f8cffab5e5411483a,504,540
data\binary\train\no_tumor\notumor_Tr-no_1102.jpg,train,no_tumor,notumor,Training/notumor/Tr-no_1102.jpg,b74bd04ac8f7517792ba6a5db3cf2b22,225,225
data\binary\train\tumor\pituitary_Tr-pi_688.jpg,train,tumor,pituitary,Training/pituitary/Tr-pi_688.jpg,175092b690a5c6a4031db4af8b8a2a12,512,512
data\binary\train\tumor\meningioma_Tr-me_411.jpg,train,tumor,meningioma,Training/meningioma/Tr-me_411.jpg,43d1abc44433584162a6667c18d0a832,512,512
data\binary\train\no_tumor\notumor_Tr-no_883.jpg,train,no_tumor,notumor,Training/notumor/Tr-no_883.jpg,5912bfef2a2ed1fb107f964af3178c33,173,201
data\binary\train\no_tumor\notumor_Tr-no_226.jpg,train,no_tumor,notumor,Training/notumor/Tr-no_226.jpg,26133a79a4a7cec78f32cc30438a8bc6,442,454
data\binary\train\tumor\pituitary_Tr-pi_1330.jpg,train,tumor,pituitary,Training/pituitary/Tr-pi_1330.jpg,d056913e23eb25316196d04375f60f49,512,512
data\binary\train\no_tumor\notumor_Tr-no_868.jpg,train,no_tumor,notumor,Training/notumor/Tr-no_868.jpg,0c3b792e4a80db8bf2e0d6d0e4b2f989,225,225
data\binary\train\no_tumor\notumor_Tr-no_75.jpg,train,no_tumor,notumor,Training/notumor/Tr-no_75.jpg,d0a8363c1590f97e5bfa65ae3bdfd305,212,238
data\binary\train\tumor\meningioma_Tr-me_467.jpg,train,tumor,meningioma,Training/meningioma/Tr-me_467.jpg,02901351cdefc7442c9f0b3adf20f3ec,512,512
data\binary\train\no_tumor\notumor_Tr-no_1086.jpg,train,no_tumor,notumor,Training/notumor/Tr-no_1086.jpg,4f0586132686069b984bcaa3b624dde5,630,630
data\binary\train\tumor\glioma_Tr-gl_482.jpg,train,tumor,glioma,Training/glioma/Tr-gl_482.jpg,37d539307ff1d8c64ecc8865fdfabf8f,512,512
data\binary\train\no_tumor\notumor_Tr-no_747.jpg,train,no_tumor,notumor,Training/notumor/Tr-no_747.jpg,5a2b03cf1973b4e0c5e18a7b439b900e,236,236
data\binary\train\tumor\glioma_Tr-gl_1129.jpg,train,tumor,glioma,Training/glioma/Tr-gl_1129.jpg,0011137bca554550c9417eaab125e210,512,512
data\binary\train\tumor\glioma_Tr-gl_215.jpg,train,tumor,glioma,Training/glioma/Tr-gl_215.jpg,a33e1d283ac2608e659f362ec808e019,512,512
data\binary\train\tumor\glioma_Tr-gl_1391.jpg,train,tumor,glioma,Training/glioma/Tr-gl_1391.jpg,7c13a92e9876865fb421275c22a2fd52,512,512
data\binary\train\tumor\glioma_Tr-gl_269.jpg,train,tumor,glioma,Training/glioma/Tr-gl_269.jpg,b545db7d0ce53ecf72b8a1aca814f2d3,512,512
data\binary\train\tumor\glioma_Tr-gl_380.jpg,train,tumor,glioma,Training/glioma/Tr-gl_380.jpg,b8ccbe37e35a24c90a757c246c6d1077,512,512
data\binary\train\no_tumor\notumor_Tr-no_911.jpg,train,no_tumor,notumor,Training/notumor/Tr-no_911.jpg,09c70286382573b296e62475fd66d6ab,236,236
data\binary\train\tumor\meningioma_Tr-me_927.jpg,train,tumor,meningioma,Training/meningioma/Tr-me_927.jpg,106e925b7e142713845baf46a2838366,512,512
data\binary\train\tumor\meningioma_Tr-me_1064.jpg,train,tumor,meningioma,Training/meningioma/Tr-me_1064.jpg,f08aabf9cf97d6d305ea86b21ea2c89f,374,456
data\binary\train\no_tumor\notumor_Tr-no_190.jpg,train,no_tumor,notumor,Training/notumor/Tr-no_190.jpg,63a03f84b2d451d56d3ea36c97662478,314,258
data\binary\train\tumor\pituitary_Tr-pi_726.jpg,train,tumor,pituitary,Training/pituitary/Tr-pi_726.jpg,2264e899b9545392d726cc309cb5fafd,512,512
data\binary\train\no_tumor\notumor_Tr-no_996.jpg,train,no_tumor,notumor,Training/notumor/Tr-no_996.jpg,dc4cc3ca9d08bf32daa26ceb9d4f19bc,206,244
data\binary\train\tumor\meningioma_Tr-me_1111.jpg,train,tumor,meningioma,Training/meningioma/Tr-me_1111.jpg,01de04449e1175e897fdc09d8917cc29,512,512
data\binary\train\tumor\glioma_Tr-gl_138.jpg,train,tumor,glioma,Training/glioma/Tr-gl_138.jpg,b56c75d1a67f7049c8dfa8afeac94a8e,512,512
data\binary\train\no_tumor\notumor_Tr-no_553.jpg,train,no_tumor,notumor,Training/notumor/Tr-no_553.jpg,2a864f406bd9ae6ac6558929a5b91aa6,215,234
data\binary\train\tumor\glioma_Tr-gl_860.jpg,train,tumor,glioma,Training/glioma/Tr-gl_860.jpg,98d46cae0a9d5fc1b3d7d03a69a3ee79,512,512
data\binary\train\tumor\meningioma_Tr-me_518.jpg,train,tumor,meningioma,Training/meningioma/Tr-me_518.jpg,45e93f957342dd802788cfa1ca68903b,512,512
data\binary\train\tumor\meningioma_Tr-me_310.jpg,train,tumor,meningioma,Training/meningioma/Tr-me_310.jpg,77fbaf3d6b213ff9ca1e31b71f0bfa90,512,512
data\binary\train\no_tumor\notumor_Tr-no_88.jpg,train,no_tumor,notumor,Training/notumor/Tr-no_88.jpg,5071f00a95dd6db007706c8a327b4818,201,251
data\binary\train\tumor\glioma_Tr-gl_154.jpg,train,tumor,glioma,Training/glioma/Tr-gl_154.jpg,7b770766b44cd7106c0cb4985e23daf1,512,512
data\binary\train\no_tumor\notumor_Tr-no_1019.jpg,train,no_tumor,notumor,Training/notumor/Tr-no_1019.jpg,671dacd9c81fc362caac27e8fb622e98,236,236
data\binary\train\no_tumor\notumor_Tr-no_72.jpg,train,no_tumor,notumor,Training/notumor/Tr-no_72.jpg,afaacc3fa91169228d7a2520d9cf251e,225,225
data\binary\train\tumor\meningioma_Tr-me_463.jpg,train,tumor,meningioma,Training/meningioma/Tr-me_463.jpg,0707de62e65ddeba8cdeee0124584dc5,512,512
data\binary\train\tumor\glioma_Tr-gl_670.jpg,train,tumor,glioma,Training/glioma/Tr-gl_670.jpg,9433d5c0128eff59347c21e764fb2402,512,512
data\binary\train\tumor\pituitary_Tr-pi_1247.jpg,train,tumor,pituitary,Training/pituitary/Tr-pi_1247.jpg,651613adf31040c4286d17770466d3e8,512,512
data\binary\train\tumor\pituitary_Tr-pi_401.jpg,train,tumor,pituitary,Training/pituitary/Tr-pi_401.jpg,e0fa1326cdb67ba17389357a64a5e6b7,512,512
data\binary\train\no_tumor\notumor_Tr-no_40.jpg,train,no_tumor,notumor,Training/notumor/Tr-no_40.jpg,7ce25d17c7839af995b51e5e308cbd08,825,832
data\binary\train\no_tumor\notumor_Tr-no_968.jpg,train,no_tumor,notumor,Training/notumor/Tr-no_968.jpg,1a7a816fb2bf48c87c9b8789212d94fb,550,664
data\binary\train\tumor\pituitary_Tr-pi_1228.jpg,train,tumor,pituitary,Training/pituitary/Tr-pi_1228.jpg,6346da489bd55880a5ecd4c144d00398,512,512
data\binary\train\no_tumor\notumor_Tr-no_140.jpg,train,no_tumor,notumor,Training/notumor/Tr-no_140.jpg,fea54c293773eda95eec8d1007385e01,208,242
data\binary\train\tumor\pituitary_Tr-pi_619.jpg,train,tumor,pituitary,Training/pituitary/Tr-pi_619.jpg,8a85a280593a98abf380f207dfe0ec5d,512,512
data\binary\train\no_tumor\notumor_Tr-no_1395.jpg,train,no_tumor,notumor,Training/notumor/Tr-no_1395.jpg,92d345cb0e551329cb0ab0041b1d531f,212,222
data\binary\train\tumor\pituitary_Tr-pi_523.jpg,train,tumor,pituitary,Training/pituitary/Tr-pi_523.jpg,7480536c73ce33f8ec4fc0b34f03cf03,512,512
data\binary\train\no_tumor\notumor_Tr-no_418.jpg,train,no_tumor,notumor,Training/notumor/Tr-no_418.jpg,dc7d6146f1e3bdfe054df9e0047b6716,300,168
data\binary\train\tumor\glioma_Tr-gl_682.jpg,train,tumor,glioma,Training/glioma/Tr-gl_682.jpg,89ba23fe41dfa273a04a251a89cd7a52,512,512
data\binary\train\tumor\glioma_Tr-gl_373.jpg,train,tumor,glioma,Training/glioma/Tr-gl_373.jpg,5f4584866c1cb8845aea93c36dd43185,512,512
data\binary\train\tumor\glioma_Tr-gl_1324.jpg,train,tumor,glioma,Training/glioma/Tr-gl_1324.jpg,3acb80068c5a574a01342ead79a42bcc,512,512
data\binary\train\tumor\pituitary_Tr-pi_1258.jpg,train,tumor,pituitary,Training/pituitary/Tr-pi_1258.jpg,e68a9629220df646f38a31f86a39f49e,512,512
data\binary\train\tumor\glioma_Tr-gl_554.jpg,train,tumor,glioma,Training/glioma/Tr-gl_554.jpg,a1e99bdafdfa01a153097758ce4544e7,512,512
data\binary\train\no_tumor\notumor_Tr-no_100.jpg,train,no_tumor,notumor,Training/notumor/Tr-no_100.jpg,ce33675bd11e9b703d6633037e834531,236,236
data\binary\train\tumor\meningioma_Tr-me_103.jpg,train,tumor,meningioma,Training/meningioma/Tr-me_103.jpg,2a614a7a677df0ce2ea0a328737066d0,512,512
data\binary\train\tumor\meningioma_Tr-me_657.jpg,train,tumor,meningioma,Training/meningioma/Tr-me_657.jpg,73dd47f626da86308999fb50c64030b7,512,512
data\binary\train\tumor\meningioma_Tr-me_704.jpg,train,tumor,meningioma,Training/meningioma/Tr-me_704.jpg,339244c0e5b646d6fafa2862c91eb305,512,512
data\binary\train\tumor\meningioma_Tr-me_1296.jpg,train,tumor,meningioma,Training/meningioma/Tr-me_1296.jpg,e96e2a8516996cd1a98e92b5b09372a3,512,512
data\binary\train\tumor\glioma_Tr-gl_895.jpg,train,tumor,glioma,Training/glioma/Tr-gl_895.jpg,fa725ea785f635383555736361175fe7,512,512
data\binary\train\tumor\glioma_Tr-gl_344.jpg,train,tumor,glioma,Training/glioma/Tr-gl_344.jpg,3681bc3e12c91bccda031df46ce6ac53,512,512
data\binary\train\tumor\pituitary_Tr-pi_509.jpg,train,tumor,pituitary,Training/pituitary/Tr-pi_509.jpg,0b8ad6e1c58f4bf6e3b425d632388b36,512,512
data\binary\train\tumor\glioma_Tr-gl_366.jpg,train,tumor,glioma,Training/glioma/Tr-gl_366.jpg,778c52d7d11bbdbfaa3b9f3ec35b8615,512,512
data\binary\train\no_tumor\notumor_Tr-no_332.jpg,train,no_tumor,notumor,Training/notumor/Tr-no_332.jpg,d6172ae0a9ae2b58a3c67ad4812be2a1,380,530
data\binary\train\tumor\pituitary_Tr-pi_454.jpg,train,tumor,pituitary,Training/pituitary/Tr-pi_454.jpg,26df5496f9357274f3be311ba4b49787,512,512
data\binary\train\tumor\pituitary_Tr-pi_1166.jpg,train,tumor,pituitary,Training/pituitary/Tr-pi_1166.jpg,4b7c4fba560381e256b37cfb540ead73,512,512
data\binary\train\no_tumor\notumor_Tr-no_345.jpg,train,no_tumor,notumor,Training/notumor/Tr-no_345.jpg,5ea045fd9007f5b2d54473fb90ee951a,442,442
data\binary\train\tumor\glioma_Tr-gl_263.jpg,train,tumor,glioma,Training/glioma/Tr-gl_263.jpg,823a2c1494b8d622432720a60bdf8291,512,512
data\binary\train\tumor\glioma_Tr-gl_71.jpg,train,tumor,glioma,Training/glioma/Tr-gl_71.jpg,4f220d99b8449978416f08991a26d07f,512,512
data\binary\train\tumor\meningioma_Tr-me_320.jpg,train,tumor,meningioma,Training/meningioma/Tr-me_320.jpg,360dcc3577be0a274fabe06199fe7baa,512,512
data\binary\train\tumor\glioma_Tr-gl_585.jpg,train,tumor,glioma,Training/glioma/Tr-gl_585.jpg,9625b4f65df7e20c471aa7a0287623fc,512,512
data\binary\train\tumor\pituitary_Tr-pi_66.jpg,train,tumor,pituitary,Training/pituitary/Tr-pi_66.jpg,078e22638306c295de6b1d452d17cdf7,512,512
data\binary\train\tumor\meningioma_Tr-me_737.jpg,train,tumor,meningioma,Training/meningioma/Tr-me_737.jpg,62d2f62f5ecf630df1e45df2915b5d8b,212,238
data\binary\train\tumor\glioma_Tr-gl_1113.jpg,train,tumor,glioma,Training/glioma/Tr-gl_1113.jpg,7f3d9646f2ea2b52717f235b2f5fc4ec,512,512
data\binary\train\tumor\meningioma_Tr-me_396.jpg,train,tumor,meningioma,Training/meningioma/Tr-me_396.jpg,7c8013a90c45bd94ab6e07393952cead,512,512
data\binary\train\tumor\glioma_Tr-gl_1089.jpg,train,tumor,glioma,Training/glioma/Tr-gl_1089.jpg,931ef1f90e2ebd143e54c7b16bcbcdaf,512,512
data\binary\train\no_tumor\notumor_Tr-no_902.jpg,train,no_tumor,notumor,Training/notumor/Tr-no_902.jpg,f98f1aefd1d86bd6accbd76511fd9081,201,250
data\binary\train\no_tumor\notumor_Tr-no_627.jpg,train,no_tumor,notumor,Training/notumor/Tr-no_627.jpg,007c16c3cf1201303d6014ed7c6a5d3a,441,442
data\binary\train\no_tumor\notumor_Tr-no_625.jpg,train,no_tumor,notumor,Training/notumor/Tr-no_625.jpg,26344889747a45f401bb2ebae9e5b14a,728,725
data\binary\train\tumor\glioma_Tr-gl_1164.jpg,train,tumor,glioma,Training/glioma/Tr-gl_1164.jpg,04518ed13cbd7cf4edb407cde063ace7,512,512
data\binary\train\tumor\glioma_Tr-gl_1397.jpg,train,tumor,glioma,Training/glioma/Tr-gl_1397.jpg,6ff2a61b3a89dc5e878e36f8aa10d208,512,512
data\binary\train\tumor\glioma_Tr-gl_1279.jpg,train,tumor,glioma,Training/glioma/Tr-gl_1279.jpg,ddfe8c58f26a41f7dbb62a17de85944c,512,512
data\binary\train\tumor\meningioma_Tr-me_224.jpg,train,tumor,meningioma,Training/meningioma/Tr-me_224.jpg,e51f87ffc888337729ec93bfe84f87e1,512,512
data\binary\train\tumor\pituitary_Tr-pi_359.jpg,train,tumor,pituitary,Training/pituitary/Tr-pi_359.jpg,bab8044dd2271a2f8b3092189474842f,512,512
data\binary\train\tumor\glioma_Tr-gl_828.jpg,train,tumor,glioma,Training/glioma/Tr-gl_828.jpg,911902c1cbc8f2b6143914be24fdea5f,512,512
data\binary\train\tumor\glioma_Tr-gl_901.jpg,train,tumor,glioma,Training/glioma/Tr-gl_901.jpg,4d6744533c0fc7a1d5b7488675456bc6,512,512
data\binary\train\tumor\pituitary_Tr-pi_1220.jpg,train,tumor,pituitary,Training/pituitary/Tr-pi_1220.jpg,4ea06c543302b6e533584d25cd72fbce,512,512
data\binary\train\tumor\pituitary_Tr-pi_749.jpg,train,tumor,pituitary,Training/pituitary/Tr-pi_749.jpg,604e7132fd5f74aa827cadb7986b0055,512,512
data\binary\train\no_tumor\notumor_Tr-no_536.jpg,train,no_tumor,notumor,Training/notumor/Tr-no_536.jpg,196fee6ff00bfc8de983dfa2460dbd5f,630,630
data\binary\train\no_tumor\notumor_Tr-no_59.jpg,train,no_tumor,notumor,Training/notumor/Tr-no_59.jpg,0bb17495444a428b84b51cae15bf4812,225,225
data\binary\train\tumor\pituitary_Tr-pi_1102.jpg,train,tumor,pituitary,Training/pituitary/Tr-pi_1102.jpg,5e4ae20dbc749d2ce1363ce26a69995c,512,512
data\binary\train\tumor\glioma_Tr-gl_665.jpg,train,tumor,glioma,Training/glioma/Tr-gl_665.jpg,ddf5025a1480a87c6d8ae7d71a18fd9a,512,512
data\binary\train\tumor\pituitary_Tr-pi_88.jpg,train,tumor,pituitary,Training/pituitary/Tr-pi_88.jpg,f529dd25e2581da6b83b0f117bace228,512,512
data\binary\train\tumor\glioma_Tr-gl_108.jpg,train,tumor,glioma,Training/glioma/Tr-gl_108.jpg,b087afb6b705a1a7052046d1e1c62c41,512,512
data\binary\train\tumor\glioma_Tr-gl_191.jpg,train,tumor,glioma,Training/glioma/Tr-gl_191.jpg,2073e70102ff1fbfeaccba90783b340e,512,512
data\binary\train\tumor\meningioma_Tr-me_856.jpg,train,tumor,meningioma,Training/meningioma/Tr-me_856.jpg,7d93b571c604c4cc67a724d5ae3af574,512,512
data\binary\train\no_tumor\notumor_Tr-no_949.jpg,train,no_tumor,notumor,Training/notumor/Tr-no_949.jpg,b60303945bad1da6e6a4d0626020b114,150,198
data\binary\train\tumor\meningioma_Tr-me_527.jpg,train,tumor,meningioma,Training/meningioma/Tr-me_527.jpg,d10d6c9613ae753fcae8db563464b939,512,512
data\binary\train\tumor\meningioma_Tr-me_1112.jpg,train,tumor,meningioma,Training/meningioma/Tr-me_1112.jpg,6e59ac2beea6476a55c27682d412ef86,402,396
data\binary\train\tumor\pituitary_Tr-pi_777.jpg,train,tumor,pituitary,Training/pituitary/Tr-pi_777.jpg,0b5829ff88fd2ba33b192cf2ea17a814,512,512
data\binary\train\tumor\pituitary_Tr-pi_173.jpg,train,tumor,pituitary,Training/pituitary/Tr-pi_173.jpg,a190895b68b5962790d468f50395c773,512,512
data\binary\train\tumor\glioma_Tr-gl_991.jpg,train,tumor,glioma,Training/glioma/Tr-gl_991.jpg,8311bfb08282dbfa26ee844fce26455a,512,512
data\binary\train\no_tumor\notumor_Tr-no_1347.jpg,train,no_tumor,notumor,Training/notumor/Tr-no_1347.jpg,f273d736e6185af12edcae1b43d9a85a,206,244
data\binary\train\tumor\meningioma_Tr-me_1026.jpg,train,tumor,meningioma,Training/meningioma/Tr-me_1026.jpg,52f3520fc01f0f852157551f5bb1b606,512,512
data\binary\train\tumor\pituitary_Tr-pi_233.jpg,train,tumor,pituitary,Training/pituitary/Tr-pi_233.jpg,855ba8a417f6d669094e81005dd7bd93,512,512
data\binary\train\tumor\glioma_Tr-gl_815.jpg,train,tumor,glioma,Training/glioma/Tr-gl_815.jpg,a3f950131bb3c1e40cd8b708fc392df6,512,512
data\binary\train\no_tumor\notumor_Tr-no_1000.jpg,train,no_tumor,notumor,Training/notumor/Tr-no_1000.jpg,71d0f7ccc4fdf4cffccebc64b18c3c9d,442,442
data\binary\train\tumor\meningioma_Tr-me_439.jpg,train,tumor,meningioma,Training/meningioma/Tr-me_439.jpg,02759ef1cc92fa00c471bf53badd1c8e,512,512
data\binary\train\no_tumor\notumor_Tr-no_998.jpg,train,no_tumor,notumor,Training/notumor/Tr-no_998.jpg,40e772a2f0b49cc9de602444188412b5,853,480
data\binary\train\no_tumor\notumor_Tr-no_1108.jpg,train,no_tumor,notumor,Training/notumor/Tr-no_1108.jpg,fea4ff3f73564d290ea475de889210d7,225,225
data\binary\train\tumor\meningioma_Tr-me_1114.jpg,train,tumor,meningioma,Training/meningioma/Tr-me_1114.jpg,9db4212fbefc0cfbbc9b8fbaffb6c62b,512,512
data\binary\train\tumor\meningioma_Tr-me_1106.jpg,train,tumor,meningioma,Training/meningioma/Tr-me_1106.jpg,bef37d22b2526ca08bd08870b1503af3,512,512
data\binary\train\tumor\meningioma_Tr-me_1033.jpg,train,tumor,meningioma,Training/meningioma/Tr-me_1033.jpg,41ab91017c0633cdab44d8cab827e980,512,512
data\binary\train\tumor\glioma_Tr-gl_115.jpg,train,tumor,glioma,Training/glioma/Tr-gl_115.jpg,c36648f5ab8377b78f258fb07b3febd7,512,512
data\binary\train\tumor\glioma_Tr-gl_270.jpg,train,tumor,glioma,Training/glioma/Tr-gl_270.jpg,5171285f680beeb4da9b8b48ba150a6b,512,512
data\binary\train\no_tumor\notumor_Tr-no_373.jpg,train,no_tumor,notumor,Training/notumor/Tr-no_373.jpg,95ad87900eb30b7c156a33370957c13b,680,680
data\binary\train\no_tumor\notumor_Tr-no_577.jpg,train,no_tumor,notumor,Training/notumor/Tr-no_577.jpg,d52e77fd0e12cfd96d437f00bce28eef,1024,1024
data\binary\train\tumor\glioma_Tr-gl_205.jpg,train,tumor,glioma,Training/glioma/Tr-gl_205.jpg,3d51c4580050468395ccecbf84b80e3b,512,512
data\binary\train\tumor\meningioma_Tr-me_33.jpg,train,tumor,meningioma,Training/meningioma/Tr-me_33.jpg,91bafaffd9304fb147b593d40ecd395e,512,512
data\binary\train\tumor\glioma_Tr-gl_1237.jpg,train,tumor,glioma,Training/glioma/Tr-gl_1237.jpg,1cb6827c27dc1d49ed246b768d2de83b,512,512
data\binary\train\no_tumor\notumor_Tr-no_1364.jpg,train,no_tumor,notumor,Training/notumor/Tr-no_1364.jpg,eab155e2862f3dc58c0ce15cd55a906a,630,630
data\binary\train\tumor\meningioma_Tr-me_883.jpg,train,tumor,meningioma,Training/meningioma/Tr-me_883.jpg,2af790f5defdb159da23feaced8be4b2,512,512
data\binary\train\tumor\meningioma_Tr-me_1018.jpg,train,tumor,meningioma,Training/meningioma/Tr-me_1018.jpg,0c0f86e8c22a933610fba6c86c68e205,512,512
data\binary\train\tumor\pituitary_Tr-pi_734.jpg,train,tumor,pituitary,Training/pituitary/Tr-pi_734.jpg,247df33cd776f3d36c5ea876730c908f,512,512
data\binary\train\no_tumor\notumor_Tr-no_663.jpg,train,no_tumor,notumor,Training/notumor/Tr-no_663.jpg,cfc100ff4a015f49827f56dd93649722,225,225
data\binary\train\tumor\meningioma_Tr-me_1125.jpg,train,tumor,meningioma,Training/meningioma/Tr-me_1125.jpg,501b81f4a3f7dd7015e95e760083e99f,300,359
data\binary\train\tumor\glioma_Tr-gl_22.jpg,train,tumor,glioma,Training/glioma/Tr-gl_22.jpg,dd6e27960d17b3a9bcd887731f7242be,512,512
data\binary\train\tumor\meningioma_Tr-me_1178.jpg,train,tumor,meningioma,Training/meningioma/Tr-me_1178.jpg,778ce126d0c749f845287fd68e9f1f70,512,512
data\binary\train\tumor\glioma_Tr-gl_1151.jpg,train,tumor,glioma,Training/glioma/Tr-gl_1151.jpg,b77e046fcd5abcf411dd91cf091ae38d,512,512
data\binary\train\tumor\pituitary_Tr-pi_964.jpg,train,tumor,pituitary,Training/pituitary/Tr-pi_964.jpg,d54df731bb5cc06e521f7673eeb9b6be,512,512
data\binary\train\tumor\meningioma_Tr-me_386.jpg,train,tumor,meningioma,Training/meningioma/Tr-me_386.jpg,1e654577c2d01d3dab862be0eda54f8d,512,512
data\binary\train\tumor\glioma_Tr-gl_465.jpg,train,tumor,glioma,Training/glioma/Tr-gl_465.jpg,ae607b45dbbfbc9f2f342c54411b8233,512,512
data\binary\train\tumor\glioma_Tr-gl_992.jpg,train,tumor,glioma,Training/glioma/Tr-gl_992.jpg,503878d837e91481ef39231411b83b87,512,512
data\binary\train\tumor\pituitary_Tr-pi_721.jpg,train,tumor,pituitary,Training/pituitary/Tr-pi_721.jpg,bd88d480e797aeae9072fd3542a3d3c5,512,512
data\binary\train\tumor\pituitary_Tr-pi_426.jpg,train,tumor,pituitary,Training/pituitary/Tr-pi_426.jpg,1012dcb362bf71b3c8e64dae28f6392e,512,512
data\binary\train\tumor\glioma_Tr-gl_310.jpg,train,tumor,glioma,Training/glioma/Tr-gl_310.jpg,ba3c3fe82edaa128da3a45c56811f35f,512,512
data\binary\train\tumor\pituitary_Tr-pi_550.jpg,train,tumor,pituitary,Training/pituitary/Tr-pi_550.jpg,196773df9048ecc0229df5437644a870,512,512
data\binary\train\tumor\glioma_Tr-gl_479.jpg,train,tumor,glioma,Training/glioma/Tr-gl_479.jpg,386c8f320b4e7c89a405734282f863cb,512,512
data\binary\train\tumor\glioma_Tr-gl_645.jpg,train,tumor,glioma,Training/glioma/Tr-gl_645.jpg,5e9e817e097601bbff4805611824815d,512,512
data\binary\train\tumor\meningioma_Tr-me_172.jpg,train,tumor,meningioma,Training/meningioma/Tr-me_172.jpg,49828888c8e290aa6abdefbe753e49b1,512,512
data\binary\train\tumor\glioma_Tr-gl_584.jpg,train,tumor,glioma,Training/glioma/Tr-gl_584.jpg,aa62da2a440d80ce2601ee830bf70f5d,512,512
data\binary\train\tumor\pituitary_Tr-pi_886.jpg,train,tumor,pituitary,Training/pituitary/Tr-pi_886.jpg,b24fed598dd81e7f83dab8de4cebe7d7,512,512
data\binary\train\tumor\glioma_Tr-gl_586.jpg,train,tumor,glioma,Training/glioma/Tr-gl_586.jpg,e82e86e94a965b81c6a4c11d1d34a7a0,512,512
data\binary\train\tumor\glioma_Tr-gl_346.jpg,train,tumor,glioma,Training/glioma/Tr-gl_346.jpg,f12137444182917c0477373d914c7165,512,512
data\binary\train\tumor\meningioma_Tr-me_1137.jpg,train,tumor,meningioma,Training/meningioma/Tr-me_1137.jpg,9fb008a94dd5d689fc23c0e526e11f83,512,512
data\binary\train\tumor\meningioma_Tr-me_1028.jpg,train,tumor,meningioma,Training/meningioma/Tr-me_1028.jpg,df03f36da62abf102da4d0a35298fd12,512,512
data\binary\train\tumor\glioma_Tr-gl_20.jpg,train,tumor,glioma,Training/glioma/Tr-gl_20.jpg,481f18d7d3eb1bfc3b90978ed7406bba,512,512
data\binary\train\tumor\pituitary_Tr-pi_99.jpg,train,tumor,pituitary,Training/pituitary/Tr-pi_99.jpg,f33abc1208d8411e8e28a37c86b0bf96,512,512
data\binary\train\tumor\pituitary_Tr-pi_394.jpg,train,tumor,pituitary,Training/pituitary/Tr-pi_394.jpg,0dd72961ddfa0607cea65fb753ff80f2,512,512
data\binary\train\tumor\pituitary_Tr-pi_1131.jpg,train,tumor,pituitary,Training/pituitary/Tr-pi_1131.jpg,918c6174a399ecedad64b4abe5c6c9a3,512,512
data\binary\train\tumor\meningioma_Tr-aug-me_7.jpg,train,tumor,meningioma,Training/meningioma/Tr-aug-me_7.jpg,04f522f7bb854f4fe2ce9be141f31fb1,512,512
data\binary\train\tumor\pituitary_Tr-pi_888.jpg,train,tumor,pituitary,Training/pituitary/Tr-pi_888.jpg,d4b2e2be1dcc9276dfae8c33251860c1,512,512
data\binary\train\tumor\glioma_Tr-gl_211.jpg,train,tumor,glioma,Training/glioma/Tr-gl_211.jpg,1485df7e5b2087be7adea288fc4f122f,512,512
data\binary\train\tumor\pituitary_Tr-pi_1286.jpg,train,tumor,pituitary,Training/pituitary/Tr-pi_1286.jpg,4443ac30ac570870839686639c04a826,512,512
data\binary\train\tumor\pituitary_Tr-pi_1239.jpg,train,tumor,pituitary,Training/pituitary/Tr-pi_1239.jpg,c7a0b513bea1a4c79b2213fc146236d3,512,512
data\binary\train\tumor\meningioma_Tr-me_14.jpg,train,tumor,meningioma,Training/meningioma/Tr-me_14.jpg,85368a2da1a274c34c6302826c46e487,216,234
data\binary\train\tumor\pituitary_Tr-pi_1154.jpg,train,tumor,pituitary,Training/pituitary/Tr-pi_1154.jpg,e3ba2a330b921704ecae3a47624106e3,512,512
data\binary\train\tumor\meningioma_Tr-me_1046.jpg,train,tumor,meningioma,Training/meningioma/Tr-me_1046.jpg,84be54bac57a94229c441974e31f9ed8,512,512
data\binary\train\tumor\glioma_Tr-gl_177.jpg,train,tumor,glioma,Training/glioma/Tr-gl_177.jpg,2c37034bedc6428140254b404a92521c,512,512
data\binary\train\tumor\pituitary_Tr-pi_541.jpg,train,tumor,pituitary,Training/pituitary/Tr-pi_541.jpg,ea30662b4012975c263f8239e31d7bba,502,502
data\binary\train\tumor\glioma_Tr-gl_1188.jpg,train,tumor,glioma,Training/glioma/Tr-gl_1188.jpg,7da540281a96fbda9faf7078cb4f8043,512,512
data\binary\train\tumor\meningioma_Tr-me_943.jpg,train,tumor,meningioma,Training/meningioma/Tr-me_943.jpg,34ce889859afdd3d1d41a2ae9ac05d57,512,512
data\binary\train\tumor\glioma_Tr-gl_1281.jpg,train,tumor,glioma,Training/glioma/Tr-gl_1281.jpg,f876a32df6e40522c3ac4bb1e818da38,512,512
data\binary\train\tumor\glioma_Tr-gl_144.jpg,train,tumor,glioma,Training/glioma/Tr-gl_144.jpg,4583a3b977f682fcbc32ef89d9b48fa6,512,512
data\binary\train\tumor\pituitary_Tr-pi_1030.jpg,train,tumor,pituitary,Training/pituitary/Tr-pi_1030.jpg,6fcb104c3fc708070386eddc78cf50fa,512,512
data\binary\train\tumor\meningioma_Tr-me_896.jpg,train,tumor,meningioma,Training/meningioma/Tr-me_896.jpg,9d3a909367ad15d4c294ff10e2f24f77,512,512
data\binary\train\tumor\meningioma_Tr-me_985.jpg,train,tumor,meningioma,Training/meningioma/Tr-me_985.jpg,361f759988343df8d64877339336c0d7,512,512
data\binary\train\tumor\meningioma_Tr-me_826.jpg,train,tumor,meningioma,Training/meningioma/Tr-me_826.jpg,0ff42d8b16c52ae00fcdbfbda2baa8eb,512,512
data\binary\train\tumor\pituitary_Tr-pi_965.jpg,train,tumor,pituitary,Training/pituitary/Tr-pi_965.jpg,ed61dff9a53f85a35b2b57acb2bb2468,512,512
data\binary\train\tumor\glioma_Tr-gl_633.jpg,train,tumor,glioma,Training/glioma/Tr-gl_633.jpg,e56d467db50569c2a899bed62cddbeeb,512,512
data\binary\train\no_tumor\notumor_Tr-no_234.jpg,train,no_tumor,notumor,Training/notumor/Tr-no_234.jpg,852be8c96eb9e8073eace575b5ced572,359,449
data\binary\train\tumor\glioma_Tr-gl_1295.jpg,train,tumor,glioma,Training/glioma/Tr-gl_1295.jpg,f74c1f95ef7c8b0fa548ce3dfcfe33ec,512,512
data\binary\train\no_tumor\notumor_Tr-no_648.jpg,train,no_tumor,notumor,Training/notumor/Tr-no_648.jpg,21e97c9a3c476333e5cb7cd6365f5bba,442,442
data\binary\train\tumor\pituitary_Tr-pi_377.jpg,train,tumor,pituitary,Training/pituitary/Tr-pi_377.jpg,7930836846e6970e062210b571447c17,512,512
data\binary\train\tumor\pituitary_Tr-pi_10.jpg,train,tumor,pituitary,Training/pituitary/Tr-pi_10.jpg,a03f98eb817ef46f69ea31aab19ec630,512,512
data\binary\train\no_tumor\notumor_Tr-no_1211.jpg,train,no_tumor,notumor,Training/notumor/Tr-no_1211.jpg,8b68af150b7b772abdbfb177793a1764,630,630
data\binary\train\tumor\meningioma_Tr-me_1089.jpg,train,tumor,meningioma,Training/meningioma/Tr-me_1089.jpg,e5585d4f2ef4e0e60a2c4455319a3b64,512,512
data\binary\train\tumor\meningioma_Tr-me_551.jpg,train,tumor,meningioma,Training/meningioma/Tr-me_551.jpg,1116385d11909b1a8d6e2a366004b65c,512,512
data\binary\train\tumor\pituitary_Tr-pi_1110.jpg,train,tumor,pituitary,Training/pituitary/Tr-pi_1110.jpg,f0fc5434e96688af72afdfbc467bb74b,512,512
data\binary\train\tumor\glioma_Tr-gl_718.jpg,train,tumor,glioma,Training/glioma/Tr-gl_718.jpg,e57b3a19f63eb2e03f4ec0c478b2be28,512,512
data\binary\train\no_tumor\notumor_Tr-no_499.jpg,train,no_tumor,notumor,Training/notumor/Tr-no_499.jpg,4295eee904f5e6c205b01cbae01efab6,227,222
data\binary\train\tumor\pituitary_Tr-pi_1111.jpg,train,tumor,pituitary,Training/pituitary/Tr-pi_1111.jpg,1407728ac9e230f41013b2b13c9056a4,512,512
data\binary\train\tumor\pituitary_Tr-pi_738.jpg,train,tumor,pituitary,Training/pituitary/Tr-pi_738.jpg,a55244c55e6b9b2b2cbcdcb7243892f1,512,512
data\binary\train\tumor\glioma_Tr-gl_440.jpg,train,tumor,glioma,Training/glioma/Tr-gl_440.jpg,3033bdfd0adbd67555749a420f242bf8,512,512
data\binary\train\no_tumor\notumor_Tr-no_476.jpg,train,no_tumor,notumor,Training/notumor/Tr-no_476.jpg,95d2d82355b9b1d1273ba70b2780e463,630,630
data\binary\train\tumor\pituitary_Tr-pi_871.jpg,train,tumor,pituitary,Training/pituitary/Tr-pi_871.jpg,49f8bb0a9faf1d83027bd0622676d127,512,512
data\binary\train\tumor\meningioma_Tr-me_276.jpg,train,tumor,meningioma,Training/meningioma/Tr-me_276.jpg,57e6875bf955df891d8e9388e0e7ae17,512,512
data\binary\train\no_tumor\notumor_Tr-no_576.jpg,train,no_tumor,notumor,Training/notumor/Tr-no_576.jpg,aa084bb813f66c29deb9693b54969eab,225,225
data\binary\train\tumor\meningioma_Tr-me_594.jpg,train,tumor,meningioma,Training/meningioma/Tr-me_594.jpg,dcd403cd24462d53e28455456835a699,512,512
data\binary\train\tumor\glioma_Tr-gl_610.jpg,train,tumor,glioma,Training/glioma/Tr-gl_610.jpg,5d95e35a46828eb9d97f43a5185fa886,512,512
data\binary\train\tumor\meningioma_Tr-aug-me_19.jpg,train,tumor,meningioma,Training/meningioma/Tr-aug-me_19.jpg,fdcdc4bbb24e8d83974039744e77475b,512,512
data\binary\train\no_tumor\notumor_Tr-no_770.jpg,train,no_tumor,notumor,Training/notumor/Tr-no_770.jpg,d7c362af5ef99bb68896b5f184dc0ab5,442,442
data\binary\train\tumor\pituitary_Tr-pi_194.jpg,train,tumor,pituitary,Training/pituitary/Tr-pi_194.jpg,2a76337afe68e9229cdc91d559384b57,512,512
data\binary\train\tumor\meningioma_Tr-me_1262.jpg,train,tumor,meningioma,Training/meningioma/Tr-me_1262.jpg,5d58643818e2775a569390c4aa3c1d8d,200,223
data\binary\train\tumor\glioma_Tr-gl_1106.jpg,train,tumor,glioma,Training/glioma/Tr-gl_1106.jpg,2aacf3fac40c57e0de3fa8d1739e43bf,512,512
data\binary\train\no_tumor\notumor_Tr-no_966.jpg,train,no_tumor,notumor,Training/notumor/Tr-no_966.jpg,48ed73de65aea9aeda658a000e61c365,230,282
data\binary\train\tumor\meningioma_Tr-me_49.jpg,train,tumor,meningioma,Training/meningioma/Tr-me_49.jpg,eb9b77b9e676b0874391ac47ee20518d,512,512
data\binary\train\tumor\glioma_Tr-gl_995.jpg,train,tumor,glioma,Training/glioma/Tr-gl_995.jpg,6c4cf37b8dcba501bb74d208b798c7be,512,512
data\binary\train\tumor\meningioma_Tr-me_1002.jpg,train,tumor,meningioma,Training/meningioma/Tr-me_1002.jpg,733e1fdec3af1cd0195100544943b981,512,512
data\binary\train\tumor\pituitary_Tr-pi_648.jpg,train,tumor,pituitary,Training/pituitary/Tr-pi_648.jpg,17d02322f8f7a90fed6a8b9d133f5851,512,512
data\binary\train\tumor\meningioma_Tr-me_1124.jpg,train,tumor,meningioma,Training/meningioma/Tr-me_1124.jpg,df43339f3ef1d97ff90ac31f294f089c,512,512
data\binary\train\tumor\pituitary_Tr-pi_299.jpg,train,tumor,pituitary,Training/pituitary/Tr-pi_299.jpg,8303a4afc137e15eade9ede5705a9598,512,512
data\binary\train\tumor\pituitary_Tr-pi_1141.jpg,train,tumor,pituitary,Training/pituitary/Tr-pi_1141.jpg,f42b5158758283a16a02bff8e06c623f,512,512
data\binary\train\tumor\glioma_Tr-gl_486.jpg,train,tumor,glioma,Training/glioma/Tr-gl_486.jpg,c9e5ae4e713a16ec6fec70abdb0a8727,512,512
data\binary\train\tumor\pituitary_Tr-pi_1002.jpg,train,tumor,pituitary,Training/pituitary/Tr-pi_1002.jpg,d1bca4f26d65864b0c86d77955e9f7b4,512,512
data\binary\train\tumor\pituitary_Tr-pi_84.jpg,train,tumor,pituitary,Training/pituitary/Tr-pi_84.jpg,3acf5860ff852eed0d60c56904126e9e,256,256
data\binary\train\tumor\pituitary_Tr-pi_1336.jpg,train,tumor,pituitary,Training/pituitary/Tr-pi_1336.jpg,9b9dd1bed6f6b1a0adff82f41f903279,512,512
data\binary\train\tumor\meningioma_Tr-me_150.jpg,train,tumor,meningioma,Training/meningioma/Tr-me_150.jpg,31fc514e6e5cf7caf9d9f031a1f88cd7,512,512
data\binary\train\no_tumor\notumor_Tr-no_705.jpg,train,no_tumor,notumor,Training/notumor/Tr-no_705.jpg,f227bffefb6d550d7f8d9d44a3058a31,500,500
data\binary\train\tumor\pituitary_Tr-pi_146.jpg,train,tumor,pituitary,Training/pituitary/Tr-pi_146.jpg,4351b1f37a430f8fc178d3cae997f1d1,512,512
data\binary\train\tumor\pituitary_Tr-pi_527.jpg,train,tumor,pituitary,Training/pituitary/Tr-pi_527.jpg,0866eb8b30334ea3971e38368d9aee27,512,512
data\binary\train\no_tumor\notumor_Tr-no_710.jpg,train,no_tumor,notumor,Training/notumor/Tr-no_710.jpg,f5917fb16e5f2ad2ca8e827833fd4dfc,225,225
data\binary\train\tumor\pituitary_Tr-pi_730.jpg,train,tumor,pituitary,Training/pituitary/Tr-pi_730.jpg,b272199810b609e5bcd02c691e5fd4ea,512,512
data\binary\train\tumor\glioma_Tr-gl_984.jpg,train,tumor,glioma,Training/glioma/Tr-gl_984.jpg,1b0686f1d534fcd25073c25a97155510,512,512
data\binary\train\no_tumor\notumor_Tr-no_1225.jpg,train,no_tumor,notumor,Training/notumor/Tr-no_1225.jpg,5c9009c29f85406f62d1901789b43ac8,201,251
data\binary\train\tumor\meningioma_Tr-me_336.jpg,train,tumor,meningioma,Training/meningioma/Tr-me_336.jpg,5ade7a071a7b49042b543930d8c3f5e8,512,512
data\binary\train\tumor\meningioma_Tr-me_344.jpg,train,tumor,meningioma,Training/meningioma/Tr-me_344.jpg,d117d57c7fac53596e98f50243589b03,512,512
data\binary\train\tumor\glioma_Tr-gl_582.jpg,train,tumor,glioma,Training/glioma/Tr-gl_582.jpg,307b8f2911cbb17752ee53dcb3d18765,512,512
data\binary\train\no_tumor\notumor_Tr-no_1199.jpg,train,no_tumor,notumor,Training/notumor/Tr-no_1199.jpg,e41d9b9bbd455ece99aec6dcba692f68,215,234
data\binary\train\tumor\meningioma_Tr-me_1078.jpg,train,tumor,meningioma,Training/meningioma/Tr-me_1078.jpg,f8f48b1c47b4f9e883e171ed11c982c9,512,512
data\binary\train\tumor\meningioma_Tr-me_624.jpg,train,tumor,meningioma,Training/meningioma/Tr-me_624.jpg,cf49e50907514fe2b2928015c3567704,512,512
data\binary\train\tumor\glioma_Tr-gl_966.jpg,train,tumor,glioma,Training/glioma/Tr-gl_966.jpg,e841ef81b59347baa1cb56abaf10c270,512,512
data\binary\train\no_tumor\notumor_Tr-no_914.jpg,train,no_tumor,notumor,Training/notumor/Tr-no_914.jpg,9ef1dc087860407ba41c04c22562728d,201,250
data\binary\train\tumor\meningioma_Tr-me_266.jpg,train,tumor,meningioma,Training/meningioma/Tr-me_266.jpg,746eda1cf99f17f481e8108ee0c73141,512,512
data\binary\train\no_tumor\notumor_Tr-no_938.jpg,train,no_tumor,notumor,Training/notumor/Tr-no_938.jpg,00f332c9c2eb8660876654db64d67dad,225,225
data\binary\train\tumor\meningioma_Tr-me_552.jpg,train,tumor,meningioma,Training/meningioma/Tr-me_552.jpg,bca9ffd4ef5887c87e9755557203ee66,512,512
data\binary\train\tumor\meningioma_Tr-me_660.jpg,train,tumor,meningioma,Training/meningioma/Tr-me_660.jpg,8f34d3ff3048aff86758a13efd529b98,512,512
data\binary\train\tumor\meningioma_Tr-me_1250.jpg,train,tumor,meningioma,Training/meningioma/Tr-me_1250.jpg,5748de28c77845163ff34f9790fb608c,512,512
data\binary\train\tumor\glioma_Tr-gl_253.jpg,train,tumor,glioma,Training/glioma/Tr-gl_253.jpg,3b59d768b46199a08676f81b29982585,512,512
data\binary\train\tumor\meningioma_Tr-me_958.jpg,train,tumor,meningioma,Training/meningioma/Tr-me_958.jpg,a210e96df33aa7321d90b719bb1b45c7,512,512
data\binary\train\tumor\meningioma_Tr-me_1079.jpg,train,tumor,meningioma,Training/meningioma/Tr-me_1079.jpg,e064eb4d082c1ecdaad2d678e41009dd,512,512
data\binary\train\tumor\meningioma_Tr-me_1292.jpg,train,tumor,meningioma,Training/meningioma/Tr-me_1292.jpg,234d199a6c957404154ba557e213ff79,512,512
data\binary\train\tumor\pituitary_Tr-pi_64.jpg,train,tumor,pituitary,Training/pituitary/Tr-pi_64.jpg,402d107ac5383250021142c45cb0cab8,512,512
data\binary\train\tumor\glioma_Tr-gl_1379.jpg,train,tumor,glioma,Training/glioma/Tr-gl_1379.jpg,c2d0b18d98e816d3d4ed71c3f8295bd5,512,512
data\binary\train\tumor\meningioma_Tr-me_168.jpg,train,tumor,meningioma,Training/meningioma/Tr-me_168.jpg,2196f4042fa42aaed33c5b1cbd5140da,512,512
data\binary\train\tumor\pituitary_Tr-pi_1273.jpg,train,tumor,pituitary,Training/pituitary/Tr-pi_1273.jpg,f248840c4f461a3afab3c5b4e33a6837,512,512
data\binary\train\no_tumor\notumor_Tr-no_3.jpg,train,no_tumor,notumor,Training/notumor/Tr-no_3.jpg,5ed04e936c2ca5be7b78620bfe7be8d8,236,236
data\binary\train\no_tumor\notumor_Tr-no_518.jpg,train,no_tumor,notumor,Training/notumor/Tr-no_518.jpg,40881ffd0417f7d60164cbec5265be37,336,380
data\binary\train\no_tumor\notumor_Tr-no_130.jpg,train,no_tumor,notumor,Training/notumor/Tr-no_130.jpg,10cdf136ff253b6b1bf95bbc916e0c9e,228,221
data\binary\train\tumor\pituitary_Tr-pi_2.jpg,train,tumor,pituitary,Training/pituitary/Tr-pi_2.jpg,7683c18e3d250a84e045f57a816ab12b,512,512
data\binary\train\tumor\pituitary_Tr-pi_1293.jpg,train,tumor,pituitary,Training/pituitary/Tr-pi_1293.jpg,95c0323de09174ae928e6a6e87a3182f,512,512
data\binary\train\tumor\pituitary_Tr-pi_829.jpg,train,tumor,pituitary,Training/pituitary/Tr-pi_829.jpg,d03bb9d76f8c808a2f1a32473d36c16a,512,512
data\binary\train\tumor\glioma_Tr-gl_580.jpg,train,tumor,glioma,Training/glioma/Tr-gl_580.jpg,4679b4470d0ae4410c51efabfdd4e1cc,512,512
data\binary\train\tumor\meningioma_Tr-me_415.jpg,train,tumor,meningioma,Training/meningioma/Tr-me_415.jpg,afff5b96048b9460b5852f197171615e,512,512
data\binary\train\tumor\meningioma_Tr-me_886.jpg,train,tumor,meningioma,Training/meningioma/Tr-me_886.jpg,96f2d8cdddd202797bf745485378d52f,512,512
data\binary\train\tumor\pituitary_Tr-pi_453.jpg,train,tumor,pituitary,Training/pituitary/Tr-pi_453.jpg,03eef006aaee299b2fbd4a7a89287523,512,512
data\binary\train\no_tumor\notumor_Tr-no_331.jpg,train,no_tumor,notumor,Training/notumor/Tr-no_331.jpg,7bfcc82552adae4a42fa943ae97051da,201,251
data\binary\train\tumor\glioma_Tr-gl_1168.jpg,train,tumor,glioma,Training/glioma/Tr-gl_1168.jpg,e8440c00860cfa3bf4be21f6f0ed5d92,512,512
data\binary\train\tumor\meningioma_Tr-me_419.jpg,train,tumor,meningioma,Training/meningioma/Tr-me_419.jpg,e435d8d71fb1d5f8d552dd21350896f4,512,512
data\binary\train\tumor\pituitary_Tr-pi_1345.jpg,train,tumor,pituitary,Training/pituitary/Tr-pi_1345.jpg,e15f8386011fa2d0a71f801f1968e7e2,512,512
data\binary\train\tumor\pituitary_Tr-pi_898.jpg,train,tumor,pituitary,Training/pituitary/Tr-pi_898.jpg,29783b83c6c90ba2dad0b58953e6d56b,512,512
data\binary\train\tumor\meningioma_Tr-me_32.jpg,train,tumor,meningioma,Training/meningioma/Tr-me_32.jpg,61d08f03958abe035cca71b5fc065171,512,512
data\binary\train\tumor\glioma_Tr-gl_116.jpg,train,tumor,glioma,Training/glioma/Tr-gl_116.jpg,4281b03a021f288c44a936ced545b840,512,512
data\binary\train\no_tumor\notumor_Tr-no_982.jpg,train,no_tumor,notumor,Training/notumor/Tr-no_982.jpg,d7259adbaa6ae191dcb3cd7bb42af711,356,474
data\binary\train\tumor\meningioma_Tr-me_349.jpg,train,tumor,meningioma,Training/meningioma/Tr-me_349.jpg,b2a633643b71bff06383dd9e0eae4f2b,512,512
data\binary\train\tumor\glioma_Tr-gl_309.jpg,train,tumor,glioma,Training/glioma/Tr-gl_309.jpg,4fa449877206ab9a273abb1a0279d6d4,512,512
data\binary\train\tumor\meningioma_Tr-me_309.jpg,train,tumor,meningioma,Training/meningioma/Tr-me_309.jpg,904ce80c82798d0ba8f7ec72154eb2f5,512,512
data\binary\train\tumor\glioma_Tr-gl_213.jpg,train,tumor,glioma,Training/glioma/Tr-gl_213.jpg,f9f8f1519c286066261b12ea2d7a0b88,512,512
data\binary\train\tumor\meningioma_Tr-me_352.jpg,train,tumor,meningioma,Training/meningioma/Tr-me_352.jpg,6c1d8f634fe3bc4ea5dd7e4a9ee43838,512,512
data\binary\train\tumor\pituitary_Tr-pi_556.jpg,train,tumor,pituitary,Training/pituitary/Tr-pi_556.jpg,9e804950756d94f8e80f35daa63aa2c1,512,512
data\binary\train\tumor\glioma_Tr-gl_1186.jpg,train,tumor,glioma,Training/glioma/Tr-gl_1186.jpg,3aad0e17f78800f4353bae6ca485d51e,512,512
data\binary\train\tumor\meningioma_Tr-me_1215.jpg,train,tumor,meningioma,Training/meningioma/Tr-me_1215.jpg,4c27d59166590080d2d26b20c6c876a9,512,512
data\binary\train\tumor\meningioma_Tr-me_401.jpg,train,tumor,meningioma,Training/meningioma/Tr-me_401.jpg,ee92940fb4c4d49c59487e7404474a15,512,512
data\binary\train\tumor\glioma_Tr-gl_738.jpg,train,tumor,glioma,Training/glioma/Tr-gl_738.jpg,a12c393562829ea13e650d24fe8dda14,512,512
data\binary\train\no_tumor\notumor_Tr-no_793.jpg,train,no_tumor,notumor,Training/notumor/Tr-no_793.jpg,e451ebeaafd925c68f39a4a53961aaaa,194,259
data\binary\train\tumor\pituitary_Tr-pi_1113.jpg,train,tumor,pituitary,Training/pituitary/Tr-pi_1113.jpg,cda962a88b86c27025bce28e6571238f,512,512
data\binary\train\tumor\meningioma_Tr-me_319.jpg,train,tumor,meningioma,Training/meningioma/Tr-me_319.jpg,adc62f7690e83a23df2837a6d997b0cb,512,512
data\binary\train\tumor\pituitary_Tr-pi_387.jpg,train,tumor,pituitary,Training/pituitary/Tr-pi_387.jpg,e390911104b00f0a034474dc05b5f525,512,512
data\binary\train\tumor\pituitary_Tr-pi_802.jpg,train,tumor,pituitary,Training/pituitary/Tr-pi_802.jpg,65ba8d98cb6c295afe5fefae7bef7db1,256,256
data\binary\train\tumor\pituitary_Tr-pi_562.jpg,train,tumor,pituitary,Training/pituitary/Tr-pi_562.jpg,ffcdf912201b6d4ae5ed87e1b7bc0e2f,512,512
data\binary\train\tumor\meningioma_Tr-me_649.jpg,train,tumor,meningioma,Training/meningioma/Tr-me_649.jpg,ed0ac615f470975b58f1ef4b0f247ce0,512,512
data\binary\train\no_tumor\notumor_Tr-no_1074.jpg,train,no_tumor,notumor,Training/notumor/Tr-no_1074.jpg,81eeb70c439da10402e8ccdddbbec886,215,234
data\binary\train\tumor\glioma_Tr-gl_345.jpg,train,tumor,glioma,Training/glioma/Tr-gl_345.jpg,155811abdfffcc1b2ce9ad5ec9129e27,512,512
data\binary\train\tumor\pituitary_Tr-pi_1010.jpg,train,tumor,pituitary,Training/pituitary/Tr-pi_1010.jpg,9df78b6c780898a0ce89e72d6d9366a3,512,512
data\binary\train\tumor\pituitary_Tr-pi_23.jpg,train,tumor,pituitary,Training/pituitary/Tr-pi_23.jpg,08adac7ab14dd7c878456a4b619bfb58,512,512
data\binary\train\tumor\meningioma_Tr-me_389.jpg,train,tumor,meningioma,Training/meningioma/Tr-me_389.jpg,a44ffea5819a848a26f9377ceb195167,512,512
data\binary\train\tumor\meningioma_Tr-me_1153.jpg,train,tumor,meningioma,Training/meningioma/Tr-me_1153.jpg,41259fc843c48663a4a45a0ca9a1eda4,512,512
data\binary\train\tumor\glioma_Tr-gl_96.jpg,train,tumor,glioma,Training/glioma/Tr-gl_96.jpg,6e091277380b7dabaf019498155bf0e9,512,512
data\binary\train\tumor\meningioma_Tr-aug-me_71.jpg,train,tumor,meningioma,Training/meningioma/Tr-aug-me_71.jpg,a0419587eeb948eaa02d81ddecf7a132,512,512
data\binary\train\tumor\pituitary_Tr-pi_59.jpg,train,tumor,pituitary,Training/pituitary/Tr-pi_59.jpg,55e0c97b894a17db541bd7e21044e8ed,512,512
data\binary\train\tumor\meningioma_Tr-me_807.jpg,train,tumor,meningioma,Training/meningioma/Tr-me_807.jpg,813228e65f3dc4a2ec23936b603e9857,512,512
data\binary\train\tumor\pituitary_Tr-pi_396.jpg,train,tumor,pituitary,Training/pituitary/Tr-pi_396.jpg,4e5a8e1b13dce709484145eb0ac3ce70,625,603
data\binary\train\tumor\meningioma_Tr-me_1081.jpg,train,tumor,meningioma,Training/meningioma/Tr-me_1081.jpg,3c83c4e8f9f90dfc8a12064d868410a9,512,512
data\binary\train\tumor\meningioma_Tr-me_1073.jpg,train,tumor,meningioma,Training/meningioma/Tr-me_1073.jpg,b10fa1e9081f3433c213668832111249,512,512
data\binary\train\tumor\pituitary_Tr-pi_1312.jpg,train,tumor,pituitary,Training/pituitary/Tr-pi_1312.jpg,43b659a79a651a9f7c3118ad70d46806,512,512
data\binary\train\tumor\meningioma_Tr-me_1070.jpg,train,tumor,meningioma,Training/meningioma/Tr-me_1070.jpg,ee545a78b48467c30382b9ba1cf9b63f,512,512
data\binary\train\tumor\meningioma_Tr-me_417.jpg,train,tumor,meningioma,Training/meningioma/Tr-me_417.jpg,fa00a03e1cfee5a6e70c0b7747cbef74,250,270
data\binary\train\tumor\meningioma_Tr-me_689.jpg,train,tumor,meningioma,Training/meningioma/Tr-me_689.jpg,1de0e6c79247d3b9ed93a3fe26df9b57,512,512
data\binary\train\tumor\pituitary_Tr-pi_590.jpg,train,tumor,pituitary,Training/pituitary/Tr-pi_590.jpg,730dd7284e9cefb4962ecf1db16641e0,512,512
data\binary\train\no_tumor\notumor_Tr-no_278.jpg,train,no_tumor,notumor,Training/notumor/Tr-no_278.jpg,72325cce2b3a1f3833d38e8e82a1e996,400,442
data\binary\train\tumor\pituitary_Tr-pi_620.jpg,train,tumor,pituitary,Training/pituitary/Tr-pi_620.jpg,897c3884ba057d7ccd7d02a194df701e,512,512
data\binary\train\tumor\meningioma_Tr-aug-me_12.jpg,train,tumor,meningioma,Training/meningioma/Tr-aug-me_12.jpg,9f499faf825f6d8fa6fc22f2c79f0508,512,512
data\binary\train\tumor\meningioma_Tr-me_445.jpg,train,tumor,meningioma,Training/meningioma/Tr-me_445.jpg,20a2f17c19bcc53a693900911502ea03,512,512
data\binary\train\tumor\glioma_Tr-gl_600.jpg,train,tumor,glioma,Training/glioma/Tr-gl_600.jpg,aa8a9021b6b7be2d68dc6f7eceff15b1,512,512
data\binary\train\tumor\pituitary_Tr-pi_1374.jpg,train,tumor,pituitary,Training/pituitary/Tr-pi_1374.jpg,deb2ebf185d3d6207de206e6e4546473,512,512
data\binary\train\tumor\glioma_Tr-gl_1004.jpg,train,tumor,glioma,Training/glioma/Tr-gl_1004.jpg,d128069c3610887a4af19a85b5357e4e,512,512
data\binary\train\tumor\glioma_Tr-gl_35.jpg,train,tumor,glioma,Training/glioma/Tr-gl_35.jpg,09ca2fbbcaee6bc7358cb93548c944bb,512,512
data\binary\train\tumor\meningioma_Tr-me_849.jpg,train,tumor,meningioma,Training/meningioma/Tr-me_849.jpg,c6b49ecce554646080fa3f81e6a2e801,512,512
data\binary\train\tumor\meningioma_Tr-me_825.jpg,train,tumor,meningioma,Training/meningioma/Tr-me_825.jpg,4cb5f7e5d9fd06db069a55ee8c201aca,512,512
data\binary\train\no_tumor\notumor_Tr-no_886.jpg,train,no_tumor,notumor,Training/notumor/Tr-no_886.jpg,d923509d281c5bb5b51972bf1e2680fd,225,225
data\binary\train\no_tumor\notumor_Tr-no_158.jpg,train,no_tumor,notumor,Training/notumor/Tr-no_158.jpg,2e57c14bdd0c8f0c6c2916119e9ed027,400,442
data\binary\train\tumor\glioma_Tr-gl_705.jpg,train,tumor,glioma,Training/glioma/Tr-gl_705.jpg,54aeb69aeac8a86a8d4eee43172ef363,512,512
data\binary\train\tumor\glioma_Tr-gl_865.jpg,train,tumor,glioma,Training/glioma/Tr-gl_865.jpg,bd8e4bf13a4055762827fa8401fcd7e5,512,512
data\binary\train\no_tumor\notumor_Tr-no_195.jpg,train,no_tumor,notumor,Training/notumor/Tr-no_195.jpg,6aebc01d66126c7e6307bfdf938e11e8,192,192
data\binary\train\no_tumor\notumor_Tr-no_42.jpg,train,no_tumor,notumor,Training/notumor/Tr-no_42.jpg,5ac9df6391579a6e94698342330b0489,225,225
data\binary\train\no_tumor\notumor_Tr-no_262.jpg,train,no_tumor,notumor,Training/notumor/Tr-no_262.jpg,5bde3eb0e3625a789f421b696b6a3096,225,225
data\binary\train\no_tumor\notumor_Tr-no_1350.jpg,train,no_tumor,notumor,Training/notumor/Tr-no_1350.jpg,714e4aee640a479098797d69544f4b0c,235,214
data\binary\train\no_tumor\notumor_Tr-no_590.jpg,train,no_tumor,notumor,Training/notumor/Tr-no_590.jpg,47405b5f57d0617c6ca9081c1554c1b5,215,234
data\binary\train\tumor\pituitary_Tr-pi_94.jpg,train,tumor,pituitary,Training/pituitary/Tr-pi_94.jpg,1cd05d73bbc4bd32316a91fa13290a13,512,512
data\binary\train\tumor\meningioma_Tr-me_1007.jpg,train,tumor,meningioma,Training/meningioma/Tr-me_1007.jpg,f0d00c23ca029d2383805888eec12f64,512,512
data\binary\train\tumor\meningioma_Tr-me_83.jpg,train,tumor,meningioma,Training/meningioma/Tr-me_83.jpg,b81be7e3964fd4cb4debc13c9b24cbb3,512,512
data\binary\train\tumor\pituitary_Tr-pi_970.jpg,train,tumor,pituitary,Training/pituitary/Tr-pi_970.jpg,982cd52050f483c30237a322dd0c5e81,512,512
data\binary\train\tumor\meningioma_Tr-me_66.jpg,train,tumor,meningioma,Training/meningioma/Tr-me_66.jpg,5ef51b0753f7938e1cf02d020b52b2aa,512,512
data\binary\train\tumor\meningioma_Tr-me_229.jpg,train,tumor,meningioma,Training/meningioma/Tr-me_229.jpg,8c67a47cb4561c4793edd13d70ef18e3,512,512
data\binary\train\tumor\glioma_Tr-gl_1270.jpg,train,tumor,glioma,Training/glioma/Tr-gl_1270.jpg,859f6f8373e56c0884af564020eee096,512,512
data\binary\train\tumor\meningioma_Tr-me_22.jpg,train,tumor,meningioma,Training/meningioma/Tr-me_22.jpg,e894e17ae6fc4fe87ade37dba521eeaa,512,512
data\binary\train\no_tumor\notumor_Tr-no_583.jpg,train,no_tumor,notumor,Training/notumor/Tr-no_583.jpg,2bfc0c7c0f3743d87714609f54380bfc,173,201
data\binary\train\tumor\pituitary_Tr-pi_325.jpg,train,tumor,pituitary,Training/pituitary/Tr-pi_325.jpg,8c19f56584f250d2091aed74184276b1,256,256
data\binary\train\tumor\glioma_Tr-gl_199.jpg,train,tumor,glioma,Training/glioma/Tr-gl_199.jpg,8a13959353ee6cc59aa2f69fee45edef,512,512
data\binary\train\no_tumor\notumor_Tr-no_279.jpg,train,no_tumor,notumor,Training/notumor/Tr-no_279.jpg,61ef6f873d653c09e598a5aabbddd524,350,350
data\binary\train\tumor\glioma_Tr-gl_1222.jpg,train,tumor,glioma,Training/glioma/Tr-gl_1222.jpg,8747bec4ece26be86a7ed0cb354ef07c,512,512
data\binary\train\tumor\pituitary_Tr-pi_1294.jpg,train,tumor,pituitary,Training/pituitary/Tr-pi_1294.jpg,c437d5f237516273fd54c37ac7ebdba2,512,512
data\binary\train\tumor\pituitary_Tr-pi_1392.jpg,train,tumor,pituitary,Training/pituitary/Tr-pi_1392.jpg,d63ddb1fe112346002226b643d8fca51,512,512
data\binary\train\tumor\glioma_Tr-gl_272.jpg,train,tumor,glioma,Training/glioma/Tr-gl_272.jpg,20b4426293bde8fc2ccbbb87e3b83c4a,512,512
data\binary\train\tumor\meningioma_Tr-me_412.jpg,train,tumor,meningioma,Training/meningioma/Tr-me_412.jpg,a25ad352f752076df05a49c699425474,512,512
data\binary\train\tumor\meningioma_Tr-me_844.jpg,train,tumor,meningioma,Training/meningioma/Tr-me_844.jpg,a8afee3f17f36a2bc0f608d0ab231ce6,512,512
data\binary\train\tumor\pituitary_Tr-pi_1164.jpg,train,tumor,pituitary,Training/pituitary/Tr-pi_1164.jpg,b9e4ec5cf5f176e2465da20d9b82f187,512,512
data\binary\train\no_tumor\notumor_Tr-no_954.jpg,train,no_tumor,notumor,Training/notumor/Tr-no_954.jpg,49231610d4ac430a3209e3c14bb8f74d,206,244
data\binary\train\tumor\pituitary_Tr-pi_1140.jpg,train,tumor,pituitary,Training/pituitary/Tr-pi_1140.jpg,481e36ec6798f3a743579a2dcbd3e2e4,512,512
data\binary\train\tumor\glioma_Tr-gl_429.jpg,train,tumor,glioma,Training/glioma/Tr-gl_429.jpg,b6ba78827f5f77e17692a045dfabda2d,512,512
data\binary\train\tumor\glioma_Tr-gl_179.jpg,train,tumor,glioma,Training/glioma/Tr-gl_179.jpg,bd4b9eb42418a1da0c25e23e4774ce28,512,512
data\binary\train\no_tumor\notumor_Tr-no_214.jpg,train,no_tumor,notumor,Training/notumor/Tr-no_214.jpg,709b55e1515506410439becf8024d2ae,629,585
data\binary\train\tumor\pituitary_Tr-pi_1248.jpg,train,tumor,pituitary,Training/pituitary/Tr-pi_1248.jpg,63d5dd6d307d2a6b2a7413fa6e1bd6ea,512,512
data\binary\train\tumor\glioma_Tr-gl_291.jpg,train,tumor,glioma,Training/glioma/Tr-gl_291.jpg,6400780dc4354d9741e617580e68e883,512,512
data\binary\train\tumor\glioma_Tr-gl_650.jpg,train,tumor,glioma,Training/glioma/Tr-gl_650.jpg,68e5753a075416e59b4e41b9200c198f,512,512
data\binary\train\tumor\glioma_Tr-gl_662.jpg,train,tumor,glioma,Training/glioma/Tr-gl_662.jpg,6c5adae0e07db98eee06c9c77877911e,512,512
data\binary\train\tumor\glioma_Tr-gl_218.jpg,train,tumor,glioma,Training/glioma/Tr-gl_218.jpg,2bf456b556f685d114328dab7fc5a1da,512,512
data\binary\train\no_tumor\notumor_Tr-no_1312.jpg,train,no_tumor,notumor,Training/notumor/Tr-no_1312.jpg,39b4bde661eca38587a19992136b45a9,339,340
data\binary\train\tumor\meningioma_Tr-me_133.jpg,train,tumor,meningioma,Training/meningioma/Tr-me_133.jpg,c3f03edfe767599f29ee9129246c6350,512,512
data\binary\train\tumor\meningioma_Tr-me_128.jpg,train,tumor,meningioma,Training/meningioma/Tr-me_128.jpg,53e38d066759a4883f1addb40fd57f00,512,512
data\binary\train\no_tumor\notumor_Tr-no_485.jpg,train,no_tumor,notumor,Training/notumor/Tr-no_485.jpg,41c20fcc11ca7caa1e3684fe3c2c1cb2,218,231
data\binary\train\tumor\meningioma_Tr-me_480.jpg,train,tumor,meningioma,Training/meningioma/Tr-me_480.jpg,f18687cd6326168b394a265492ae46b9,512,512
data\binary\train\tumor\pituitary_Tr-pi_1087.jpg,train,tumor,pituitary,Training/pituitary/Tr-pi_1087.jpg,6581dfad9934bb01dd1729322d179e5f,512,512
data\binary\train\tumor\meningioma_Tr-me_529.jpg,train,tumor,meningioma,Training/meningioma/Tr-me_529.jpg,f9d3645c31c6780cc3cb788dea1cf177,512,512
data\binary\train\no_tumor\notumor_Tr-no_805.jpg,train,no_tumor,notumor,Training/notumor/Tr-no_805.jpg,b19a1c74da3e0977cb2e05e6a4b6cc9f,200,252
data\binary\train\tumor\meningioma_Tr-me_1029.jpg,train,tumor,meningioma,Training/meningioma/Tr-me_1029.jpg,09bf392b896dfb49e0387b51f18bc2c8,512,512
data\binary\train\tumor\pituitary_Tr-pi_1013.jpg,train,tumor,pituitary,Training/pituitary/Tr-pi_1013.jpg,66458b8055a430e41c232d26ed5c4552,512,512
data\binary\train\tumor\glioma_Tr-gl_1063.jpg,train,tumor,glioma,Training/glioma/Tr-gl_1063.jpg,1505a5ca0888a8a3dcb9b21052bf13dc,512,512
data\binary\train\tumor\pituitary_Tr-pi_311.jpg,train,tumor,pituitary,Training/pituitary/Tr-pi_311.jpg,406052e058bc64ffed1f9c9e2b65687c,512,512
data\binary\train\tumor\pituitary_Tr-pi_297.jpg,train,tumor,pituitary,Training/pituitary/Tr-pi_297.jpg,0217b5039101a3deb791d19b07e0bd4c,512,512
data\binary\train\tumor\meningioma_Tr-me_916.jpg,train,tumor,meningioma,Training/meningioma/Tr-me_916.jpg,fa5e4543cf6de9ecc6136f6f696c2636,512,512
data\binary\train\tumor\pituitary_Tr-pi_644.jpg,train,tumor,pituitary,Training/pituitary/Tr-pi_644.jpg,1f111da4599ef0f1baa150805f0454c2,512,512
data\binary\train\tumor\glioma_Tr-gl_987.jpg,train,tumor,glioma,Training/glioma/Tr-gl_987.jpg,915b5793d3d42553e904fe9e7cfdfb53,512,512
data\binary\train\tumor\pituitary_Tr-pi_877.jpg,train,tumor,pituitary,Training/pituitary/Tr-pi_877.jpg,96dc39c296eaa3907889567a4e802129,512,512
data\binary\train\tumor\meningioma_Tr-me_953.jpg,train,tumor,meningioma,Training/meningioma/Tr-me_953.jpg,1c6417c274b3541cd2ac67ffe1f24d1b,512,512
data\binary\train\no_tumor\notumor_Tr-no_356.jpg,train,no_tumor,notumor,Training/notumor/Tr-no_356.jpg,f026747e5401d8a361e0566ad9166b5d,626,575
data\binary\train\tumor\glioma_Tr-gl_809.jpg,train,tumor,glioma,Training/glioma/Tr-gl_809.jpg,92c0e1084c73ce27244813986d752e0c,512,512
data\binary\train\tumor\glioma_Tr-gl_956.jpg,train,tumor,glioma,Training/glioma/Tr-gl_956.jpg,096af9626223b620586b8fc3768aad05,512,512
data\binary\train\tumor\glioma_Tr-gl_389.jpg,train,tumor,glioma,Training/glioma/Tr-gl_389.jpg,0285e982c40248a99280748bc1c99ab5,512,512
data\binary\train\tumor\glioma_Tr-gl_1162.jpg,train,tumor,glioma,Training/glioma/Tr-gl_1162.jpg,5d45c7d25b878062813be28999ea7056,512,512
data\binary\train\no_tumor\notumor_Tr-no_1352.jpg,train,no_tumor,notumor,Training/notumor/Tr-no_1352.jpg,ea628671e699830e92781223595c2a4b,469,470
data\binary\train\tumor\glioma_Tr-gl_66.jpg,train,tumor,glioma,Training/glioma/Tr-gl_66.jpg,519675fda27bffdd7348b9b3bdf4eaac,512,512
data\binary\train\tumor\meningioma_Tr-me_748.jpg,train,tumor,meningioma,Training/meningioma/Tr-me_748.jpg,990282f3319002755dbe17db562ec545,512,512
data\binary\train\tumor\meningioma_Tr-me_1021.jpg,train,tumor,meningioma,Training/meningioma/Tr-me_1021.jpg,dc0219429e1b82a9c1d46dbfeba360a7,512,512
data\binary\train\tumor\glioma_Tr-gl_214.jpg,train,tumor,glioma,Training/glioma/Tr-gl_214.jpg,c0c91ee4d826ba681ed096c843281746,512,512
data\binary\train\tumor\meningioma_Tr-aug-me_58.jpg,train,tumor,meningioma,Training/meningioma/Tr-aug-me_58.jpg,40eed558d42873ea125b3f25430761f6,512,512
data\binary\train\no_tumor\notumor_Tr-no_1379.jpg,train,no_tumor,notumor,Training/notumor/Tr-no_1379.jpg,3c6fa0ae2ede310bc6dc2dd7a6fbbaa3,442,442
data\binary\train\tumor\glioma_Tr-gl_235.jpg,train,tumor,glioma,Training/glioma/Tr-gl_235.jpg,e599f689b8b9f9c0f80d9d59362bda9d,512,512
data\binary\train\tumor\glioma_Tr-gl_362.jpg,train,tumor,glioma,Training/glioma/Tr-gl_362.jpg,22aaf89cfb869c55b3b8d57962668082,512,512
data\binary\train\tumor\glioma_Tr-gl_1236.jpg,train,tumor,glioma,Training/glioma/Tr-gl_1236.jpg,2f5af1082ec513b990154be6c0b90f09,512,512
data\binary\train\tumor\pituitary_Tr-pi_494.jpg,train,tumor,pituitary,Training/pituitary/Tr-pi_494.jpg,17582a9c70339732adcc66e31f082007,512,512
data\binary\train\tumor\glioma_Tr-gl_1165.jpg,train,tumor,glioma,Training/glioma/Tr-gl_1165.jpg,53362d2e942dc084bf9b237cdfd52a12,512,512
data\binary\train\tumor\meningioma_Tr-me_1115.jpg,train,tumor,meningioma,Training/meningioma/Tr-me_1115.jpg,6351892a3ea0134637c87ed4e2bd9019,512,512
data\binary\train\tumor\glioma_Tr-gl_282.jpg,train,tumor,glioma,Training/glioma/Tr-gl_282.jpg,773fafb4b069ecffa9069ad454c1b742,512,512
data\binary\train\no_tumor\notumor_Tr-no_751.jpg,train,no_tumor,notumor,Training/notumor/Tr-no_751.jpg,02e13b0f5d022f8b668a098e355a2687,225,225
data\binary\train\tumor\pituitary_Tr-pi_211.jpg,train,tumor,pituitary,Training/pituitary/Tr-pi_211.jpg,28d97a80494c388966a0fc9c8ffdb666,512,512
data\binary\train\tumor\meningioma_Tr-me_193.jpg,train,tumor,meningioma,Training/meningioma/Tr-me_193.jpg,6ebfcde896493722e60b9a3fadfacec7,512,512
data\binary\train\no_tumor\notumor_Tr-no_674.jpg,train,no_tumor,notumor,Training/notumor/Tr-no_674.jpg,78a16b2244a7587f8c1a587fae16947c,211,236
data\binary\train\tumor\pituitary_Tr-pi_229.jpg,train,tumor,pituitary,Training/pituitary/Tr-pi_229.jpg,019f8b7d5a0d418509399b63588743cc,512,512
data\binary\train\no_tumor\notumor_Tr-no_221.jpg,train,no_tumor,notumor,Training/notumor/Tr-no_221.jpg,7dad64ff79ea664162f6b10b5584ec23,192,192
data\binary\train\no_tumor\notumor_Tr-no_1107.jpg,train,no_tumor,notumor,Training/notumor/Tr-no_1107.jpg,585fe0be51a4eef4d38835e517a36cb4,225,225
data\binary\train\tumor\meningioma_Tr-me_563.jpg,train,tumor,meningioma,Training/meningioma/Tr-me_563.jpg,69c72a3c6041a103439c3415ff44332e,512,512
data\binary\train\tumor\pituitary_Tr-pi_379.jpg,train,tumor,pituitary,Training/pituitary/Tr-pi_379.jpg,ef85b5d097e17f37e09b1e25121137c3,512,512
data\binary\train\tumor\glioma_Tr-gl_207.jpg,train,tumor,glioma,Training/glioma/Tr-gl_207.jpg,67c16c59a9691ee4ac1f6b4692da3923,512,512
data\binary\train\tumor\meningioma_Tr-me_1167.jpg,train,tumor,meningioma,Training/meningioma/Tr-me_1167.jpg,fe6ed82efbad103cfc9546382c19aecf,512,512
data\binary\train\tumor\pituitary_Tr-pi_831.jpg,train,tumor,pituitary,Training/pituitary/Tr-pi_831.jpg,13cbf81f165a0e7a3eb9096e714a6a5a,512,512
data\binary\train\tumor\pituitary_Tr-pi_375.jpg,train,tumor,pituitary,Training/pituitary/Tr-pi_375.jpg,cbbf25ac6042f4f848969656a3c5803d,512,512
data\binary\train\no_tumor\notumor_Tr-no_1030.jpg,train,no_tumor,notumor,Training/notumor/Tr-no_1030.jpg,15f6225571bbb8e004ee127785a8753b,192,192
data\binary\train\tumor\meningioma_Tr-me_590.jpg,train,tumor,meningioma,Training/meningioma/Tr-me_590.jpg,d33e4f125e16d25770c269a1323c2c9a,512,512
data\binary\train\tumor\pituitary_Tr-pi_1377.jpg,train,tumor,pituitary,Training/pituitary/Tr-pi_1377.jpg,c7d39d4805b2e23b3ffb727ab6c4db2c,512,512
data\binary\train\tumor\meningioma_Tr-me_358.jpg,train,tumor,meningioma,Training/meningioma/Tr-me_358.jpg,cdb47cbee8f10a287b282bbc38256ddd,512,512
data\binary\train\no_tumor\notumor_Tr-no_361.jpg,train,no_tumor,notumor,Training/notumor/Tr-no_361.jpg,5eceadf1ea6f5a1062a254fbbe12e7bf,201,250
data\binary\train\tumor\glioma_Tr-gl_1049.jpg,train,tumor,glioma,Training/glioma/Tr-gl_1049.jpg,83ee3739cf0f6559983df2cc258fbae1,512,512
data\binary\train\tumor\pituitary_Tr-pi_418.jpg,train,tumor,pituitary,Training/pituitary/Tr-pi_418.jpg,5ea663c809f0193588cb8bc5e2f2c81f,256,256
data\binary\train\tumor\glioma_Tr-gl_484.jpg,train,tumor,glioma,Training/glioma/Tr-gl_484.jpg,fbba47cf4459658808fd36afb448380b,512,512
data\binary\train\no_tumor\notumor_Tr-no_929.jpg,train,no_tumor,notumor,Training/notumor/Tr-no_929.jpg,13eb4bf5389ec13e29c6372e3d22e532,235,214
data\binary\train\tumor\pituitary_Tr-pi_310.jpg,train,tumor,pituitary,Training/pituitary/Tr-pi_310.jpg,41b8bb61c2baebe51589854e4ac42cc5,512,512
data\binary\train\tumor\glioma_Tr-gl_1246.jpg,train,tumor,glioma,Training/glioma/Tr-gl_1246.jpg,9819c45a67c3817ef643366244333807,512,512
data\binary\train\tumor\glioma_Tr-gl_739.jpg,train,tumor,glioma,Training/glioma/Tr-gl_739.jpg,b68d74631eccb114f0408916252aba95,512,512
data\binary\train\tumor\pituitary_Tr-pi_796.jpg,train,tumor,pituitary,Training/pituitary/Tr-pi_796.jpg,bda63f39918e749234aceee549f87435,512,512
data\binary\train\no_tumor\notumor_Tr-no_559.jpg,train,no_tumor,notumor,Training/notumor/Tr-no_559.jpg,79ee916b7b7037c4e54832658aa2848a,220,275
data\binary\train\no_tumor\notumor_Tr-no_1220.jpg,train,no_tumor,notumor,Training/notumor/Tr-no_1220.jpg,58341d7b706551bec1c5dcdc0abd17ef,201,251
data\binary\train\tumor\glioma_Tr-gl_748.jpg,train,tumor,glioma,Training/glioma/Tr-gl_748.jpg,9e4aaee7dd9354b7b7b79c2b2653fcf7,512,512
data\binary\train\tumor\pituitary_Tr-pi_1018.jpg,train,tumor,pituitary,Training/pituitary/Tr-pi_1018.jpg,fcc6aecc4f7d6bd323c9b105b46cb9e1,512,512
data\binary\train\tumor\meningioma_Tr-me_148.jpg,train,tumor,meningioma,Training/meningioma/Tr-me_148.jpg,3ae6747a1d67fc13b1d4170a0508e1ca,512,512
data\binary\train\tumor\pituitary_Tr-pi_861.jpg,train,tumor,pituitary,Training/pituitary/Tr-pi_861.jpg,5fdbd7b721aeeccad778cfe3e6cf0ed6,512,512
data\binary\train\tumor\glioma_Tr-gl_1353.jpg,train,tumor,glioma,Training/glioma/Tr-gl_1353.jpg,1f1023b7d2d35070e8e37ffa9fa16292,512,512
data\binary\train\tumor\meningioma_Tr-me_1243.jpg,train,tumor,meningioma,Training/meningioma/Tr-me_1243.jpg,0f7f49277e273e708f04b120c2f55e5f,512,512
data\binary\train\no_tumor\notumor_Tr-no_651.jpg,train,no_tumor,notumor,Training/notumor/Tr-no_651.jpg,3d66879294e0b28c19096c358c240005,428,417
data\binary\train\tumor\meningioma_Tr-me_1035.jpg,train,tumor,meningioma,Training/meningioma/Tr-me_1035.jpg,d1a1137f23b47f98b5781761d833950a,512,512
data\binary\train\tumor\pituitary_Tr-pi_241.jpg,train,tumor,pituitary,Training/pituitary/Tr-pi_241.jpg,e4b355d1b5aa026192fb62c7754bab31,512,512
data\binary\train\tumor\meningioma_Tr-aug-me_45.jpg,train,tumor,meningioma,Training/meningioma/Tr-aug-me_45.jpg,1173462577bbea685a6e0b988323f422,512,512
data\binary\train\tumor\pituitary_Tr-pi_1221.jpg,train,tumor,pituitary,Training/pituitary/Tr-pi_1221.jpg,30fe81c2268b8bbf2bd1bd72e156443b,512,512
data\binary\train\tumor\pituitary_Tr-pi_1342.jpg,train,tumor,pituitary,Training/pituitary/Tr-pi_1342.jpg,55a8c9d4ab5ff2bea1966f8b0357bb35,512,512
data\binary\train\tumor\pituitary_Tr-pi_128.jpg,train,tumor,pituitary,Training/pituitary/Tr-pi_128.jpg,19efcebf14eb04f272c9eed748979229,512,512
data\binary\train\tumor\pituitary_Tr-pi_356.jpg,train,tumor,pituitary,Training/pituitary/Tr-pi_356.jpg,dcd64c030193c4b3a8a69460e4906807,892,826
data\binary\train\tumor\meningioma_Tr-me_1176.jpg,train,tumor,meningioma,Training/meningioma/Tr-me_1176.jpg,ae206dd193f877e74b1c66e816950269,512,512
data\binary\train\no_tumor\notumor_Tr-no_646.jpg,train,no_tumor,notumor,Training/notumor/Tr-no_646.jpg,5826164f1f398f6e589578ac72816c91,441,442
data\binary\train\no_tumor\notumor_Tr-no_769.jpg,train,no_tumor,notumor,Training/notumor/Tr-no_769.jpg,5d3ffa28223623209af7426300a37c35,201,251
data\binary\train\tumor\glioma_Tr-gl_1194.jpg,train,tumor,glioma,Training/glioma/Tr-gl_1194.jpg,aad2b6a1ff1e602a0c889cc1099c50ea,512,512
data\binary\train\no_tumor\notumor_Tr-no_159.jpg,train,no_tumor,notumor,Training/notumor/Tr-no_159.jpg,793e29fa0d0944c1742c86e1a7bc877a,630,630
data\binary\train\tumor\pituitary_Tr-pi_224.jpg,train,tumor,pituitary,Training/pituitary/Tr-pi_224.jpg,b64a5693635080e5ed21bea423198bfc,512,512
data\binary\train\tumor\glioma_Tr-gl_617.jpg,train,tumor,glioma,Training/glioma/Tr-gl_617.jpg,7d4bbcafb76fa13873753a131de4f0f4,512,512
data\binary\train\tumor\meningioma_Tr-me_322.jpg,train,tumor,meningioma,Training/meningioma/Tr-me_322.jpg,b8c51b91970ce46d239374a771734e06,512,512
data\binary\train\tumor\glioma_Tr-gl_1007.jpg,train,tumor,glioma,Training/glioma/Tr-gl_1007.jpg,ee57cec0673539f2215dc16a4fbd2109,512,512
data\binary\train\tumor\pituitary_Tr-pi_711.jpg,train,tumor,pituitary,Training/pituitary/Tr-pi_711.jpg,d9ae384bfdb1572a0e8c0b152d765054,512,512
data\binary\train\tumor\meningioma_Tr-me_180.jpg,train,tumor,meningioma,Training/meningioma/Tr-me_180.jpg,a54bc4f4a9457297c7632aa416061a78,512,512
data\binary\train\tumor\glioma_Tr-gl_721.jpg,train,tumor,glioma,Training/glioma/Tr-gl_721.jpg,8fc35082e01f14c577eb68f3336b4ec8,512,512
data\binary\train\tumor\glioma_Tr-gl_537.jpg,train,tumor,glioma,Training/glioma/Tr-gl_537.jpg,5dc31bf4935e0593ebd4831ce1bbf9ea,512,512
data\binary\train\tumor\glioma_Tr-gl_1075.jpg,train,tumor,glioma,Training/glioma/Tr-gl_1075.jpg,a28023be64c910f4cb2e92bbbdcde6ee,512,512
data\binary\train\tumor\pituitary_Tr-pi_805.jpg,train,tumor,pituitary,Training/pituitary/Tr-pi_805.jpg,37f42c6a8b3782e3fe33c00e570ad7fe,442,442
data\binary\train\tumor\pituitary_Tr-pi_1253.jpg,train,tumor,pituitary,Training/pituitary/Tr-pi_1253.jpg,79c133f966313498cd57b4c9fef24400,512,512
data\binary\train\tumor\meningioma_Tr-me_418.jpg,train,tumor,meningioma,Training/meningioma/Tr-me_418.jpg,3fd949d938fda00b0701ee3b6fdf7e2f,512,512
data\binary\train\tumor\glioma_Tr-gl_402.jpg,train,tumor,glioma,Training/glioma/Tr-gl_402.jpg,2df273e036d3cfceb3d32d4673d22eda,512,512
data\binary\train\tumor\pituitary_Tr-pi_190.jpg,train,tumor,pituitary,Training/pituitary/Tr-pi_190.jpg,8c03f4a6096e16d6ece59b10ae822f69,512,512
data\binary\train\tumor\glioma_Tr-gl_185.jpg,train,tumor,glioma,Training/glioma/Tr-gl_185.jpg,5fbf9a806629309fb97e380f4ad15dc8,512,512
data\binary\train\no_tumor\notumor_Tr-no_421.jpg,train,no_tumor,notumor,Training/notumor/Tr-no_421.jpg,4a22015417b3ab93cd89679e4fa22129,1000,583
data\binary\train\no_tumor\notumor_Tr-no_985.jpg,train,no_tumor,notumor,Training/notumor/Tr-no_985.jpg,826a11ea67b9ff6782afc3b610256590,393,400
data\binary\train\tumor\meningioma_Tr-me_292.jpg,train,tumor,meningioma,Training/meningioma/Tr-me_292.jpg,4935dd0aca511f399478100817666760,512,512
data\binary\train\tumor\glioma_Tr-gl_608.jpg,train,tumor,glioma,Training/glioma/Tr-gl_608.jpg,e06f8340ddfabefd009181700ff687e5,512,512
data\binary\train\tumor\glioma_Tr-gl_1269.jpg,train,tumor,glioma,Training/glioma/Tr-gl_1269.jpg,45d41eed9746d4599955e870b9695bfe,512,512
data\binary\train\no_tumor\notumor_Tr-no_403.jpg,train,no_tumor,notumor,Training/notumor/Tr-no_403.jpg,598f17c0ec4018ec17c037a6406f4945,201,251
data\binary\train\tumor\glioma_Tr-gl_944.jpg,train,tumor,glioma,Training/glioma/Tr-gl_944.jpg,4ae210298624ce4c732f60b40cd69dfe,512,512
data\binary\train\tumor\glioma_Tr-gl_623.jpg,train,tumor,glioma,Training/glioma/Tr-gl_623.jpg,260f3d404a72dfbeb7730303cae923d5,512,512
data\binary\train\tumor\meningioma_Tr-me_297.jpg,train,tumor,meningioma,Training/meningioma/Tr-me_297.jpg,14c343d6c9b06b1e4dc056b7c4eff3aa,512,512
data\binary\train\tumor\pituitary_Tr-pi_238.jpg,train,tumor,pituitary,Training/pituitary/Tr-pi_238.jpg,08f1f75d6c09526fb7ab6f28eb01fa3b,512,512
data\binary\train\tumor\meningioma_Tr-me_410.jpg,train,tumor,meningioma,Training/meningioma/Tr-me_410.jpg,9bddc55489570d45923469f3ac6ff0af,512,512
data\binary\train\tumor\glioma_Tr-gl_1302.jpg,train,tumor,glioma,Training/glioma/Tr-gl_1302.jpg,d752643ab3521b6db2f56bd94833219f,512,512
data\binary\train\tumor\pituitary_Tr-pi_487.jpg,train,tumor,pituitary,Training/pituitary/Tr-pi_487.jpg,019d2a69c9d5e8a7d0a6fc86b298a7c2,512,512
data\binary\train\tumor\meningioma_Tr-me_1062.jpg,train,tumor,meningioma,Training/meningioma/Tr-me_1062.jpg,ab6884104ec3a6d28113fc3e5f2bb093,512,512
data\binary\train\tumor\pituitary_Tr-pi_769.jpg,train,tumor,pituitary,Training/pituitary/Tr-pi_769.jpg,944c111be73e69d19988687eece9871b,512,512
data\binary\train\tumor\pituitary_Tr-pi_635.jpg,train,tumor,pituitary,Training/pituitary/Tr-pi_635.jpg,8cda4284dd7e3f6ccfbd4c798f015c65,512,512
data\binary\train\no_tumor\notumor_Tr-no_266.jpg,train,no_tumor,notumor,Training/notumor/Tr-no_266.jpg,ddc078bd915180ad86e3f60c2e57ebc3,550,664
data\binary\train\tumor\meningioma_Tr-me_938.jpg,train,tumor,meningioma,Training/meningioma/Tr-me_938.jpg,16c920c022d84e8f7e815899c21cb177,512,512
data\binary\train\tumor\pituitary_Tr-pi_1073.jpg,train,tumor,pituitary,Training/pituitary/Tr-pi_1073.jpg,08422ec00b1f2e307ef241a22759b882,512,512
data\binary\train\no_tumor\notumor_Tr-no_845.jpg,train,no_tumor,notumor,Training/notumor/Tr-no_845.jpg,2a2e517ae7d77b877d6457e2aa08cd23,228,221
data\binary\train\no_tumor\notumor_Tr-no_593.jpg,train,no_tumor,notumor,Training/notumor/Tr-no_593.jpg,65156eae12296be47330549eb8593d81,208,242
data\binary\train\no_tumor\notumor_Tr-no_1295.jpg,train,no_tumor,notumor,Training/notumor/Tr-no_1295.jpg,389129c317bcb056247e61ed58b5a3de,236,262
data\binary\train\tumor\meningioma_Tr-me_962.jpg,train,tumor,meningioma,Training/meningioma/Tr-me_962.jpg,7fc7196619f304d6fd8586f417fff313,257,307
data\binary\train\tumor\meningioma_Tr-me_1276.jpg,train,tumor,meningioma,Training/meningioma/Tr-me_1276.jpg,4c539d0afe4a6c434b96578581ada8b4,512,512
data\binary\train\tumor\pituitary_Tr-pi_1380.jpg,train,tumor,pituitary,Training/pituitary/Tr-pi_1380.jpg,ea8bd10492e003137e816400c2aeceb1,512,512
data\binary\train\no_tumor\notumor_Tr-no_138.jpg,train,no_tumor,notumor,Training/notumor/Tr-no_138.jpg,e8987ab719f704faf79a88816c763226,442,442
data\binary\train\tumor\glioma_Tr-gl_9.jpg,train,tumor,glioma,Training/glioma/Tr-gl_9.jpg,2c2d9f19bc9e3713411d9cd788be4b5e,512,512
data\binary\train\tumor\glioma_Tr-gl_127.jpg,train,tumor,glioma,Training/glioma/Tr-gl_127.jpg,639f2e91a4420469392a9e1628336d2d,512,512
data\binary\train\tumor\meningioma_Tr-me_617.jpg,train,tumor,meningioma,Training/meningioma/Tr-me_617.jpg,807a44ed99fb02a8777251e4e9eb440f,512,512
data\binary\train\no_tumor\notumor_Tr-no_1340.jpg,train,no_tumor,notumor,Training/notumor/Tr-no_1340.jpg,38dada77f12b1d738f241f921a2f2a41,428,417
data\binary\train\tumor\pituitary_Tr-pi_111.jpg,train,tumor,pituitary,Training/pituitary/Tr-pi_111.jpg,226a75f6fb8ad4f566f1e99f54782e2e,512,512
data\binary\train\tumor\glioma_Tr-gl_695.jpg,train,tumor,glioma,Training/glioma/Tr-gl_695.jpg,dd4e329c8e317ae22be23f255ad9999f,512,512
data\binary\train\tumor\pituitary_Tr-pi_170.jpg,train,tumor,pituitary,Training/pituitary/Tr-pi_170.jpg,75081f84a810a1b211dc0042cf625184,512,512
data\binary\train\tumor\pituitary_Tr-pi_1078.jpg,train,tumor,pituitary,Training/pituitary/Tr-pi_1078.jpg,32d42634374d508e6a75c8db14bedc91,512,512
data\binary\train\tumor\pituitary_Tr-pi_670.jpg,train,tumor,pituitary,Training/pituitary/Tr-pi_670.jpg,102d7ac3f4dd10c1593ee770a1bc36d8,512,512
data\binary\train\tumor\meningioma_Tr-me_493.jpg,train,tumor,meningioma,Training/meningioma/Tr-me_493.jpg,427ea7594b4f78c20681f580a33694d1,512,512
data\binary\train\tumor\meningioma_Tr-me_185.jpg,train,tumor,meningioma,Training/meningioma/Tr-me_185.jpg,dec9dbdf02f56e0bc68a277f3a4eb80e,512,512
data\binary\train\no_tumor\notumor_Tr-no_700.jpg,train,no_tumor,notumor,Training/notumor/Tr-no_700.jpg,7b87a432aa0fd085c8175861d59926c3,236,236
data\binary\train\tumor\meningioma_Tr-me_578.jpg,train,tumor,meningioma,Training/meningioma/Tr-me_578.jpg,559063c923e6b23869e9399cf9f9eee9,512,512
data\binary\train\no_tumor\notumor_Tr-no_1014.jpg,train,no_tumor,notumor,Training/notumor/Tr-no_1014.jpg,4b573cbf2a8eeda2cd565d18b85c11c4,215,234
data\binary\train\tumor\glioma_Tr-gl_332.jpg,train,tumor,glioma,Training/glioma/Tr-gl_332.jpg,d345d379fcec655263e5a9d604e33bdb,512,512
data\binary\train\tumor\glioma_Tr-gl_909.jpg,train,tumor,glioma,Training/glioma/Tr-gl_909.jpg,85a8ec29081b8479c141a13523766797,512,512
data\binary\train\tumor\pituitary_Tr-pi_647.jpg,train,tumor,pituitary,Training/pituitary/Tr-pi_647.jpg,393c107f547e23169c1337d539c63b32,512,512
data\binary\train\tumor\meningioma_Tr-me_19.jpg,train,tumor,meningioma,Training/meningioma/Tr-me_19.jpg,123493c6dc54b565bdf87f58bd4686a2,374,370
data\binary\train\tumor\glioma_Tr-gl_939.jpg,train,tumor,glioma,Training/glioma/Tr-gl_939.jpg,fd58c8e949bd6bbc286dcb2ad8978980,512,512
data\binary\train\tumor\glioma_Tr-gl_338.jpg,train,tumor,glioma,Training/glioma/Tr-gl_338.jpg,68c7757b1be076301e5b4dc943d13dc1,512,512
data\binary\train\tumor\meningioma_Tr-me_514.jpg,train,tumor,meningioma,Training/meningioma/Tr-me_514.jpg,4ccfe21e1627e7d30eb48dfe30985f98,512,512
data\binary\train\tumor\glioma_Tr-gl_1239.jpg,train,tumor,glioma,Training/glioma/Tr-gl_1239.jpg,8929596deaa5bbc5339455de832eeddd,512,512
data\binary\train\tumor\meningioma_Tr-me_207.jpg,train,tumor,meningioma,Training/meningioma/Tr-me_207.jpg,2c701900c34c70b607fde79b51c35bc1,512,512
data\binary\train\tumor\meningioma_Tr-me_327.jpg,train,tumor,meningioma,Training/meningioma/Tr-me_327.jpg,6c63f3df3fc0cd6164e99ee6f5775ef3,512,512
data\binary\train\tumor\pituitary_Tr-pi_1232.jpg,train,tumor,pituitary,Training/pituitary/Tr-pi_1232.jpg,6b4519bdc74b971c7fac33a82ca3de66,512,512
data\binary\train\no_tumor\notumor_Tr-no_759.jpg,train,no_tumor,notumor,Training/notumor/Tr-no_759.jpg,e569f721cc2aa764b0f04cb85793653d,225,225
data\binary\train\tumor\meningioma_Tr-aug-me_40.jpg,train,tumor,meningioma,Training/meningioma/Tr-aug-me_40.jpg,eb62e19bbfe9f7cfeb7896c87d899666,512,512
data\binary\train\tumor\glioma_Tr-gl_241.jpg,train,tumor,glioma,Training/glioma/Tr-gl_241.jpg,410d883e6015f22fbf8285edbfc2f838,512,512
data\binary\train\no_tumor\notumor_Tr-no_588.jpg,train,no_tumor,notumor,Training/notumor/Tr-no_588.jpg,9fd7bb93bb0e52f47db21ccdc091a9fc,218,231
data\binary\train\tumor\meningioma_Tr-me_885.jpg,train,tumor,meningioma,Training/meningioma/Tr-me_885.jpg,104b5c7e6b252b81830ab9235f42443a,512,512
data\binary\train\no_tumor\notumor_Tr-no_500.jpg,train,no_tumor,notumor,Training/notumor/Tr-no_500.jpg,2111debea64350099cb45d90c9954294,200,252
data\binary\train\tumor\pituitary_Tr-pi_222.jpg,train,tumor,pituitary,Training/pituitary/Tr-pi_222.jpg,76fd8379410e37ba526586cd1b29865e,512,512
data\binary\train\tumor\glioma_Tr-gl_1241.jpg,train,tumor,glioma,Training/glioma/Tr-gl_1241.jpg,9c509dce3fc9fba98267affc85a2bfc1,512,512
data\binary\train\tumor\glioma_Tr-gl_1023.jpg,train,tumor,glioma,Training/glioma/Tr-gl_1023.jpg,e0506c8d097328761030745e41fb7f21,512,512
data\binary\train\tumor\meningioma_Tr-me_1229.jpg,train,tumor,meningioma,Training/meningioma/Tr-me_1229.jpg,975a315552b9a376be0f2a94a8a1e6ae,512,512
data\binary\train\tumor\pituitary_Tr-pi_78.jpg,train,tumor,pituitary,Training/pituitary/Tr-pi_78.jpg,a066670ee401692cad80f534bc982768,512,512
data\binary\train\no_tumor\notumor_Tr-no_652.jpg,train,no_tumor,notumor,Training/notumor/Tr-no_652.jpg,28286f8d8f93a1d5f714e322f3a323dc,275,183
data\binary\train\tumor\pituitary_Tr-pi_1122.jpg,train,tumor,pituitary,Training/pituitary/Tr-pi_1122.jpg,45e8c308a42e1995239b2934f71bace3,1338,1304
data\binary\train\no_tumor\notumor_Tr-no_670.jpg,train,no_tumor,notumor,Training/notumor/Tr-no_670.jpg,503ecf3f3f5172bced6ec09580c6999e,225,218
data\binary\train\tumor\glioma_Tr-gl_564.jpg,train,tumor,glioma,Training/glioma/Tr-gl_564.jpg,3a0d34453927708a3f026b93df411204,512,512
data\binary\train\no_tumor\notumor_Tr-no_860.jpg,train,no_tumor,notumor,Training/notumor/Tr-no_860.jpg,25fa01729da98d55f447b7586fc3336b,230,282
data\binary\train\tumor\pituitary_Tr-pi_1317.jpg,train,tumor,pituitary,Training/pituitary/Tr-pi_1317.jpg,756b886693cd8e913d99156db8a34de4,512,512
data\binary\train\tumor\pituitary_Tr-pi_1372.jpg,train,tumor,pituitary,Training/pituitary/Tr-pi_1372.jpg,c1013a88f2a09f686e66c7d70396e34d,512,512
data\binary\train\tumor\glioma_Tr-gl_1267.jpg,train,tumor,glioma,Training/glioma/Tr-gl_1267.jpg,cac98190701c6d9424ab748a12f99cef,512,512
data\binary\train\tumor\pituitary_Tr-pi_1058.jpg,train,tumor,pituitary,Training/pituitary/Tr-pi_1058.jpg,f5e594cc2693e2688e2c38b841c108d2,512,512
data\binary\train\tumor\pituitary_Tr-pi_481.jpg,train,tumor,pituitary,Training/pituitary/Tr-pi_481.jpg,99428dddadf5cc9e88607fc72c517925,512,512
data\binary\train\tumor\pituitary_Tr-pi_880.jpg,train,tumor,pituitary,Training/pituitary/Tr-pi_880.jpg,6b4de1f7396b65d413de98d1436cfa53,512,512
data\binary\train\tumor\pituitary_Tr-pi_1301.jpg,train,tumor,pituitary,Training/pituitary/Tr-pi_1301.jpg,9fa15fe749ea5478e55410086a2314fb,512,512
data\binary\train\no_tumor\notumor_Tr-no_1186.jpg,train,no_tumor,notumor,Training/notumor/Tr-no_1186.jpg,c8d82716ca860a1dc3483555ce6be26d,236,203
data\binary\train\tumor\pituitary_Tr-pi_836.jpg,train,tumor,pituitary,Training/pituitary/Tr-pi_836.jpg,d611465d149d7fc4e672f4cebc8579bc,512,512
data\binary\train\tumor\glioma_Tr-gl_763.jpg,train,tumor,glioma,Training/glioma/Tr-gl_763.jpg,0ff5e4035be00123d3c41af5c5b62f7d,512,512
data\binary\train\tumor\pituitary_Tr-pi_1230.jpg,train,tumor,pituitary,Training/pituitary/Tr-pi_1230.jpg,d0d8381c98c8a1ab0a04c9312e91b49f,512,512
data\binary\train\tumor\glioma_Tr-gl_1294.jpg,train,tumor,glioma,Training/glioma/Tr-gl_1294.jpg,67f62118546b15292331ffc826a68709,512,512
data\binary\train\no_tumor\notumor_Tr-no_1009.jpg,train,no_tumor,notumor,Training/notumor/Tr-no_1009.jpg,e7287eae6840df66779bfc58c1271001,236,213
data\binary\train\tumor\glioma_Tr-gl_146.jpg,train,tumor,glioma,Training/glioma/Tr-gl_146.jpg,7ad7603f27e6bdf667c6ec1e4dabebcc,512,512
data\binary\train\no_tumor\notumor_Tr-no_65.jpg,train,no_tumor,notumor,Training/notumor/Tr-no_65.jpg,fd9fa76e5c842150fc8f2cef049615f7,232,217
data\binary\train\no_tumor\notumor_Tr-no_717.jpg,train,no_tumor,notumor,Training/notumor/Tr-no_717.jpg,4f28a2b3616278493eba7610efa300ca,225,225
data\binary\train\tumor\glioma_Tr-gl_78.jpg,train,tumor,glioma,Training/glioma/Tr-gl_78.jpg,e97a685853960e98735380116011e207,512,512
data\binary\train\tumor\glioma_Tr-gl_110.jpg,train,tumor,glioma,Training/glioma/Tr-gl_110.jpg,27b9289f930ee009fdfd0fae2ab7412a,512,512
data\binary\train\tumor\pituitary_Tr-pi_456.jpg,train,tumor,pituitary,Training/pituitary/Tr-pi_456.jpg,a3a0f319b1d9ed364063698f9ec4cc8b,512,512
data\binary\train\tumor\glioma_Tr-gl_187.jpg,train,tumor,glioma,Training/glioma/Tr-gl_187.jpg,fcfe18379e3bb34a26cfc667bf60bb6a,512,512
data\binary\train\no_tumor\notumor_Tr-no_1148.jpg,train,no_tumor,notumor,Training/notumor/Tr-no_1148.jpg,4ceee6f7d03d8681912af6196397b40f,236,231
data\binary\train\no_tumor\notumor_Tr-no_614.jpg,train,no_tumor,notumor,Training/notumor/Tr-no_614.jpg,f75f2a80d34787fdcc2ee44622f21460,400,442
data\binary\train\tumor\glioma_Tr-gl_915.jpg,train,tumor,glioma,Training/glioma/Tr-gl_915.jpg,634c5eef3911de38531339058583e404,512,512
data\binary\train\tumor\pituitary_Tr-pi_1099.jpg,train,tumor,pituitary,Training/pituitary/Tr-pi_1099.jpg,d1301bfaf1b4f4528b7b0d500ea151a8,512,512
data\binary\train\tumor\glioma_Tr-gl_201.jpg,train,tumor,glioma,Training/glioma/Tr-gl_201.jpg,44b0136a3c129e3acba3c8ab0ffcff05,512,512
data\binary\train\tumor\pituitary_Tr-pi_1177.jpg,train,tumor,pituitary,Training/pituitary/Tr-pi_1177.jpg,4a747b7ffdf0ade0b5d70e52263e8962,512,512
data\binary\train\tumor\glioma_Tr-gl_392.jpg,train,tumor,glioma,Training/glioma/Tr-gl_392.jpg,5c88435acf720ca6e2d4ac0e52eb4e99,512,512
data\binary\train\no_tumor\notumor_Tr-no_524.jpg,train,no_tumor,notumor,Training/notumor/Tr-no_524.jpg,7ab84ada9eeadbc4f93ae1afcf38628b,630,630
data\binary\train\tumor\meningioma_Tr-aug-me_88.jpg,train,tumor,meningioma,Training/meningioma/Tr-aug-me_88.jpg,08a62368caef7ab03da6a93776be3cf2,512,512
data\binary\train\tumor\pituitary_Tr-pi_1397.jpg,train,tumor,pituitary,Training/pituitary/Tr-pi_1397.jpg,7ca9d7836bf9bd9c6be7c67a5ef81a58,512,512
data\binary\train\tumor\pituitary_Tr-pi_132.jpg,train,tumor,pituitary,Training/pituitary/Tr-pi_132.jpg,690f2c41084c1b8727b1c51812153004,512,512
data\binary\train\tumor\glioma_Tr-gl_441.jpg,train,tumor,glioma,Training/glioma/Tr-gl_441.jpg,96bb3ce431a6728e3b36e403d945ca54,512,512
data\binary\train\tumor\pituitary_Tr-pi_1182.jpg,train,tumor,pituitary,Training/pituitary/Tr-pi_1182.jpg,e860206763706c534de4f6feb8b83f4b,512,512
data\binary\train\tumor\glioma_Tr-gl_914.jpg,train,tumor,glioma,Training/glioma/Tr-gl_914.jpg,fc352abf8db2945102b3f4e09d795375,512,512
data\binary\train\tumor\meningioma_Tr-me_249.jpg,train,tumor,meningioma,Training/meningioma/Tr-me_249.jpg,4f68219a772e5162b4bfd050a655557e,512,512
data\binary\train\tumor\glioma_Tr-gl_532.jpg,train,tumor,glioma,Training/glioma/Tr-gl_532.jpg,c3fd836a2f7d5472bf5f05714bdfc5bc,512,512
data\binary\train\tumor\pituitary_Tr-pi_687.jpg,train,tumor,pituitary,Training/pituitary/Tr-pi_687.jpg,507dd96d0f7d29d94ebd11cdc850fa14,512,512
data\binary\train\tumor\pituitary_Tr-pi_460.jpg,train,tumor,pituitary,Training/pituitary/Tr-pi_460.jpg,28944eef43b770e024233f887eb22cdd,512,512
data\binary\train\tumor\meningioma_Tr-me_1045.jpg,train,tumor,meningioma,Training/meningioma/Tr-me_1045.jpg,78f3b5b509a45c6aa237d98f88d9d0e5,512,512
data\binary\train\tumor\pituitary_Tr-pi_703.jpg,train,tumor,pituitary,Training/pituitary/Tr-pi_703.jpg,460cd7cc6eae31089f93944616f7a313,512,512
data\binary\train\tumor\glioma_Tr-gl_355.jpg,train,tumor,glioma,Training/glioma/Tr-gl_355.jpg,689d6670508891f31fab3749cc07becb,512,512
data\binary\train\tumor\glioma_Tr-gl_786.jpg,train,tumor,glioma,Training/glioma/Tr-gl_786.jpg,7e73b54c99ab247838a4aa04665bd666,512,512
data\binary\train\tumor\glioma_Tr-gl_699.jpg,train,tumor,glioma,Training/glioma/Tr-gl_699.jpg,3f792368ccbbe6efba94412408127b53,512,512
data\binary\train\tumor\pituitary_Tr-pi_1158.jpg,train,tumor,pituitary,Training/pituitary/Tr-pi_1158.jpg,985b6372b2edc0ad424d8b92abb35d5e,512,512
data\binary\train\tumor\glioma_Tr-gl_686.jpg,train,tumor,glioma,Training/glioma/Tr-gl_686.jpg,b0046a0582bb23eee9392157aec56043,512,512
data\binary\train\tumor\glioma_Tr-gl_1171.jpg,train,tumor,glioma,Training/glioma/Tr-gl_1171.jpg,368f8d430e06ebd2f03552efd0dc1bd0,512,512
data\binary\train\tumor\meningioma_Tr-me_177.jpg,train,tumor,meningioma,Training/meningioma/Tr-me_177.jpg,247bc19b5d32c380075fc8d91ac065c3,512,512
data\binary\train\tumor\glioma_Tr-gl_844.jpg,train,tumor,glioma,Training/glioma/Tr-gl_844.jpg,e6a855033b5d8d5f32159d08822aed64,512,512
data\binary\train\tumor\pituitary_Tr-pi_1371.jpg,train,tumor,pituitary,Training/pituitary/Tr-pi_1371.jpg,845bb4a5b6733aa19eac560bc40d1c58,512,512
data\binary\train\tumor\meningioma_Tr-me_539.jpg,train,tumor,meningioma,Training/meningioma/Tr-me_539.jpg,7932295ffecc186322c4a550e944e7cb,512,512
data\binary\train\tumor\pituitary_Tr-pi_704.jpg,train,tumor,pituitary,Training/pituitary/Tr-pi_704.jpg,1e3d2482b7c7a17cdd6b3cc9b8a31f5e,512,512
data\binary\train\tumor\glioma_Tr-gl_531.jpg,train,tumor,glioma,Training/glioma/Tr-gl_531.jpg,160cd905d76540d903678fdfb84c44da,512,512
data\binary\train\tumor\meningioma_Tr-me_1100.jpg,train,tumor,meningioma,Training/meningioma/Tr-me_1100.jpg,c092ae4d98d2a920176bb0aa94d446ed,512,512
data\binary\train\tumor\meningioma_Tr-me_502.jpg,train,tumor,meningioma,Training/meningioma/Tr-me_502.jpg,4c175d53eaa7185eedff9d3c8a07288d,512,512
data\binary\train\tumor\pituitary_Tr-pi_645.jpg,train,tumor,pituitary,Training/pituitary/Tr-pi_645.jpg,3ba4caae4ad9cba6d47b549420a55c5d,512,512
data\binary\train\no_tumor\notumor_Tr-no_272.jpg,train,no_tumor,notumor,Training/notumor/Tr-no_272.jpg,907881bec98d901fc8f380b625dc19c1,630,630
data\binary\train\no_tumor\notumor_Tr-no_597.jpg,train,no_tumor,notumor,Training/notumor/Tr-no_597.jpg,3863dcfcc5b7c4da5fe25b73e0548b6b,201,251
data\binary\train\tumor\pituitary_Tr-pi_1007.jpg,train,tumor,pituitary,Training/pituitary/Tr-pi_1007.jpg,aeb6c1f98c9bc1578ed5520647dbcabe,512,512
data\binary\train\tumor\pituitary_Tr-pi_340.jpg,train,tumor,pituitary,Training/pituitary/Tr-pi_340.jpg,60dde3d20f9b07c2c6fe34d7d84e35df,512,512
data\binary\train\tumor\pituitary_Tr-pi_226.jpg,train,tumor,pituitary,Training/pituitary/Tr-pi_226.jpg,7cc0af4852da3d91e60e133c93218520,512,512
data\binary\train\tumor\glioma_Tr-gl_694.jpg,train,tumor,glioma,Training/glioma/Tr-gl_694.jpg,6ee9a4ede9268d3458c907efee136fb9,512,512
data\binary\train\tumor\meningioma_Tr-me_1022.jpg,train,tumor,meningioma,Training/meningioma/Tr-me_1022.jpg,d1dedfec37b77e1292e1c68454f4d89b,512,512
data\binary\train\tumor\meningioma_Tr-me_762.jpg,train,tumor,meningioma,Training/meningioma/Tr-me_762.jpg,1e48e28ea7a4a1673f5708ac62c9a14d,512,512
data\binary\train\no_tumor\notumor_Tr-no_1037.jpg,train,no_tumor,notumor,Training/notumor/Tr-no_1037.jpg,698bb7e1c7ce013dcf9a4892ef4e5f00,225,225
data\binary\train\tumor\meningioma_Tr-me_404.jpg,train,tumor,meningioma,Training/meningioma/Tr-me_404.jpg,12749ee3aa08e216a88d7ed4490abed8,305,337
data\binary\train\tumor\meningioma_Tr-me_435.jpg,train,tumor,meningioma,Training/meningioma/Tr-me_435.jpg,6b39b6aa2d6e460562133c16bc3f6499,512,512
data\binary\train\tumor\pituitary_Tr-pi_736.jpg,train,tumor,pituitary,Training/pituitary/Tr-pi_736.jpg,e260558f049702cb5c62bcd22c1a4098,512,512
data\binary\train\tumor\pituitary_Tr-pi_98.jpg,train,tumor,pituitary,Training/pituitary/Tr-pi_98.jpg,820a5e9ba10d0bf0d1c3046c1f4bdcd3,512,512
data\binary\train\tumor\pituitary_Tr-pi_24.jpg,train,tumor,pituitary,Training/pituitary/Tr-pi_24.jpg,4e40529acd13ce706ffe973191986ca9,512,512
data\binary\train\tumor\glioma_Tr-gl_1231.jpg,train,tumor,glioma,Training/glioma/Tr-gl_1231.jpg,807f61382121e1fcb33f6fc0675fa3f0,512,512
data\binary\train\no_tumor\notumor_Tr-no_437.jpg,train,no_tumor,notumor,Training/notumor/Tr-no_437.jpg,17c6323f64cbbeee0e690ea0126ee96a,227,262
data\binary\train\tumor\glioma_Tr-gl_675.jpg,train,tumor,glioma,Training/glioma/Tr-gl_675.jpg,8613aba074a6c366c4a02d0c6c08a23b,512,512
data\binary\train\tumor\glioma_Tr-gl_611.jpg,train,tumor,glioma,Training/glioma/Tr-gl_611.jpg,49a2651c714689be7f32e777e399783e,512,512
data\binary\train\no_tumor\notumor_Tr-no_61.jpg,train,no_tumor,notumor,Training/notumor/Tr-no_61.jpg,85eb1d4246b6f1a539a7c0aa8ff49126,206,244
data\binary\train\no_tumor\notumor_Tr-no_950.jpg,train,no_tumor,notumor,Training/notumor/Tr-no_950.jpg,45bd7de04f46ba4899075a5a0cde8c10,225,225
data\binary\train\no_tumor\notumor_Tr-no_425.jpg,train,no_tumor,notumor,Training/notumor/Tr-no_425.jpg,2c0226c30c2f797d09ded7eb4fbc4428,227,222
data\binary\train\no_tumor\notumor_Tr-no_1052.jpg,train,no_tumor,notumor,Training/notumor/Tr-no_1052.jpg,f5d1e179b70c7b29ddaaf48bacc6a370,428,417
data\binary\train\no_tumor\notumor_Tr-no_604.jpg,train,no_tumor,notumor,Training/notumor/Tr-no_604.jpg,503df22ee5f105839f5bb8b19f38b0eb,225,225
data\binary\train\tumor\meningioma_Tr-me_1011.jpg,train,tumor,meningioma,Training/meningioma/Tr-me_1011.jpg,22af5235bfa7f51d738b13487eab1e53,512,512
data\binary\train\tumor\glioma_Tr-gl_635.jpg,train,tumor,glioma,Training/glioma/Tr-gl_635.jpg,dc09c45f9f2fe668446698d02070409e,512,512
data\binary\train\tumor\meningioma_Tr-me_802.jpg,train,tumor,meningioma,Training/meningioma/Tr-me_802.jpg,ad46ad6ea42ddb652d4b45cf3fac13a7,512,512
data\binary\train\tumor\meningioma_Tr-me_662.jpg,train,tumor,meningioma,Training/meningioma/Tr-me_662.jpg,db7b0d4c4f11a3ba40e41447a5184004,512,512
data\binary\train\tumor\pituitary_Tr-pi_1277.jpg,train,tumor,pituitary,Training/pituitary/Tr-pi_1277.jpg,f20215c3b606e9927fb360bfb731bdda,512,512
data\binary\train\tumor\meningioma_Tr-me_337.jpg,train,tumor,meningioma,Training/meningioma/Tr-me_337.jpg,7a9a625c6e969a39946ac44cb19098b0,512,512
data\binary\train\tumor\meningioma_Tr-aug-me_50.jpg,train,tumor,meningioma,Training/meningioma/Tr-aug-me_50.jpg,fad127109cbcf4e4e8af70f142117eec,512,512
data\binary\train\tumor\meningioma_Tr-me_485.jpg,train,tumor,meningioma,Training/meningioma/Tr-me_485.jpg,46042aa0e2953115d37b07ae07bc803b,512,512
data\binary\train\tumor\meningioma_Tr-me_205.jpg,train,tumor,meningioma,Training/meningioma/Tr-me_205.jpg,da3c601dae40626a6b2ea828539814d8,338,345
data\binary\train\tumor\glioma_Tr-gl_1235.jpg,train,tumor,glioma,Training/glioma/Tr-gl_1235.jpg,09b8cabc5358f78de59673158d63b221,512,512
data\binary\train\tumor\pituitary_Tr-pi_290.jpg,train,tumor,pituitary,Training/pituitary/Tr-pi_290.jpg,a83d3097a6399fca02f5b0549128698f,512,512
data\binary\train\tumor\pituitary_Tr-pi_618.jpg,train,tumor,pituitary,Training/pituitary/Tr-pi_618.jpg,f0202c6c3fa0e0680b86b85df96d3863,512,512
data\binary\train\tumor\meningioma_Tr-me_1270.jpg,train,tumor,meningioma,Training/meningioma/Tr-me_1270.jpg,d253e5202f6636ec8c1ad0c6de93df9e,512,512
data\binary\train\tumor\meningioma_Tr-me_338.jpg,train,tumor,meningioma,Training/meningioma/Tr-me_338.jpg,359ed93a98bc2e779b7b7b586f50d9f5,512,512
data\binary\train\tumor\meningioma_Tr-me_491.jpg,train,tumor,meningioma,Training/meningioma/Tr-me_491.jpg,fa0209cf9eb0c349cc768e1d3e822018,512,512
data\binary\train\tumor\meningioma_Tr-me_1141.jpg,train,tumor,meningioma,Training/meningioma/Tr-me_1141.jpg,bc6c9b56f9f33272a14e3608816262e8,512,512
data\binary\train\tumor\pituitary_Tr-pi_828.jpg,train,tumor,pituitary,Training/pituitary/Tr-pi_828.jpg,5ba9cff853a5b46199796e4bc784df8f,512,512
data\binary\train\no_tumor\notumor_Tr-no_229.jpg,train,no_tumor,notumor,Training/notumor/Tr-no_229.jpg,57aa1991a67eecbf6bd508031304c28d,236,213
data\binary\train\tumor\meningioma_Tr-me_845.jpg,train,tumor,meningioma,Training/meningioma/Tr-me_845.jpg,bc13bdda7abe567471c96696ca0a85ea,200,236
data\binary\train\tumor\glioma_Tr-gl_1062.jpg,train,tumor,glioma,Training/glioma/Tr-gl_1062.jpg,91f2ad07d2eea2b7d726e9cf3bdde846,512,512
data\binary\train\no_tumor\notumor_Tr-no_707.jpg,train,no_tumor,notumor,Training/notumor/Tr-no_707.jpg,090141b013141e9119f576d2950374fb,214,236
data\binary\train\tumor\meningioma_Tr-me_972.jpg,train,tumor,meningioma,Training/meningioma/Tr-me_972.jpg,aa9036ba7e26becc42dadb89af7c54c5,512,512
data\binary\train\tumor\meningioma_Tr-me_372.jpg,train,tumor,meningioma,Training/meningioma/Tr-me_372.jpg,44a08ccea8ffbca2773beb0d103fd702,512,512
data\binary\train\tumor\glioma_Tr-gl_407.jpg,train,tumor,glioma,Training/glioma/Tr-gl_407.jpg,7f5d34872c9b907304e382f08fa813ab,512,512
data\binary\train\tumor\glioma_Tr-gl_741.jpg,train,tumor,glioma,Training/glioma/Tr-gl_741.jpg,8a23676aa4bb8f5f72d7f9334307853c,512,512
data\binary\train\tumor\pituitary_Tr-pi_770.jpg,train,tumor,pituitary,Training/pituitary/Tr-pi_770.jpg,a5b07b4b57171a9f566bc2a845d6f7dd,512,512
data\binary\train\tumor\pituitary_Tr-pi_1129.jpg,train,tumor,pituitary,Training/pituitary/Tr-pi_1129.jpg,51ee3a33f3ab17e147665a41d90c3686,512,512
data\binary\train\tumor\glioma_Tr-gl_1280.jpg,train,tumor,glioma,Training/glioma/Tr-gl_1280.jpg,1c7eaea9b2d0f5bf45d87b2a529ad153,512,512
data\binary\train\no_tumor\notumor_Tr-no_261.jpg,train,no_tumor,notumor,Training/notumor/Tr-no_261.jpg,c767afc139c419a9bb2d0fe292730951,236,251
data\binary\train\no_tumor\notumor_Tr-no_712.jpg,train,no_tumor,notumor,Training/notumor/Tr-no_712.jpg,97278bf2d1089b20a7c0092006ee3459,1024,830
data\binary\train\tumor\glioma_Tr-gl_506.jpg,train,tumor,glioma,Training/glioma/Tr-gl_506.jpg,c257a1edb4bb86ab54560093fad4b8b7,512,512
data\binary\train\no_tumor\notumor_Tr-no_491.jpg,train,no_tumor,notumor,Training/notumor/Tr-no_491.jpg,bd1de6cf5b9a4252c095428df0cba8a8,228,221
data\binary\train\tumor\pituitary_Tr-pi_1245.jpg,train,tumor,pituitary,Training/pituitary/Tr-pi_1245.jpg,28a17949fa66ee9bb4089a046319f185,512,512
data\binary\train\tumor\pituitary_Tr-pi_890.jpg,train,tumor,pituitary,Training/pituitary/Tr-pi_890.jpg,5d3ff446597f7bf96f8da8b82d456718,512,512
data\binary\train\tumor\meningioma_Tr-me_311.jpg,train,tumor,meningioma,Training/meningioma/Tr-me_311.jpg,5609bf4bd69f26281fbf0ea940ec9731,512,512
data\binary\train\tumor\pituitary_Tr-pi_663.jpg,train,tumor,pituitary,Training/pituitary/Tr-pi_663.jpg,ba5c3e3c3a2d197b182e7a13c5ac4bf9,512,512
data\binary\train\no_tumor\notumor_Tr-no_876.jpg,train,no_tumor,notumor,Training/notumor/Tr-no_876.jpg,81e96a08a3d564cad3db79a70757849a,630,630
data\binary\train\tumor\meningioma_Tr-me_1105.jpg,train,tumor,meningioma,Training/meningioma/Tr-me_1105.jpg,15b928dbfd1483fe6b8d7a6d29de548a,512,512
data\binary\train\tumor\pituitary_Tr-pi_1160.jpg,train,tumor,pituitary,Training/pituitary/Tr-pi_1160.jpg,cb20b50f6efb21126ae1529dd332b8d0,512,512
data\binary\train\no_tumor\notumor_Tr-no_772.jpg,train,no_tumor,notumor,Training/notumor/Tr-no_772.jpg,86527e0ac3e48b7b73cdeb2fc2497da5,428,417
data\binary\train\tumor\pituitary_Tr-pi_1156.jpg,train,tumor,pituitary,Training/pituitary/Tr-pi_1156.jpg,c4af590cf3c0c866ad29cfabf181b81a,512,512
data\binary\train\tumor\pituitary_Tr-pi_995.jpg,train,tumor,pituitary,Training/pituitary/Tr-pi_995.jpg,112645b302ce25198baa081a7a7e4835,512,512
data\binary\train\tumor\pituitary_Tr-pi_753.jpg,train,tumor,pituitary,Training/pituitary/Tr-pi_753.jpg,76678a179e9b576e185064e569e5c4c0,512,512
data\binary\train\no_tumor\notumor_Tr-no_1046.jpg,train,no_tumor,notumor,Training/notumor/Tr-no_1046.jpg,1e98f507c83df39e1aefd1e4c2724d7d,354,443
data\binary\train\no_tumor\notumor_Tr-no_1224.jpg,train,no_tumor,notumor,Training/notumor/Tr-no_1224.jpg,18a171eafa3b7e8e189f96931b607e46,504,540
data\binary\train\tumor\pituitary_Tr-pi_355.jpg,train,tumor,pituitary,Training/pituitary/Tr-pi_355.jpg,ff4256b7363a6b86925aa64f42f3a2dd,512,512
data\binary\train\tumor\glioma_Tr-gl_1033.jpg,train,tumor,glioma,Training/glioma/Tr-gl_1033.jpg,84325250a00cbea06375139b46e93616,512,512
data\binary\train\tumor\meningioma_Tr-me_905.jpg,train,tumor,meningioma,Training/meningioma/Tr-me_905.jpg,961e7d02591f7c946cf82e97ce45f1c7,369,398
data\binary\train\tumor\glioma_Tr-gl_1131.jpg,train,tumor,glioma,Training/glioma/Tr-gl_1131.jpg,d27448e3c2c57f039eefbafb05fb77a8,512,512
data\binary\train\tumor\pituitary_Tr-pi_1143.jpg,train,tumor,pituitary,Training/pituitary/Tr-pi_1143.jpg,664d6b003554e7cc4253749ac3f5cd15,512,512
data\binary\train\tumor\pituitary_Tr-pi_373.jpg,train,tumor,pituitary,Training/pituitary/Tr-pi_373.jpg,fc8851b927d78ecf30be4761022c7024,512,512
data\binary\train\no_tumor\notumor_Tr-no_244.jpg,train,no_tumor,notumor,Training/notumor/Tr-no_244.jpg,840b8071cc3279b6332301470adccc98,208,225
data\binary\train\tumor\meningioma_Tr-me_226.jpg,train,tumor,meningioma,Training/meningioma/Tr-me_226.jpg,9a361e6e4b47848f14c60b19fcb22134,512,512
data\binary\train\tumor\glioma_Tr-gl_374.jpg,train,tumor,glioma,Training/glioma/Tr-gl_374.jpg,61ead754dd0ad8e0341e6a280e31f6ac,512,512
data\binary\train\tumor\meningioma_Tr-me_342.jpg,train,tumor,meningioma,Training/meningioma/Tr-me_342.jpg,df5802e18a8e3fde3419baece00ba20d,512,512
data\binary\train\tumor\pituitary_Tr-pi_471.jpg,train,tumor,pituitary,Training/pituitary/Tr-pi_471.jpg,8073bd7d580c2b9ce18e1afe5af519fd,512,512
data\binary\train\no_tumor\notumor_Tr-no_1325.jpg,train,no_tumor,notumor,Training/notumor/Tr-no_1325.jpg,bd99ed2eee8ca651ea8a27d711bb9eb8,214,236
data\binary\train\tumor\meningioma_Tr-me_1254.jpg,train,tumor,meningioma,Training/meningioma/Tr-me_1254.jpg,2ca298878b6bd0269d2bacfe4a6ea76d,512,512
data\binary\train\tumor\pituitary_Tr-pi_520.jpg,train,tumor,pituitary,Training/pituitary/Tr-pi_520.jpg,63f80896150bb3d0db7341d0794cf3c7,512,512
data\binary\train\no_tumor\notumor_Tr-no_924.jpg,train,no_tumor,notumor,Training/notumor/Tr-no_924.jpg,23c96abe99399432a0c51e51347090f2,225,225
data\binary\train\tumor\glioma_Tr-gl_1156.jpg,train,tumor,glioma,Training/glioma/Tr-gl_1156.jpg,f86f127862e8232a1f276a5d4e399b11,512,512
data\binary\train\tumor\meningioma_Tr-me_424.jpg,train,tumor,meningioma,Training/meningioma/Tr-me_424.jpg,cf5d24b7728e7d42fa0bc85b7b1ed23b,343,367
data\binary\train\tumor\pituitary_Tr-pi_34.jpg,train,tumor,pituitary,Training/pituitary/Tr-pi_34.jpg,55d372181efc89d2bfad024ff98caec5,512,512
data\binary\train\tumor\meningioma_Tr-me_233.jpg,train,tumor,meningioma,Training/meningioma/Tr-me_233.jpg,b710472db471c5b2049234b4867a692f,512,512
data\binary\train\no_tumor\notumor_Tr-no_52.jpg,train,no_tumor,notumor,Training/notumor/Tr-no_52.jpg,70002894f13c8a26346d6453071d2494,470,508
data\binary\train\tumor\glioma_Tr-gl_684.jpg,train,tumor,glioma,Training/glioma/Tr-gl_684.jpg,58290d074b9772bc7ad54b4931dda423,512,512
data\binary\train\tumor\meningioma_Tr-me_1061.jpg,train,tumor,meningioma,Training/meningioma/Tr-me_1061.jpg,424c574aba752a887143243ee785fd6f,512,512
data\binary\train\tumor\pituitary_Tr-pi_65.jpg,train,tumor,pituitary,Training/pituitary/Tr-pi_65.jpg,119f024387dea1e0cc7bbbe7d86a51ce,512,512
data\binary\train\tumor\glioma_Tr-gl_1381.jpg,train,tumor,glioma,Training/glioma/Tr-gl_1381.jpg,8e66c50ebc59516607be85d2a819b674,512,512
data\binary\train\tumor\pituitary_Tr-pi_1309.jpg,train,tumor,pituitary,Training/pituitary/Tr-pi_1309.jpg,b6276f725b9a3661ea24de2d01adf881,512,512
data\binary\train\tumor\glioma_Tr-gl_1102.jpg,train,tumor,glioma,Training/glioma/Tr-gl_1102.jpg,412254ac9f69feafe239fae88dc51ab7,512,512
data\binary\train\no_tumor\notumor_Tr-no_547.jpg,train,no_tumor,notumor,Training/notumor/Tr-no_547.jpg,2fc07cb58872d90158afd40984b5e266,225,225
data\binary\train\tumor\glioma_Tr-gl_64.jpg,train,tumor,glioma,Training/glioma/Tr-gl_64.jpg,3cc951fff3fc1918c6b216f10f6bec60,512,512
data\binary\train\tumor\glioma_Tr-gl_1198.jpg,train,tumor,glioma,Training/glioma/Tr-gl_1198.jpg,63aa248cf0f59e97bf9359662e8d6538,512,512
data\binary\train\tumor\glioma_Tr-gl_1138.jpg,train,tumor,glioma,Training/glioma/Tr-gl_1138.jpg,8f1b7fe467d49a84b1e08d57f4b830d9,512,512
data\binary\train\tumor\glioma_Tr-gl_862.jpg,train,tumor,glioma,Training/glioma/Tr-gl_862.jpg,ca5d38b8b3703e382bfcc8b9f23c727e,512,512
data\binary\train\no_tumor\notumor_Tr-no_1304.jpg,train,no_tumor,notumor,Training/notumor/Tr-no_1304.jpg,06c825df4141e9c79e23dfa4af3486ca,359,449
data\binary\train\tumor\glioma_Tr-gl_128.jpg,train,tumor,glioma,Training/glioma/Tr-gl_128.jpg,20cf94bd0a699697cede2a05c4a5f75e,512,512
data\binary\train\tumor\meningioma_Tr-me_1038.jpg,train,tumor,meningioma,Training/meningioma/Tr-me_1038.jpg,100f5780e9c77a7d944c6f5daf0f9f40,512,512
data\binary\train\tumor\glioma_Tr-gl_84.jpg,train,tumor,glioma,Training/glioma/Tr-gl_84.jpg,4b4f19739a3146923747e1a5ac0b5b57,512,512
data\binary\train\tumor\glioma_Tr-gl_713.jpg,train,tumor,glioma,Training/glioma/Tr-gl_713.jpg,3bae9562b51d795c89ce929089fe5846,512,512
data\binary\train\no_tumor\notumor_Tr-no_994.jpg,train,no_tumor,notumor,Training/notumor/Tr-no_994.jpg,58ba604efb12ac059627587f90ab766c,227,222
data\binary\train\no_tumor\notumor_Tr-no_222.jpg,train,no_tumor,notumor,Training/notumor/Tr-no_222.jpg,4b88b25dd180341b1613481f0105d472,233,243
data\binary\train\tumor\meningioma_Tr-me_223.jpg,train,tumor,meningioma,Training/meningioma/Tr-me_223.jpg,6b238ff83b9e4ee1c3d40c8401e16419,512,512
data\binary\train\tumor\glioma_Tr-gl_1064.jpg,train,tumor,glioma,Training/glioma/Tr-gl_1064.jpg,5d4db510d896a09cec1f182ff96ca665,512,512
data\binary\train\no_tumor\notumor_Tr-no_10.jpg,train,no_tumor,notumor,Training/notumor/Tr-no_10.jpg,8dc116db02a19703b95692c0fc43ab7c,192,192
data\binary\train\tumor\meningioma_Tr-me_814.jpg,train,tumor,meningioma,Training/meningioma/Tr-me_814.jpg,9ac4053d719c64fa4ee02e95caed4475,512,512
data\binary\train\tumor\glioma_Tr-gl_668.jpg,train,tumor,glioma,Training/glioma/Tr-gl_668.jpg,0ad45157a9825c38b6360edde5c9bb47,512,512
data\binary\train\tumor\meningioma_Tr-me_538.jpg,train,tumor,meningioma,Training/meningioma/Tr-me_538.jpg,5d52ef51c201e19da472a4ebfe2d6979,512,512
data\binary\train\tumor\pituitary_Tr-pi_333.jpg,train,tumor,pituitary,Training/pituitary/Tr-pi_333.jpg,3c30ac22e133b20a4754214483ed4ab3,512,512
data\binary\train\tumor\meningioma_Tr-me_1102.jpg,train,tumor,meningioma,Training/meningioma/Tr-me_1102.jpg,606a2c87b9cc3ce2215beb10cf5e6447,512,512
data\binary\train\tumor\pituitary_Tr-pi_444.jpg,train,tumor,pituitary,Training/pituitary/Tr-pi_444.jpg,6edda5f7c40fdd47762999c86d37665c,512,512
data\binary\train\tumor\pituitary_Tr-pi_1296.jpg,train,tumor,pituitary,Training/pituitary/Tr-pi_1296.jpg,0d1d2d35b7965d7550c06213e38f8590,512,512
data\binary\train\tumor\pituitary_Tr-pi_1191.jpg,train,tumor,pituitary,Training/pituitary/Tr-pi_1191.jpg,96d714cac3c204aeaea07d8c26ee7f55,512,512
data\binary\train\tumor\pituitary_Tr-pi_448.jpg,train,tumor,pituitary,Training/pituitary/Tr-pi_448.jpg,a94c81be413152b7e451c0756f3f0c72,512,512
data\binary\train\tumor\meningioma_Tr-me_1074.jpg,train,tumor,meningioma,Training/meningioma/Tr-me_1074.jpg,169180da98297897e67896c53be44ea8,512,512
data\binary\train\tumor\meningioma_Tr-me_717.jpg,train,tumor,meningioma,Training/meningioma/Tr-me_717.jpg,31801f8fb7b8f28b4c4df67356e80c54,315,341
data\binary\train\tumor\glioma_Tr-gl_644.jpg,train,tumor,glioma,Training/glioma/Tr-gl_644.jpg,49212881af9d8b5c983ee6aa07ea2b00,512,512
data\binary\train\tumor\glioma_Tr-gl_460.jpg,train,tumor,glioma,Training/glioma/Tr-gl_460.jpg,89933b4fec05ed14a278ead865295507,512,512
data\binary\train\no_tumor\notumor_Tr-no_925.jpg,train,no_tumor,notumor,Training/notumor/Tr-no_925.jpg,467e1d92491f2b2d7ae13bd01f6887e7,630,630
data\binary\train\tumor\meningioma_Tr-me_697.jpg,train,tumor,meningioma,Training/meningioma/Tr-me_697.jpg,69351c291ed94d748cd01f12f5371689,512,512
data\binary\train\tumor\glioma_Tr-gl_304.jpg,train,tumor,glioma,Training/glioma/Tr-gl_304.jpg,c8990e7bdedac0244b1d03a05e74b92c,512,512
data\binary\train\tumor\glioma_Tr-gl_593.jpg,train,tumor,glioma,Training/glioma/Tr-gl_593.jpg,f73049f8ccb7051247a758e26257c90c,512,512
data\binary\train\tumor\glioma_Tr-gl_720.jpg,train,tumor,glioma,Training/glioma/Tr-gl_720.jpg,04479415c6e15c3efc43026253453db7,512,512
data\binary\train\tumor\pituitary_Tr-pi_266.jpg,train,tumor,pituitary,Training/pituitary/Tr-pi_266.jpg,9172fb00e914d8d4ec09aeb13aafb978,512,512
data\binary\train\no_tumor\notumor_Tr-no_257.jpg,train,no_tumor,notumor,Training/notumor/Tr-no_257.jpg,d714400d805bd76db205020e1e8793f1,439,512
data\binary\train\no_tumor\notumor_Tr-no_258.jpg,train,no_tumor,notumor,Training/notumor/Tr-no_258.jpg,be979313d8730a67d6e98af76a31d20d,1375,1446
data\binary\train\no_tumor\notumor_Tr-no_122.jpg,train,no_tumor,notumor,Training/notumor/Tr-no_122.jpg,5b9d417518e09778f0de811524ee1951,504,540
data\binary\train\no_tumor\notumor_Tr-no_1262.jpg,train,no_tumor,notumor,Training/notumor/Tr-no_1262.jpg,444ce4aedba2baedda8538b6ca2223a6,630,630
data\binary\train\tumor\meningioma_Tr-me_535.jpg,train,tumor,meningioma,Training/meningioma/Tr-me_535.jpg,faea627d99a4eb577d6dd413bb63fcf4,512,512
data\binary\train\tumor\glioma_Tr-gl_1358.jpg,train,tumor,glioma,Training/glioma/Tr-gl_1358.jpg,1195b2d0897ef32e53f0d7e09bd23b63,512,512
data\binary\train\tumor\meningioma_Tr-me_164.jpg,train,tumor,meningioma,Training/meningioma/Tr-me_164.jpg,abf3dd7956c9da0b7afaff4083e357de,512,512
data\binary\train\tumor\pituitary_Tr-pi_358.jpg,train,tumor,pituitary,Training/pituitary/Tr-pi_358.jpg,bb0c3ac1ed9b149bdfeb8a9911a5fbe1,512,512
data\binary\train\no_tumor\notumor_Tr-no_245.jpg,train,no_tumor,notumor,Training/notumor/Tr-no_245.jpg,b2545b21f51c996ff97cf0b2d1664cb7,208,242
data\binary\train\tumor\meningioma_Tr-me_759.jpg,train,tumor,meningioma,Training/meningioma/Tr-me_759.jpg,996bd37e63de15942e4bfb14c25253b1,512,512
data\binary\train\tumor\glioma_Tr-gl_758.jpg,train,tumor,glioma,Training/glioma/Tr-gl_758.jpg,3e14859f20601e1dc80f50b022c4eab0,512,512
data\binary\train\no_tumor\notumor_Tr-no_1089.jpg,train,no_tumor,notumor,Training/notumor/Tr-no_1089.jpg,028a3774c58f6eeb2ebd098b8e5c7788,192,192
data\binary\train\tumor\glioma_Tr-gl_15.jpg,train,tumor,glioma,Training/glioma/Tr-gl_15.jpg,6e682d643b361f0fb64bf4e3d3a6342c,512,512
data\binary\train\tumor\pituitary_Tr-pi_737.jpg,train,tumor,pituitary,Training/pituitary/Tr-pi_737.jpg,742c5a42bee357af9520218d81dd197d,512,512
data\binary\train\tumor\glioma_Tr-gl_972.jpg,train,tumor,glioma,Training/glioma/Tr-gl_972.jpg,e460a1ad4a69893c8077f4d48b1934e8,512,512
data\binary\train\tumor\pituitary_Tr-pi_330.jpg,train,tumor,pituitary,Training/pituitary/Tr-pi_330.jpg,9139bddf57043a528098bbdf5ef15bd4,512,512
data\binary\train\tumor\glioma_Tr-gl_855.jpg,train,tumor,glioma,Training/glioma/Tr-gl_855.jpg,b1e280e0a688fce355f64c6613aa4e80,512,512
data\binary\train\tumor\pituitary_Tr-pi_586.jpg,train,tumor,pituitary,Training/pituitary/Tr-pi_586.jpg,d47bb57c630caad3f3bfde2f1dddb068,512,512
data\binary\train\no_tumor\notumor_Tr-no_218.jpg,train,no_tumor,notumor,Training/notumor/Tr-no_218.jpg,1d4351df70e547d21684fa5a21ca6937,210,264
data\binary\train\tumor\meningioma_Tr-me_308.jpg,train,tumor,meningioma,Training/meningioma/Tr-me_308.jpg,45fbc3f69078f45a6eba905c1adf8ed6,512,512
data\binary\train\no_tumor\notumor_Tr-no_1093.jpg,train,no_tumor,notumor,Training/notumor/Tr-no_1093.jpg,326501e20ce36c570bbf501aebee45e8,228,221
data\binary\train\no_tumor\notumor_Tr-no_874.jpg,train,no_tumor,notumor,Training/notumor/Tr-no_874.jpg,8201d429cd1794ee5e46fb384ffd52da,232,217
data\binary\train\no_tumor\notumor_Tr-no_506.jpg,train,no_tumor,notumor,Training/notumor/Tr-no_506.jpg,854e55da7ca2dbd62216ee61e2052f95,1024,1024
data\binary\train\tumor\meningioma_Tr-me_705.jpg,train,tumor,meningioma,Training/meningioma/Tr-me_705.jpg,c267be865738de294feccfdfdde17bcd,512,512
data\binary\train\tumor\glioma_Tr-gl_1155.jpg,train,tumor,glioma,Training/glioma/Tr-gl_1155.jpg,5be586ad149a6777b14f4abad022faf7,512,512
data\binary\train\tumor\meningioma_Tr-me_760.jpg,train,tumor,meningioma,Training/meningioma/Tr-me_760.jpg,48c2019d5697b897ee8549f2a4383d32,314,358
data\binary\train\tumor\meningioma_Tr-me_583.jpg,train,tumor,meningioma,Training/meningioma/Tr-me_583.jpg,bbaa6720b0aa032be627af17f603de4e,225,225
data\binary\train\no_tumor\notumor_Tr-no_727.jpg,train,no_tumor,notumor,Training/notumor/Tr-no_727.jpg,e6330f12f0945d336767b05b8441848b,214,236
data\binary\train\tumor\glioma_Tr-gl_1051.jpg,train,tumor,glioma,Training/glioma/Tr-gl_1051.jpg,2b9ac51441d71267c14483f85ec99ca0,512,512
data\binary\train\tumor\pituitary_Tr-pi_408.jpg,train,tumor,pituitary,Training/pituitary/Tr-pi_408.jpg,ce7523d42a20f9bce6de185a4301d10e,512,512
data\binary\train\tumor\pituitary_Tr-pi_1295.jpg,train,tumor,pituitary,Training/pituitary/Tr-pi_1295.jpg,bb321de96b3ba4435c45ea7f82243b05,512,512
data\binary\train\tumor\meningioma_Tr-me_1253.jpg,train,tumor,meningioma,Training/meningioma/Tr-me_1253.jpg,b091dcbb518ae2c73d632d85233186b0,512,512
data\binary\train\no_tumor\notumor_Tr-no_1203.jpg,train,no_tumor,notumor,Training/notumor/Tr-no_1203.jpg,9eb9f2c929d940f7333441cf7301f205,225,225
data\binary\train\tumor\meningioma_Tr-me_236.jpg,train,tumor,meningioma,Training/meningioma/Tr-me_236.jpg,77b374735f70272cdf34d119a1bbe74d,512,512
data\binary\train\tumor\glioma_Tr-gl_131.jpg,train,tumor,glioma,Training/glioma/Tr-gl_131.jpg,66d0f5cdef4d2b26da69f679f88e8569,512,512
data\binary\train\tumor\meningioma_Tr-me_859.jpg,train,tumor,meningioma,Training/meningioma/Tr-me_859.jpg,195ffcec27da6ac16331ff422eab9372,512,512
data\binary\train\tumor\glioma_Tr-gl_1067.jpg,train,tumor,glioma,Training/glioma/Tr-gl_1067.jpg,c56ede565f8fde811e4e17a24024e5dd,512,512
data\binary\train\tumor\glioma_Tr-gl_518.jpg,train,tumor,glioma,Training/glioma/Tr-gl_518.jpg,1991dc3045bf999de88c5eaf2388f731,512,512
data\binary\train\tumor\pituitary_Tr-pi_219.jpg,train,tumor,pituitary,Training/pituitary/Tr-pi_219.jpg,aed3ca36e8986f68f4c8ea486decc347,512,512
data\binary\train\tumor\pituitary_Tr-pi_116.jpg,train,tumor,pituitary,Training/pituitary/Tr-pi_116.jpg,440375ae916586d15c1b0f56b9b8ca59,512,512
data\binary\train\tumor\meningioma_Tr-me_528.jpg,train,tumor,meningioma,Training/meningioma/Tr-me_528.jpg,1d1c0b95c35c6b2a02cd43e8c3e8926d,512,512
data\binary\train\no_tumor\notumor_Tr-no_41.jpg,train,no_tumor,notumor,Training/notumor/Tr-no_41.jpg,4153b4c54d40f7533aa20b47f0c69278,630,630
data\binary\train\tumor\meningioma_Tr-me_835.jpg,train,tumor,meningioma,Training/meningioma/Tr-me_835.jpg,ee9a9621ce1dc8f00e8b96e006dad93b,512,512
data\binary\train\tumor\meningioma_Tr-me_781.jpg,train,tumor,meningioma,Training/meningioma/Tr-me_781.jpg,ada5497bb30aef1127d928e33bc110cd,512,512
data\binary\train\tumor\meningioma_Tr-me_45.jpg,train,tumor,meningioma,Training/meningioma/Tr-me_45.jpg,04fb9169eca651531b3ceb258369be07,512,512
data\binary\train\tumor\pituitary_Tr-pi_598.jpg,train,tumor,pituitary,Training/pituitary/Tr-pi_598.jpg,a3dfd67d68d35e2695a2170fa22eb050,512,512
data\binary\train\no_tumor\notumor_Tr-no_980.jpg,train,no_tumor,notumor,Training/notumor/Tr-no_980.jpg,1749f27e1f22a8adc7a404d79ab035c4,339,340
data\binary\train\tumor\glioma_Tr-gl_589.jpg,train,tumor,glioma,Training/glioma/Tr-gl_589.jpg,52b0f688d7ff6bb1b7965775b8e69937,512,512
data\binary\train\tumor\glioma_Tr-gl_383.jpg,train,tumor,glioma,Training/glioma/Tr-gl_383.jpg,def7744140230bbc93f6fb3b713bba5f,512,512
data\binary\train\tumor\meningioma_Tr-me_131.jpg,train,tumor,meningioma,Training/meningioma/Tr-me_131.jpg,f642d06be875c343c1c498cfaa2fbd25,491,624
data\binary\train\tumor\glioma_Tr-gl_723.jpg,train,tumor,glioma,Training/glioma/Tr-gl_723.jpg,de93c79e40d3265c49aa78362c4c38df,512,512
data\binary\train\tumor\pituitary_Tr-pi_1075.jpg,train,tumor,pituitary,Training/pituitary/Tr-pi_1075.jpg,5897674f989df144d201b308d22fa1d1,512,512
data\binary\train\tumor\glioma_Tr-gl_743.jpg,train,tumor,glioma,Training/glioma/Tr-gl_743.jpg,3fee261120a228a78372cc573d234605,512,512
data\binary\train\tumor\pituitary_Tr-pi_613.jpg,train,tumor,pituitary,Training/pituitary/Tr-pi_613.jpg,4625ec1d460586e4ca8713dd7c160a5d,512,512
data\binary\train\tumor\meningioma_Tr-me_234.jpg,train,tumor,meningioma,Training/meningioma/Tr-me_234.jpg,bbacb8e9e048fdb156fcaaa0c219df61,512,512
data\binary\train\no_tumor\notumor_Tr-no_185.jpg,train,no_tumor,notumor,Training/notumor/Tr-no_185.jpg,96fed90b309dd592cab446be39b1d42a,233,222
data\binary\train\tumor\pituitary_Tr-pi_820.jpg,train,tumor,pituitary,Training/pituitary/Tr-pi_820.jpg,cc923f06dbaf10becd38efb91d57b9db,512,512
data\binary\train\tumor\pituitary_Tr-pi_940.jpg,train,tumor,pituitary,Training/pituitary/Tr-pi_940.jpg,53cfe0131c8a47fc8c7102af1abbda0b,512,512
data\binary\train\no_tumor\notumor_Tr-no_662.jpg,train,no_tumor,notumor,Training/notumor/Tr-no_662.jpg,299b59cb741ab4ea650ca1bb67fb6796,225,225
data\binary\train\tumor\glioma_Tr-gl_583.jpg,train,tumor,glioma,Training/glioma/Tr-gl_583.jpg,0ac0daabbcef4ef985709989f2440058,512,512
data\binary\train\no_tumor\notumor_Tr-no_1289.jpg,train,no_tumor,notumor,Training/notumor/Tr-no_1289.jpg,75378ac81f02855ccf2b17a8492f3941,355,452
data\binary\train\tumor\meningioma_Tr-me_39.jpg,train,tumor,meningioma,Training/meningioma/Tr-me_39.jpg,60971225ba74a463800dc8c7d152ae0c,512,512
data\binary\train\tumor\glioma_Tr-gl_25.jpg,train,tumor,glioma,Training/glioma/Tr-gl_25.jpg,0150f9b9e02667976e51ef8d6495b9dd,512,512
data\binary\train\no_tumor\notumor_Tr-no_436.jpg,train,no_tumor,notumor,Training/notumor/Tr-no_436.jpg,505fa0f6548ddc2720ec422ea7b9ac36,236,232
data\binary\train\tumor\glioma_Tr-gl_1177.jpg,train,tumor,glioma,Training/glioma/Tr-gl_1177.jpg,7afa61bc3738e77353cb8cef79d3e3ee,512,512
data\binary\train\tumor\pituitary_Tr-pi_5.jpg,train,tumor,pituitary,Training/pituitary/Tr-pi_5.jpg,45ef460bf192ba133c6648b50647f4de,512,512
data\binary\train\tumor\pituitary_Tr-pi_1266.jpg,train,tumor,pituitary,Training/pituitary/Tr-pi_1266.jpg,ab239a4f4a4f39448c0d57aa75aa133b,512,512
data\binary\train\tumor\glioma_Tr-gl_111.jpg,train,tumor,glioma,Training/glioma/Tr-gl_111.jpg,9c7275c7ed6848a7c1c27b6f574500d8,512,512
data\binary\train\tumor\glioma_Tr-gl_249.jpg,train,tumor,glioma,Training/glioma/Tr-gl_249.jpg,a49ba7cff28af0a2c9166203128b8cd3,512,512
data\binary\train\tumor\glioma_Tr-gl_711.jpg,train,tumor,glioma,Training/glioma/Tr-gl_711.jpg,5e3d548f792371054b141ab4528aac27,512,512
data\binary\train\tumor\meningioma_Tr-me_1054.jpg,train,tumor,meningioma,Training/meningioma/Tr-me_1054.jpg,0e53549731378fd85f4f93be783a25e3,512,512
data\binary\train\tumor\meningioma_Tr-me_1294.jpg,train,tumor,meningioma,Training/meningioma/Tr-me_1294.jpg,021209655ab4e20dc1c7493cf8b64a00,507,362
data\binary\train\tumor\glioma_Tr-gl_725.jpg,train,tumor,glioma,Training/glioma/Tr-gl_725.jpg,3cc58d926b7dc6b94a2e82ca5afe4f7a,512,512
data\binary\train\tumor\meningioma_Tr-me_239.jpg,train,tumor,meningioma,Training/meningioma/Tr-me_239.jpg,8cc51b538c45c1f7b870335d6e32dbeb,200,223
data\binary\train\tumor\glioma_Tr-gl_541.jpg,train,tumor,glioma,Training/glioma/Tr-gl_541.jpg,64d02030ebd80b5c5309d5bdc73855fa,512,512
data\binary\train\tumor\meningioma_Tr-me_729.jpg,train,tumor,meningioma,Training/meningioma/Tr-me_729.jpg,4986c456dfcfdd64f0c71dd8ddb25c09,512,512
data\binary\train\tumor\meningioma_Tr-me_1277.jpg,train,tumor,meningioma,Training/meningioma/Tr-me_1277.jpg,905799a3f7f8a5c209feb15106289da3,512,512
data\binary\train\tumor\meningioma_Tr-me_102.jpg,train,tumor,meningioma,Training/meningioma/Tr-me_102.jpg,3df200f60467610d9a35006108255961,512,512
data\binary\train\tumor\pituitary_Tr-pi_1246.jpg,train,tumor,pituitary,Training/pituitary/Tr-pi_1246.jpg,1e341ae5d9e614dc83625cb5f6cb27be,512,512
data\binary\train\tumor\meningioma_Tr-me_1168.jpg,train,tumor,meningioma,Training/meningioma/Tr-me_1168.jpg,48d4604e4ee04865bb44d75a597b3253,273,326
data\binary\train\tumor\glioma_Tr-gl_561.jpg,train,tumor,glioma,Training/glioma/Tr-gl_561.jpg,dc380d9c621d4df6ed43db29e38f6ecc,512,512
data\binary\train\tumor\pituitary_Tr-pi_1188.jpg,train,tumor,pituitary,Training/pituitary/Tr-pi_1188.jpg,8241ffb867195468c67b81fde5c77665,512,512
data\binary\train\tumor\glioma_Tr-gl_287.jpg,train,tumor,glioma,Training/glioma/Tr-gl_287.jpg,7f209a50a848b7931afacffa10eada34,512,512
data\binary\train\no_tumor\notumor_Tr-no_735.jpg,train,no_tumor,notumor,Training/notumor/Tr-no_735.jpg,931c5d28f03fa83a1c120b6546c38c90,359,449
data\binary\train\tumor\glioma_Tr-gl_1008.jpg,train,tumor,glioma,Training/glioma/Tr-gl_1008.jpg,2dfd98a077d127fb8c7e9f07e3408da7,512,512
data\binary\train\tumor\meningioma_Tr-me_1032.jpg,train,tumor,meningioma,Training/meningioma/Tr-me_1032.jpg,29f733259e56d12658ac97f781f883b6,1275,1427
data\binary\train\no_tumor\notumor_Tr-no_1112.jpg,train,no_tumor,notumor,Training/notumor/Tr-no_1112.jpg,95909ea3397eb47d78008693cd588bbc,227,262
data\binary\train\no_tumor\notumor_Tr-no_1179.jpg,train,no_tumor,notumor,Training/notumor/Tr-no_1179.jpg,84482e0ddc1ea348e987987c7d9252dd,724,851
data\binary\train\tumor\glioma_Tr-gl_571.jpg,train,tumor,glioma,Training/glioma/Tr-gl_571.jpg,d669ac22f6425feb5df4264a95bb28fe,512,512
data\binary\train\tumor\pituitary_Tr-pi_228.jpg,train,tumor,pituitary,Training/pituitary/Tr-pi_228.jpg,cf5e712a668639af2353340b3689dccc,512,512
data\binary\train\no_tumor\notumor_Tr-no_116.jpg,train,no_tumor,notumor,Training/notumor/Tr-no_116.jpg,46bdd15e88da99beefcb999aea360457,755,824
data\binary\train\tumor\pituitary_Tr-pi_505.jpg,train,tumor,pituitary,Training/pituitary/Tr-pi_505.jpg,fa012e3facf283c5bbf2cfbf6928dde7,512,512
data\binary\train\tumor\pituitary_Tr-pi_315.jpg,train,tumor,pituitary,Training/pituitary/Tr-pi_315.jpg,5f3f431a86bc7ad0af74887a07cccb70,512,512
data\binary\train\tumor\glioma_Tr-gl_1011.jpg,train,tumor,glioma,Training/glioma/Tr-gl_1011.jpg,eabfd68dbc44e7e465d0b2617db85e01,512,512
data\binary\train\no_tumor\notumor_Tr-no_1285.jpg,train,no_tumor,notumor,Training/notumor/Tr-no_1285.jpg,570a2e1a8b1c1513f3eeaefce22b77d5,236,263
data\binary\train\tumor\glioma_Tr-gl_683.jpg,train,tumor,glioma,Training/glioma/Tr-gl_683.jpg,162c28a823a5477a94ff99181d77dd0d,512,512
data\binary\train\no_tumor\notumor_Tr-no_1024.jpg,train,no_tumor,notumor,Training/notumor/Tr-no_1024.jpg,926f65ec2134bb2982eb97716421a6a9,442,442
data\binary\train\tumor\glioma_Tr-gl_1305.jpg,train,tumor,glioma,Training/glioma/Tr-gl_1305.jpg,1caf2d454f259af9ed2449c08714a3c5,512,512
data\binary\train\tumor\pituitary_Tr-pi_1146.jpg,train,tumor,pituitary,Training/pituitary/Tr-pi_1146.jpg,1c546d804eec4c5efe4b7da2cef8897e,512,512
data\binary\train\no_tumor\notumor_Tr-no_1115.jpg,train,no_tumor,notumor,Training/notumor/Tr-no_1115.jpg,1f9fc56b7256412e57b7dfb4a9b51777,350,350
data\binary\train\tumor\glioma_Tr-gl_202.jpg,train,tumor,glioma,Training/glioma/Tr-gl_202.jpg,80f968c208e7a197554d70e9bc1346cb,512,512
data\binary\train\tumor\glioma_Tr-gl_49.jpg,train,tumor,glioma,Training/glioma/Tr-gl_49.jpg,a926245325befe1eb61552593b76128e,512,512
data\binary\train\tumor\pituitary_Tr-pi_534.jpg,train,tumor,pituitary,Training/pituitary/Tr-pi_534.jpg,9800283bc95be324b14410c836e30010,512,512
data\binary\train\tumor\pituitary_Tr-pi_983.jpg,train,tumor,pituitary,Training/pituitary/Tr-pi_983.jpg,ec4f8bc59e14e9f5b907118e0c9e08b5,721,903
data\binary\train\no_tumor\notumor_Tr-no_952.jpg,train,no_tumor,notumor,Training/notumor/Tr-no_952.jpg,909294f21b42fd503c2bdccac878690a,206,244
data\binary\train\no_tumor\notumor_Tr-no_1213.jpg,train,no_tumor,notumor,Training/notumor/Tr-no_1213.jpg,cd0010b23c86c3c14b7e09fd05e6ce45,1024,1024
data\binary\train\no_tumor\notumor_Tr-no_357.jpg,train,no_tumor,notumor,Training/notumor/Tr-no_357.jpg,dd4ce80b4b99672d79d1a23f4f52ab02,230,282
data\binary\train\tumor\pituitary_Tr-pi_374.jpg,train,tumor,pituitary,Training/pituitary/Tr-pi_374.jpg,88104735e71c48c7dbfbcb4486c452e3,512,512
data\binary\train\tumor\glioma_Tr-gl_360.jpg,train,tumor,glioma,Training/glioma/Tr-gl_360.jpg,806f2ab14da83093e9c49069a3bfe611,512,512
data\binary\train\tumor\meningioma_Tr-me_125.jpg,train,tumor,meningioma,Training/meningioma/Tr-me_125.jpg,880f1be26e4ec195cdfaca925c846058,512,512
data\binary\train\tumor\glioma_Tr-gl_398.jpg,train,tumor,glioma,Training/glioma/Tr-gl_398.jpg,37f4af41942823021b9fc6170004848d,512,512
data\binary\train\tumor\glioma_Tr-gl_1327.jpg,train,tumor,glioma,Training/glioma/Tr-gl_1327.jpg,d5025de976642a9783a0cc99d5bf599d,512,512
data\binary\train\no_tumor\notumor_Tr-no_248.jpg,train,no_tumor,notumor,Training/notumor/Tr-no_248.jpg,a0bb7fb086b7397c51527ca0506f45b1,416,489
data\binary\train\no_tumor\notumor_Tr-no_815.jpg,train,no_tumor,notumor,Training/notumor/Tr-no_815.jpg,d44334e9a15634627c24657dc7e2a2ee,428,417
data\binary\train\no_tumor\notumor_Tr-no_301.jpg,train,no_tumor,notumor,Training/notumor/Tr-no_301.jpg,452981199f941ea1c7ce07f1a14c453c,225,225
data\binary\train\tumor\glioma_Tr-gl_838.jpg,train,tumor,glioma,Training/glioma/Tr-gl_838.jpg,ec6e715ff8659036248849c5ea0c6aa9,512,512
data\binary\train\no_tumor\notumor_Tr-no_515.jpg,train,no_tumor,notumor,Training/notumor/Tr-no_515.jpg,c2abc5d6f77d9e5ea92dbaf4f4ed1548,225,225
data\binary\train\tumor\glioma_Tr-gl_663.jpg,train,tumor,glioma,Training/glioma/Tr-gl_663.jpg,63510690dedd2215b146dcdfd33672d1,512,512
data\binary\train\tumor\meningioma_Tr-me_1068.jpg,train,tumor,meningioma,Training/meningioma/Tr-me_1068.jpg,533f69a8f0ebf57d03070e1e630fe6ee,512,512
data\binary\train\tumor\glioma_Tr-gl_431.jpg,train,tumor,glioma,Training/glioma/Tr-gl_431.jpg,358e5b5e02c9a45c83f544a40ecc256c,512,512
data\binary\train\no_tumor\notumor_Tr-no_623.jpg,train,no_tumor,notumor,Training/notumor/Tr-no_623.jpg,fddcf00af911d95ce15591680ed85f09,192,192
data\binary\train\tumor\meningioma_Tr-me_1006.jpg,train,tumor,meningioma,Training/meningioma/Tr-me_1006.jpg,ac5238f3060f7fe63aa4ae1ba0ed5702,512,512
data\binary\train\tumor\meningioma_Tr-me_48.jpg,train,tumor,meningioma,Training/meningioma/Tr-me_48.jpg,c909be38e410a251f20c1a10ef49ff55,512,512
data\binary\train\tumor\glioma_Tr-gl_488.jpg,train,tumor,glioma,Training/glioma/Tr-gl_488.jpg,998b069c97d3bc6fb6f9cb877d65c648,512,512
data\binary\train\tumor\pituitary_Tr-pi_658.jpg,train,tumor,pituitary,Training/pituitary/Tr-pi_658.jpg,ca3b1cc4cc349068c3b934d7396df5a3,512,512
data\binary\train\tumor\glioma_Tr-gl_548.jpg,train,tumor,glioma,Training/glioma/Tr-gl_548.jpg,d6ac2688b570475bbdac94f6f240ab81,512,512
data\binary\train\no_tumor\notumor_Tr-no_160.jpg,train,no_tumor,notumor,Training/notumor/Tr-no_160.jpg,f16702fd77330c1ff702156bb2eec3c4,400,442
data\binary\train\tumor\meningioma_Tr-me_73.jpg,train,tumor,meningioma,Training/meningioma/Tr-me_73.jpg,7d9b1860c16161349a5ea8d428417516,512,512
data\binary\train\tumor\glioma_Tr-gl_99.jpg,train,tumor,glioma,Training/glioma/Tr-gl_99.jpg,6c2bb8f1d546c766a10ae079c6ce5f02,512,512
data\binary\train\tumor\glioma_Tr-gl_597.jpg,train,tumor,glioma,Training/glioma/Tr-gl_597.jpg,1a6b5da9fd487918a233507f1b8dad75,512,512
data\binary\train\no_tumor\notumor_Tr-no_1055.jpg,train,no_tumor,notumor,Training/notumor/Tr-no_1055.jpg,aa82d22245d3899379a36767c0bc306d,218,231
data\binary\train\tumor\pituitary_Tr-pi_917.jpg,train,tumor,pituitary,Training/pituitary/Tr-pi_917.jpg,5a1cece0dadcf0d5438962cf12279151,512,512
data\binary\train\tumor\pituitary_Tr-pi_138.jpg,train,tumor,pituitary,Training/pituitary/Tr-pi_138.jpg,56aead3157b059c49eec1e2dbebad01f,512,512
data\binary\train\tumor\pituitary_Tr-pi_1340.jpg,train,tumor,pituitary,Training/pituitary/Tr-pi_1340.jpg,6f11ec52846481991341a61a01bc85e0,512,512
data\binary\train\no_tumor\notumor_Tr-no_33.jpg,train,no_tumor,notumor,Training/notumor/Tr-no_33.jpg,abc9f201b392dad28c540a188b1d9244,228,221
data\binary\train\tumor\glioma_Tr-gl_558.jpg,train,tumor,glioma,Training/glioma/Tr-gl_558.jpg,94ee439b3f8509e898a3cd2c992565cb,512,512
data\binary\train\tumor\glioma_Tr-gl_476.jpg,train,tumor,glioma,Training/glioma/Tr-gl_476.jpg,c377b50d902ddb7d721103c7405b2733,512,512
data\binary\train\tumor\pituitary_Tr-pi_403.jpg,train,tumor,pituitary,Training/pituitary/Tr-pi_403.jpg,48f47b4db9e3dd0fe58f608aad769dc5,512,512
data\binary\train\tumor\meningioma_Tr-me_548.jpg,train,tumor,meningioma,Training/meningioma/Tr-me_548.jpg,87cfe7bf10950d9fe12721e9878a3f52,512,512
data\binary\train\no_tumor\notumor_Tr-no_977.jpg,train,no_tumor,notumor,Training/notumor/Tr-no_977.jpg,26c0900bf911e5ed884762f141ab3fcc,233,208
data\binary\train\no_tumor\notumor_Tr-no_1081.jpg,train,no_tumor,notumor,Training/notumor/Tr-no_1081.jpg,e51f4f0d7c6c575b8d4f48890dde9af6,227,262
data\binary\train\no_tumor\notumor_Tr-no_754.jpg,train,no_tumor,notumor,Training/notumor/Tr-no_754.jpg,7b23e870aeb9761f8b864bec65e5c9c1,196,257
data\binary\train\no_tumor\notumor_Tr-no_971.jpg,train,no_tumor,notumor,Training/notumor/Tr-no_971.jpg,aa2e54e1a7bc26ef78313a93c29bb7b3,339,340
data\binary\train\no_tumor\notumor_Tr-no_1065.jpg,train,no_tumor,notumor,Training/notumor/Tr-no_1065.jpg,e97938b59008eb5d836975b7948ed67b,218,234
data\binary\train\tumor\glioma_Tr-gl_688.jpg,train,tumor,glioma,Training/glioma/Tr-gl_688.jpg,22e2a516a1ff86b23eff48c6b06e2a56,512,512
data\binary\train\tumor\pituitary_Tr-pi_924.jpg,train,tumor,pituitary,Training/pituitary/Tr-pi_924.jpg,c9e1b9a85cfd32b217f8b2515458bad2,512,512
data\binary\train\tumor\glioma_Tr-gl_757.jpg,train,tumor,glioma,Training/glioma/Tr-gl_757.jpg,a9247e48978a94a56cf5e447f5a0a584,512,512
data\binary\train\tumor\glioma_Tr-gl_369.jpg,train,tumor,glioma,Training/glioma/Tr-gl_369.jpg,b5faf302cf4a0b13f43a48548dce6d17,512,512
data\binary\train\tumor\meningioma_Tr-me_996.jpg,train,tumor,meningioma,Training/meningioma/Tr-me_996.jpg,0c0590000393382f1012a881123f3f89,512,512
data\binary\train\no_tumor\notumor_Tr-no_1145.jpg,train,no_tumor,notumor,Training/notumor/Tr-no_1145.jpg,e450fb2bea94fad366ddebacbe26a4bb,201,250
data\binary\train\tumor\glioma_Tr-gl_640.jpg,train,tumor,glioma,Training/glioma/Tr-gl_640.jpg,8bf1c529fcd37cf35334f6830b5420d6,512,512
data\binary\train\tumor\glioma_Tr-gl_873.jpg,train,tumor,glioma,Training/glioma/Tr-gl_873.jpg,380eb04d72d5b3c797c699a2ee7ef876,512,512
data\binary\train\no_tumor\notumor_Tr-no_1051.jpg,train,no_tumor,notumor,Training/notumor/Tr-no_1051.jpg,78c6f2102e0ba73c47a344d2880b4071,225,225
data\binary\train\tumor\meningioma_Tr-aug-me_35.jpg,train,tumor,meningioma,Training/meningioma/Tr-aug-me_35.jpg,2ba784cb33e99ba36935748a16e4c894,512,512
data\binary\train\tumor\meningioma_Tr-aug-me_54.jpg,train,tumor,meningioma,Training/meningioma/Tr-aug-me_54.jpg,9d6c94d3a25d70a753a3a5ca3ceb3cbe,512,512
data\binary\train\tumor\glioma_Tr-gl_805.jpg,train,tumor,glioma,Training/glioma/Tr-gl_805.jpg,97beb27768c3cbbe4b3a443a1e7caa5a,512,512
data\binary\train\no_tumor\notumor_Tr-no_446.jpg,train,no_tumor,notumor,Training/notumor/Tr-no_446.jpg,76eee50be56a3486539a5f5c7514f7d4,236,213
data\binary\train\tumor\glioma_Tr-gl_816.jpg,train,tumor,glioma,Training/glioma/Tr-gl_816.jpg,2354cb16a68f5090afa712cb215aa971,512,512
data\binary\train\tumor\glioma_Tr-gl_1027.jpg,train,tumor,glioma,Training/glioma/Tr-gl_1027.jpg,f37728d66b36de1edc4b46f4b765e3ae,512,512
data\binary\train\no_tumor\notumor_Tr-no_937.jpg,train,no_tumor,notumor,Training/notumor/Tr-no_937.jpg,6b1cccb9a9959eb4a692fa71ec6eef25,208,242
data\binary\train\no_tumor\notumor_Tr-no_609.jpg,train,no_tumor,notumor,Training/notumor/Tr-no_609.jpg,a1b7263f26a95be46572c4d182248872,236,213
data\binary\train\tumor\pituitary_Tr-pi_67.jpg,train,tumor,pituitary,Training/pituitary/Tr-pi_67.jpg,029e4a5b2143cd0a5b680c08d4d2a60a,512,512
data\binary\train\no_tumor\notumor_Tr-no_11.jpg,train,no_tumor,notumor,Training/notumor/Tr-no_11.jpg,3ea1dce3528a6b6b85e58a9cccb10347,227,222
data\binary\train\tumor\glioma_Tr-gl_1018.jpg,train,tumor,glioma,Training/glioma/Tr-gl_1018.jpg,14e659ab7f050c2c268017ae65948300,512,512
data\binary\train\tumor\glioma_Tr-gl_292.jpg,train,tumor,glioma,Training/glioma/Tr-gl_292.jpg,464be8c40c607ab45ec79c9a57fc96c7,512,512
data\binary\train\tumor\glioma_Tr-gl_1260.jpg,train,tumor,glioma,Training/glioma/Tr-gl_1260.jpg,bd75b58d3c9bc94c1e0732b1313bb977,512,512
data\binary\train\tumor\meningioma_Tr-aug-me_59.jpg,train,tumor,meningioma,Training/meningioma/Tr-aug-me_59.jpg,09018783111e42ec490a7c6f5e2de337,512,512
data\binary\train\no_tumor\notumor_Tr-no_355.jpg,train,no_tumor,notumor,Training/notumor/Tr-no_355.jpg,f6a9eaf4aa3433477850ac6883e7f961,201,251
data\binary\train\tumor\pituitary_Tr-pi_382.jpg,train,tumor,pituitary,Training/pituitary/Tr-pi_382.jpg,bb8451027f33d96327e88dd77f4458ef,400,400
data\binary\train\no_tumor\notumor_Tr-no_743.jpg,train,no_tumor,notumor,Training/notumor/Tr-no_743.jpg,4b24a48bcac423fba8236ca33d63cc79,236,213
data\binary\train\tumor\pituitary_Tr-pi_665.jpg,train,tumor,pituitary,Training/pituitary/Tr-pi_665.jpg,6f3ec73142b6754261c81b3be326ac05,512,512
data\binary\train\tumor\pituitary_Tr-pi_1360.jpg,train,tumor,pituitary,Training/pituitary/Tr-pi_1360.jpg,24cc7b2af7a6a59e5106ac77e6e98193,512,512
data\binary\train\no_tumor\notumor_Tr-no_445.jpg,train,no_tumor,notumor,Training/notumor/Tr-no_445.jpg,f1e90b4524042af9f8984ab5f5ac45fd,350,350
data\binary\train\no_tumor\notumor_Tr-no_1294.jpg,train,no_tumor,notumor,Training/notumor/Tr-no_1294.jpg,d021c3eda970beeaa68fef57253e1feb,225,225
data\binary\train\tumor\pituitary_Tr-pi_1251.jpg,train,tumor,pituitary,Training/pituitary/Tr-pi_1251.jpg,871cd88213f65c9768691a350a31d3ed,512,512
data\binary\train\tumor\pituitary_Tr-pi_187.jpg,train,tumor,pituitary,Training/pituitary/Tr-pi_187.jpg,a7ccff469de46c4f0a25c2451765b741,512,512
data\binary\train\no_tumor\notumor_Tr-no_141.jpg,train,no_tumor,notumor,Training/notumor/Tr-no_141.jpg,98e2224bbb75b451e006d46b37848ebb,230,282
data\binary\train\no_tumor\notumor_Tr-no_1100.jpg,train,no_tumor,notumor,Training/notumor/Tr-no_1100.jpg,93411121e0573a24f7101ff455a583fa,225,225
data\binary\train\tumor\pituitary_Tr-pi_415.jpg,train,tumor,pituitary,Training/pituitary/Tr-pi_415.jpg,06bdc8fa8e7ab4b1e8c7b30bff1b35fc,256,256
data\binary\train\tumor\glioma_Tr-gl_1206.jpg,train,tumor,glioma,Training/glioma/Tr-gl_1206.jpg,40b40208ddeac66543572e3fa246e045,512,512
data\binary\train\tumor\glioma_Tr-gl_1319.jpg,train,tumor,glioma,Training/glioma/Tr-gl_1319.jpg,69408b64c194e6ac4b9cbe67abcbbf74,512,512
data\binary\train\tumor\pituitary_Tr-pi_947.jpg,train,tumor,pituitary,Training/pituitary/Tr-pi_947.jpg,ea1cbcaab205d163cfb0b5e6654fb690,512,512
data\binary\train\tumor\pituitary_Tr-pi_502.jpg,train,tumor,pituitary,Training/pituitary/Tr-pi_502.jpg,402993731b461486619d8e4f21d5a94f,512,512
data\binary\train\no_tumor\notumor_Tr-no_466.jpg,train,no_tumor,notumor,Training/notumor/Tr-no_466.jpg,0b09ccc298ce3572289f626d37dab613,207,243
data\binary\train\tumor\pituitary_Tr-pi_1304.jpg,train,tumor,pituitary,Training/pituitary/Tr-pi_1304.jpg,d6325d5604d3ad4e52a2dddef7966573,512,512
data\binary\train\tumor\meningioma_Tr-me_271.jpg,train,tumor,meningioma,Training/meningioma/Tr-me_271.jpg,b51be8222b3ad2737daf6fbb2e649a2a,202,223
data\binary\train\tumor\pituitary_Tr-pi_531.jpg,train,tumor,pituitary,Training/pituitary/Tr-pi_531.jpg,5f2c0c563fae5ff631808e415b6c6fa5,512,512
data\binary\train\tumor\glioma_Tr-gl_1044.jpg,train,tumor,glioma,Training/glioma/Tr-gl_1044.jpg,9aa9729f4a7bfcd7752b8017ec207383,512,512
data\binary\train\tumor\meningioma_Tr-me_441.jpg,train,tumor,meningioma,Training/meningioma/Tr-me_441.jpg,c643a5e8d146276dc37f448084151a6f,512,512
data\binary\train\tumor\glioma_Tr-gl_53.jpg,train,tumor,glioma,Training/glioma/Tr-gl_53.jpg,3eb7d1fd59fc768177a3023b21fb120e,512,512
data\binary\train\no_tumor\notumor_Tr-no_287.jpg,train,no_tumor,notumor,Training/notumor/Tr-no_287.jpg,8dfd3d4fdfc9d27e0967aa2e41b9e159,225,225
data\binary\train\tumor\pituitary_Tr-pi_905.jpg,train,tumor,pituitary,Training/pituitary/Tr-pi_905.jpg,5ccf54a57c0603ee771000be2048cf4f,512,512
data\binary\train\tumor\meningioma_Tr-me_324.jpg,train,tumor,meningioma,Training/meningioma/Tr-me_324.jpg,692dda1a28aab1890fcd0e93ad66ffa2,512,512
data\binary\train\tumor\pituitary_Tr-pi_725.jpg,train,tumor,pituitary,Training/pituitary/Tr-pi_725.jpg,ccff1fd0c73e09ac1274ad04f7c8bc87,512,512
data\binary\train\tumor\glioma_Tr-gl_1257.jpg,train,tumor,glioma,Training/glioma/Tr-gl_1257.jpg,4cef6bb560c79d728e5ebf1ae4deee7c,512,512
data\binary\train\tumor\glioma_Tr-gl_890.jpg,train,tumor,glioma,Training/glioma/Tr-gl_890.jpg,c16ce804bd2de418a3b2740807e69903,512,512
data\binary\train\no_tumor\notumor_Tr-no_541.jpg,train,no_tumor,notumor,Training/notumor/Tr-no_541.jpg,c38d7a4dc353798c0c237e748f3c7f4d,214,236
data\binary\train\tumor\glioma_Tr-gl_731.jpg,train,tumor,glioma,Training/glioma/Tr-gl_731.jpg,1eb74672542a70c5d2057c27ef13366c,512,512
data\binary\train\tumor\meningioma_Tr-me_568.jpg,train,tumor,meningioma,Training/meningioma/Tr-me_568.jpg,383f63f6b5d9060d348790184abecf11,512,512
data\binary\train\tumor\glioma_Tr-gl_13.jpg,train,tumor,glioma,Training/glioma/Tr-gl_13.jpg,c75a99282c6561bfc2375838d3ff87d6,512,512
data\binary\train\tumor\meningioma_Tr-me_450.jpg,train,tumor,meningioma,Training/meningioma/Tr-me_450.jpg,8687e7951d0238144013c737efa3b707,205,251
data\binary\train\no_tumor\notumor_Tr-no_398.jpg,train,no_tumor,notumor,Training/notumor/Tr-no_398.jpg,ed3028f03f117994d0a136ef9956633b,215,234
data\binary\train\tumor\pituitary_Tr-pi_683.jpg,train,tumor,pituitary,Training/pituitary/Tr-pi_683.jpg,04507fe2c3fe358c702ccd0884cdc8f9,512,512
data\binary\train\tumor\pituitary_Tr-pi_108.jpg,train,tumor,pituitary,Training/pituitary/Tr-pi_108.jpg,af1c569cbbf647aa0a7605dbcd38c7e6,512,512
data\binary\train\tumor\meningioma_Tr-me_860.jpg,train,tumor,meningioma,Training/meningioma/Tr-me_860.jpg,e9873c060c54ec7af0c8a08fc470d96d,512,512
data\binary\train\no_tumor\notumor_Tr-no_1297.jpg,train,no_tumor,notumor,Training/notumor/Tr-no_1297.jpg,47ce5e9e135a1b4f68b89fbda45a1852,630,630
data\binary\train\no_tumor\notumor_Tr-no_618.jpg,train,no_tumor,notumor,Training/notumor/Tr-no_618.jpg,aed2489087ed84f075641ffebe39c063,208,242
data\binary\train\tumor\glioma_Tr-gl_861.jpg,train,tumor,glioma,Training/glioma/Tr-gl_861.jpg,8ba3127506212d272ca03388ed85d05f,512,512
data\binary\train\tumor\pituitary_Tr-pi_695.jpg,train,tumor,pituitary,Training/pituitary/Tr-pi_695.jpg,397b85580e84bbed5773ef83421ee91c,512,512
data\binary\train\tumor\glioma_Tr-gl_709.jpg,train,tumor,glioma,Training/glioma/Tr-gl_709.jpg,d048af0d1178eecb14d2e4899521ee11,512,512
data\binary\train\tumor\pituitary_Tr-pi_1189.jpg,train,tumor,pituitary,Training/pituitary/Tr-pi_1189.jpg,29fdb2e6636999d334a69e5af7eb8325,512,512
data\binary\train\tumor\meningioma_Tr-me_680.jpg,train,tumor,meningioma,Training/meningioma/Tr-me_680.jpg,9d6d7dc675779e17f8c2b56251220477,512,512
data\binary\train\tumor\meningioma_Tr-me_739.jpg,train,tumor,meningioma,Training/meningioma/Tr-me_739.jpg,61064c9194c007f78f3c857c6c8c88ea,512,512
data\binary\train\tumor\glioma_Tr-gl_1041.jpg,train,tumor,glioma,Training/glioma/Tr-gl_1041.jpg,4179c312aa4f2fd4dd538001180b3689,512,512
data\binary\train\no_tumor\notumor_Tr-no_277.jpg,train,no_tumor,notumor,Training/notumor/Tr-no_277.jpg,2c573b33740bcc44dc5abdff6d0a4788,468,444
data\binary\train\no_tumor\notumor_Tr-no_208.jpg,train,no_tumor,notumor,Training/notumor/Tr-no_208.jpg,5bb24e6f73d52c50e2105667ad704db8,237,248
data\binary\train\tumor\meningioma_Tr-me_1067.jpg,train,tumor,meningioma,Training/meningioma/Tr-me_1067.jpg,c3b9b6b8b5873a895c2b3c193f899a3c,512,512
data\binary\train\no_tumor\notumor_Tr-no_1330.jpg,train,no_tumor,notumor,Training/notumor/Tr-no_1330.jpg,aa86a91e84f337895ac6c95378e5cc54,468,444
data\binary\train\no_tumor\notumor_Tr-no_1346.jpg,train,no_tumor,notumor,Training/notumor/Tr-no_1346.jpg,7f4d91f6e5c91dc0501e9d9562042f58,206,244
data\binary\train\no_tumor\notumor_Tr-no_1394.jpg,train,no_tumor,notumor,Training/notumor/Tr-no_1394.jpg,214c518a9af5f41f30aca88cb982b58a,236,236
data\binary\train\tumor\glioma_Tr-gl_1348.jpg,train,tumor,glioma,Training/glioma/Tr-gl_1348.jpg,b23cdbe82f63fc7ecdeac5774c2de12e,512,512
data\binary\train\tumor\pituitary_Tr-pi_220.jpg,train,tumor,pituitary,Training/pituitary/Tr-pi_220.jpg,8fa9a4d352375e1c0827508a3e9aab3d,512,512
data\binary\train\tumor\meningioma_Tr-me_730.jpg,train,tumor,meningioma,Training/meningioma/Tr-me_730.jpg,3f49bcced025fa10a27df56600d8f894,512,512
data\binary\train\no_tumor\notumor_Tr-no_247.jpg,train,no_tumor,notumor,Training/notumor/Tr-no_247.jpg,55059c3698134cd82579dcff019f52e4,236,251
data\binary\train\tumor\meningioma_Tr-me_841.jpg,train,tumor,meningioma,Training/meningioma/Tr-me_841.jpg,789f6e7cb923d44bdf61da9091b297e4,512,512
data\binary\train\tumor\meningioma_Tr-me_355.jpg,train,tumor,meningioma,Training/meningioma/Tr-me_355.jpg,c98fc42cd9fc5f7744866bd94dd3798e,512,512
data\binary\train\no_tumor\notumor_Tr-no_613.jpg,train,no_tumor,notumor,Training/notumor/Tr-no_613.jpg,2811b13cce8f394e60e6cb34b62b9470,201,250
data\binary\train\tumor\pituitary_Tr-pi_1089.jpg,train,tumor,pituitary,Training/pituitary/Tr-pi_1089.jpg,abbf2007117a27593eb146c5d9310cfc,512,512
data\binary\train\tumor\meningioma_Tr-me_169.jpg,train,tumor,meningioma,Training/meningioma/Tr-me_169.jpg,64965ac07db0e5a6226a93e988ae3ed9,512,512
data\binary\train\tumor\glioma_Tr-gl_1208.jpg,train,tumor,glioma,Training/glioma/Tr-gl_1208.jpg,b43433569302452119526b2eef4b1b6a,512,512
data\binary\train\no_tumor\notumor_Tr-no_391.jpg,train,no_tumor,notumor,Training/notumor/Tr-no_391.jpg,e49f76019b513257ead12dec87b53394,225,225
data\binary\train\tumor\glioma_Tr-gl_1308.jpg,train,tumor,glioma,Training/glioma/Tr-gl_1308.jpg,ac99e8993a7b4408d61d4101b40859bf,512,512
data\binary\train\tumor\pituitary_Tr-pi_240.jpg,train,tumor,pituitary,Training/pituitary/Tr-pi_240.jpg,50f4a22c43e940062b34ff2b7c170ca7,512,512
data\binary\train\tumor\meningioma_Tr-me_296.jpg,train,tumor,meningioma,Training/meningioma/Tr-me_296.jpg,8fcc21a3360756ef359e43f788cfa213,512,512
data\binary\train\no_tumor\notumor_Tr-no_168.jpg,train,no_tumor,notumor,Training/notumor/Tr-no_168.jpg,bbe4e3817fcf574daf45adf8a2915106,236,236
data\binary\train\tumor\meningioma_Tr-me_711.jpg,train,tumor,meningioma,Training/meningioma/Tr-me_711.jpg,37e879073805f253223cf63dc2248641,512,512
data\binary\train\no_tumor\notumor_Tr-no_956.jpg,train,no_tumor,notumor,Training/notumor/Tr-no_956.jpg,13c68561c7daa3e674ad8634fe48db0b,225,225
data\binary\train\tumor\glioma_Tr-gl_192.jpg,train,tumor,glioma,Training/glioma/Tr-gl_192.jpg,846a6f49563642bf634230d81f17ab15,512,512
data\binary\train\tumor\meningioma_Tr-me_550.jpg,train,tumor,meningioma,Training/meningioma/Tr-me_550.jpg,54e6cc591f204f7165a6669a73a1804c,512,512
data\binary\train\tumor\meningioma_Tr-aug-me_69.jpg,train,tumor,meningioma,Training/meningioma/Tr-aug-me_69.jpg,32633d4c150276025e39f1e1fb64d08f,512,512
data\binary\train\tumor\meningioma_Tr-me_505.jpg,train,tumor,meningioma,Training/meningioma/Tr-me_505.jpg,c2f7876a80be5c92b5fe5bfe19b93753,512,512
data\binary\train\tumor\pituitary_Tr-pi_1115.jpg,train,tumor,pituitary,Training/pituitary/Tr-pi_1115.jpg,86627bd56e21a0a8a26864aa536b43a1,512,512
data\binary\train\tumor\pituitary_Tr-pi_252.jpg,train,tumor,pituitary,Training/pituitary/Tr-pi_252.jpg,52dc34068dd818e43151164a466fc93e,512,512
data\binary\train\tumor\pituitary_Tr-pi_56.jpg,train,tumor,pituitary,Training/pituitary/Tr-pi_56.jpg,470fb1aa43a9d39b21735b4095698aaa,512,512
data\binary\train\tumor\glioma_Tr-gl_1158.jpg,train,tumor,glioma,Training/glioma/Tr-gl_1158.jpg,12bb24f696aeebc791da35fff292cb2b,512,512
data\binary\train\no_tumor\notumor_Tr-no_901.jpg,train,no_tumor,notumor,Training/notumor/Tr-no_901.jpg,d27fe2b6904669a2188ad7786bc378a8,442,442
data\binary\train\tumor\meningioma_Tr-me_157.jpg,train,tumor,meningioma,Training/meningioma/Tr-me_157.jpg,00040409d120315633f74805ce0ae401,512,512
data\binary\train\tumor\glioma_Tr-gl_1288.jpg,train,tumor,glioma,Training/glioma/Tr-gl_1288.jpg,600d1dbf2744f0fda73fc176c831f2cc,512,512
data\binary\train\tumor\glioma_Tr-gl_293.jpg,train,tumor,glioma,Training/glioma/Tr-gl_293.jpg,9134870bd7b59a6993a153235f41ce58,512,512
data\binary\train\tumor\pituitary_Tr-pi_1079.jpg,train,tumor,pituitary,Training/pituitary/Tr-pi_1079.jpg,3087dd86997b974309f0a2acd70ef599,512,512
data\binary\train\tumor\glioma_Tr-gl_1175.jpg,train,tumor,glioma,Training/glioma/Tr-gl_1175.jpg,95970335755f7907c074a46bfd1748f8,512,512
data\binary\train\tumor\glioma_Tr-gl_278.jpg,train,tumor,glioma,Training/glioma/Tr-gl_278.jpg,8ace098f11dde313edcf2ce1b31bcd96,512,512
data\binary\train\no_tumor\notumor_Tr-no_927.jpg,train,no_tumor,notumor,Training/notumor/Tr-no_927.jpg,bc2a591acef28a6cea260719cad4457e,236,213
data\binary\train\tumor\glioma_Tr-gl_126.jpg,train,tumor,glioma,Training/glioma/Tr-gl_126.jpg,cb994e7c375b19da10a901aecb62ee94,512,512
data\binary\train\no_tumor\notumor_Tr-no_182.jpg,train,no_tumor,notumor,Training/notumor/Tr-no_182.jpg,3a78092a0aad3cce032ef34c559fa343,428,417
data\binary\train\tumor\glioma_Tr-gl_935.jpg,train,tumor,glioma,Training/glioma/Tr-gl_935.jpg,5e033248d7dd3dfcdda38a77924fe8d5,512,512
data\binary\train\tumor\pituitary_Tr-pi_1394.jpg,train,tumor,pituitary,Training/pituitary/Tr-pi_1394.jpg,3668ed9085d384256e6dd4aebe06f346,512,512
data\binary\train\no_tumor\notumor_Tr-no_621.jpg,train,no_tumor,notumor,Training/notumor/Tr-no_621.jpg,228c0c1d9f4f44edfb33e085d3e5aa42,300,168
data\binary\train\tumor\meningioma_Tr-me_585.jpg,train,tumor,meningioma,Training/meningioma/Tr-me_585.jpg,37f05ce3f6d33f50542019159faad59b,512,512
data\binary\train\tumor\pituitary_Tr-pi_889.jpg,train,tumor,pituitary,Training/pituitary/Tr-pi_889.jpg,43e60701ad7b923fc477e9276ed444d6,512,512
data\binary\train\tumor\glioma_Tr-gl_827.jpg,train,tumor,glioma,Training/glioma/Tr-gl_827.jpg,02727914e9d2298c69a1661558686377,512,512
data\binary\train\tumor\pituitary_Tr-pi_1045.jpg,train,tumor,pituitary,Training/pituitary/Tr-pi_1045.jpg,c956f6e9720055f8673665414be2eed5,512,512
data\binary\train\tumor\glioma_Tr-gl_849.jpg,train,tumor,glioma,Training/glioma/Tr-gl_849.jpg,2f6b81c63334c9436114d3dfad637324,512,512
data\binary\train\tumor\pituitary_Tr-pi_915.jpg,train,tumor,pituitary,Training/pituitary/Tr-pi_915.jpg,506b5f3b8a45b1487ac663992b2570d5,512,512
data\binary\train\tumor\glioma_Tr-gl_1040.jpg,train,tumor,glioma,Training/glioma/Tr-gl_1040.jpg,71b76a3aeec3f825ce3addbd514cb086,512,512
data\binary\train\no_tumor\notumor_Tr-no_697.jpg,train,no_tumor,notumor,Training/notumor/Tr-no_697.jpg,798a2d0de0bfa2bd26bf35d3ed353798,215,234
data\binary\train\tumor\glioma_Tr-gl_1216.jpg,train,tumor,glioma,Training/glioma/Tr-gl_1216.jpg,968e524c69223d0a83c7a27a62d0051f,512,512
data\binary\train\no_tumor\notumor_Tr-no_1106.jpg,train,no_tumor,notumor,Training/notumor/Tr-no_1106.jpg,144a3fc268c4331911be8e512c7c7b6e,150,198
data\binary\train\tumor\meningioma_Tr-me_216.jpg,train,tumor,meningioma,Training/meningioma/Tr-me_216.jpg,5de134b34730397c022685313df31747,512,512
data\binary\train\tumor\glioma_Tr-gl_870.jpg,train,tumor,glioma,Training/glioma/Tr-gl_870.jpg,67b183cda5fb0cd9ab9d420be68ce77a,512,512
data\binary\train\tumor\meningioma_Tr-me_581.jpg,train,tumor,meningioma,Training/meningioma/Tr-me_581.jpg,42972b5b6d74f1e935b9244afc7dd3f5,512,512
data\binary\train\tumor\glioma_Tr-gl_579.jpg,train,tumor,glioma,Training/glioma/Tr-gl_579.jpg,a918c9a0bf1685702268c71d8ca0a607,512,512
data\binary\train\tumor\pituitary_Tr-pi_1067.jpg,train,tumor,pituitary,Training/pituitary/Tr-pi_1067.jpg,f146a871b08caad245c44737bf41aded,512,512
data\binary\train\tumor\meningioma_Tr-me_1013.jpg,train,tumor,meningioma,Training/meningioma/Tr-me_1013.jpg,2322b4dd0250b61bbc1f6b1e1c3063e8,512,512
data\binary\train\tumor\glioma_Tr-gl_1073.jpg,train,tumor,glioma,Training/glioma/Tr-gl_1073.jpg,6ae287f61efa5ae1e0eca5fdede5507a,512,512
data\binary\train\tumor\glioma_Tr-gl_659.jpg,train,tumor,glioma,Training/glioma/Tr-gl_659.jpg,8c7f90b0bceaf49001a8c12176b0f404,512,512
data\binary\train\tumor\meningioma_Tr-me_1217.jpg,train,tumor,meningioma,Training/meningioma/Tr-me_1217.jpg,51c789829280fa349365af59a4d8e212,512,512
data\binary\train\tumor\pituitary_Tr-pi_1361.jpg,train,tumor,pituitary,Training/pituitary/Tr-pi_1361.jpg,e6bf670ed6df076faa4f4b79c803d1cb,512,512
data\binary\train\no_tumor\notumor_Tr-no_495.jpg,train,no_tumor,notumor,Training/notumor/Tr-no_495.jpg,45fcb6cf8b901f7f9657485ed7a0c665,225,225
data\binary\train\no_tumor\notumor_Tr-no_837.jpg,train,no_tumor,notumor,Training/notumor/Tr-no_837.jpg,1dcf3d5e79ca5649586e252594baad5e,276,326
data\binary\train\tumor\glioma_Tr-gl_931.jpg,train,tumor,glioma,Training/glioma/Tr-gl_931.jpg,70cc51ef7d807aebcda0ed08576178f6,512,512
data\binary\train\tumor\pituitary_Tr-pi_1034.jpg,train,tumor,pituitary,Training/pituitary/Tr-pi_1034.jpg,f888797ab6904155c47794514b298aae,512,512
data\binary\train\tumor\glioma_Tr-gl_1042.jpg,train,tumor,glioma,Training/glioma/Tr-gl_1042.jpg,5eff39bd3672bdc771e9adee9d867afe,512,512
data\binary\train\tumor\meningioma_Tr-me_368.jpg,train,tumor,meningioma,Training/meningioma/Tr-me_368.jpg,074487621c5b27d97e0a352e9c6bd8d0,512,512
data\binary\train\no_tumor\notumor_Tr-no_427.jpg,train,no_tumor,notumor,Training/notumor/Tr-no_427.jpg,ca00f551c1f10fe0cbf2e3b90cdfc638,150,198
data\binary\train\tumor\meningioma_Tr-me_967.jpg,train,tumor,meningioma,Training/meningioma/Tr-me_967.jpg,1454a5628113148750de2ed559224abf,512,512
data\binary\train\tumor\pituitary_Tr-pi_365.jpg,train,tumor,pituitary,Training/pituitary/Tr-pi_365.jpg,c5354092578bbfd43c3a5f104bb3de3a,512,512
data\binary\train\tumor\glioma_Tr-gl_47.jpg,train,tumor,glioma,Training/glioma/Tr-gl_47.jpg,34e25a9190108c2663c45170bf4c0545,512,512
data\binary\train\tumor\meningioma_Tr-me_1134.jpg,train,tumor,meningioma,Training/meningioma/Tr-me_1134.jpg,a4b86379f7d7b683efb698472c70beb5,512,512
data\binary\train\tumor\pituitary_Tr-pi_578.jpg,train,tumor,pituitary,Training/pituitary/Tr-pi_578.jpg,5707068ba5a8f46f63748ff22e27407c,512,512
data\binary\train\tumor\pituitary_Tr-pi_1029.jpg,train,tumor,pituitary,Training/pituitary/Tr-pi_1029.jpg,bdca7bf66eb2bc308eeb749b5ef5d7ac,900,741
data\binary\train\tumor\meningioma_Tr-me_54.jpg,train,tumor,meningioma,Training/meningioma/Tr-me_54.jpg,1dcee844d5c696ae9d8ec91c4342b6d7,512,512
data\binary\train\tumor\meningioma_Tr-me_1172.jpg,train,tumor,meningioma,Training/meningioma/Tr-me_1172.jpg,d1796efcbdb43f9f165031b4c78c55a3,512,512
data\binary\train\no_tumor\notumor_Tr-no_715.jpg,train,no_tumor,notumor,Training/notumor/Tr-no_715.jpg,4864b5fdf97f12e2e4398f3bdd5251ab,630,630
data\binary\train\tumor\pituitary_Tr-pi_1121.jpg,train,tumor,pituitary,Training/pituitary/Tr-pi_1121.jpg,2e12ebbd9f753034221a48aeb1bc3167,512,512
data\binary\train\no_tumor\notumor_Tr-no_1152.jpg,train,no_tumor,notumor,Training/notumor/Tr-no_1152.jpg,0fa7f729317cf24cda100573ba341551,214,236
data\binary\train\no_tumor\notumor_Tr-no_572.jpg,train,no_tumor,notumor,Training/notumor/Tr-no_572.jpg,b4e35c8ff7a8c169d3f6010bd0720935,442,454
data\binary\train\tumor\glioma_Tr-gl_105.jpg,train,tumor,glioma,Training/glioma/Tr-gl_105.jpg,4463f384f1e3a5b4185abf696cb3c6b8,512,512
data\binary\train\no_tumor\notumor_Tr-no_293.jpg,train,no_tumor,notumor,Training/notumor/Tr-no_293.jpg,a83cb7f08470fe605a874d75e12aec8a,150,198
data\binary\train\tumor\meningioma_Tr-aug-me_33.jpg,train,tumor,meningioma,Training/meningioma/Tr-aug-me_33.jpg,0291aa3fc68df1bc159552c7425ffed3,512,512
data\binary\train\tumor\meningioma_Tr-me_1206.jpg,train,tumor,meningioma,Training/meningioma/Tr-me_1206.jpg,3112242dbc33f119770b9a2cf0035c82,512,512
data\binary\train\tumor\meningioma_Tr-me_497.jpg,train,tumor,meningioma,Training/meningioma/Tr-me_497.jpg,04905e66c59d8c32359598bbaf766723,219,234
data\binary\train\tumor\glioma_Tr-gl_581.jpg,train,tumor,glioma,Training/glioma/Tr-gl_581.jpg,3e9c13b57c7935a4c786494f94c84b1f,512,512
data\binary\train\tumor\meningioma_Tr-me_1059.jpg,train,tumor,meningioma,Training/meningioma/Tr-me_1059.jpg,7609b782b7158ae4119962ca7ac3737f,512,512
data\binary\train\no_tumor\notumor_Tr-no_885.jpg,train,no_tumor,notumor,Training/notumor/Tr-no_885.jpg,52884d35670fb1bf6423560e90abbfd7,150,198
data\binary\train\tumor\pituitary_Tr-pi_573.jpg,train,tumor,pituitary,Training/pituitary/Tr-pi_573.jpg,193d92a43c293e9ec74c379060e47526,512,512
data\binary\train\tumor\meningioma_Tr-me_237.jpg,train,tumor,meningioma,Training/meningioma/Tr-me_237.jpg,7332c7762622f6c452e97dbd6217bd3f,512,512
data\binary\train\tumor\pituitary_Tr-pi_950.jpg,train,tumor,pituitary,Training/pituitary/Tr-pi_950.jpg,0010727efcd278c61306172ec0ca5a3f,512,512
data\binary\train\tumor\glioma_Tr-gl_936.jpg,train,tumor,glioma,Training/glioma/Tr-gl_936.jpg,feeb0517d886a7f317cfb2f9dd3f2011,512,512
data\binary\train\tumor\glioma_Tr-gl_728.jpg,train,tumor,glioma,Training/glioma/Tr-gl_728.jpg,143148ed6d625c2f99e280a774bf9944,512,512
data\binary\train\tumor\pituitary_Tr-pi_1060.jpg,train,tumor,pituitary,Training/pituitary/Tr-pi_1060.jpg,adbc4627a6dcbe6881187a5f09d02179,512,512
data\binary\train\no_tumor\notumor_Tr-no_511.jpg,train,no_tumor,notumor,Training/notumor/Tr-no_511.jpg,7793024f235f4165b1dac6e5df4624de,225,225
data\binary\train\tumor\pituitary_Tr-pi_1069.jpg,train,tumor,pituitary,Training/pituitary/Tr-pi_1069.jpg,8edd7c1e42fbec99ecf6b434bdf38ca9,512,512
data\binary\train\tumor\meningioma_Tr-me_163.jpg,train,tumor,meningioma,Training/meningioma/Tr-me_163.jpg,65d193f72d882ecc85d495ddceb5952a,512,512
data\binary\train\no_tumor\notumor_Tr-no_471.jpg,train,no_tumor,notumor,Training/notumor/Tr-no_471.jpg,32841725490c079c55d66a2c7486a3a7,339,340
data\binary\train\tumor\glioma_Tr-gl_701.jpg,train,tumor,glioma,Training/glioma/Tr-gl_701.jpg,0a95cdaf8fea811b575359b57c6588f2,512,512
data\binary\train\tumor\meningioma_Tr-me_434.jpg,train,tumor,meningioma,Training/meningioma/Tr-me_434.jpg,eb4077c4f102b98571446bd595be21df,512,512
data\binary\train\no_tumor\notumor_Tr-no_488.jpg,train,no_tumor,notumor,Training/notumor/Tr-no_488.jpg,ef664509ea1faf76cf1571f5ab019268,201,251
data\binary\train\tumor\pituitary_Tr-pi_1008.jpg,train,tumor,pituitary,Training/pituitary/Tr-pi_1008.jpg,95eb4f162a90ade163fb56c7deae6b0f,512,512
data\binary\train\tumor\pituitary_Tr-pi_627.jpg,train,tumor,pituitary,Training/pituitary/Tr-pi_627.jpg,51d12bb96590e8b7eada99b683afe62d,512,512
data\binary\train\tumor\glioma_Tr-gl_592.jpg,train,tumor,glioma,Training/glioma/Tr-gl_592.jpg,dd19ea2087e82d8c03bbf953127b7a71,512,512
data\binary\train\tumor\pituitary_Tr-pi_390.jpg,train,tumor,pituitary,Training/pituitary/Tr-pi_390.jpg,98174522db4d8b32089db40876540276,512,512
data\binary\train\tumor\glioma_Tr-gl_784.jpg,train,tumor,glioma,Training/glioma/Tr-gl_784.jpg,81e03ce6475bcd2e45abef5cd364b486,512,512
data\binary\train\tumor\pituitary_Tr-pi_345.jpg,train,tumor,pituitary,Training/pituitary/Tr-pi_345.jpg,9da6b7458c66ea16ee862a2315b3e404,512,512
data\binary\train\no_tumor\notumor_Tr-no_1242.jpg,train,no_tumor,notumor,Training/notumor/Tr-no_1242.jpg,16ae0ed310da7fb1c9bfdb648544815e,236,300
data\binary\train\tumor\glioma_Tr-gl_1114.jpg,train,tumor,glioma,Training/glioma/Tr-gl_1114.jpg,9adac23295ac52027507ba3a454dc66c,512,512
data\binary\train\tumor\meningioma_Tr-me_929.jpg,train,tumor,meningioma,Training/meningioma/Tr-me_929.jpg,a8d90e0546f629a171423d9727cc9007,512,512
data\binary\train\tumor\pituitary_Tr-pi_766.jpg,train,tumor,pituitary,Training/pituitary/Tr-pi_766.jpg,747b115a06d9ef39d8b7ec762816bcec,512,512
data\binary\train\tumor\glioma_Tr-gl_497.jpg,train,tumor,glioma,Training/glioma/Tr-gl_497.jpg,bedf6c0c2102f9e904275d67fb62cb95,512,512
data\binary\train\tumor\meningioma_Tr-me_137.jpg,train,tumor,meningioma,Training/meningioma/Tr-me_137.jpg,12754b28a169fdda7bd1ccab56b39c18,512,512
data\binary\train\tumor\meningioma_Tr-me_708.jpg,train,tumor,meningioma,Training/meningioma/Tr-me_708.jpg,ba11ff2135d9c60ad583d71fb86a801d,512,512
data\binary\train\tumor\glioma_Tr-gl_719.jpg,train,tumor,glioma,Training/glioma/Tr-gl_719.jpg,357400aba8fa5dfdcc3095e406e6195d,512,512
data\binary\train\tumor\meningioma_Tr-me_161.jpg,train,tumor,meningioma,Training/meningioma/Tr-me_161.jpg,3140cecce543be6a8bc7e1f75e70987e,512,512
data\binary\train\tumor\pituitary_Tr-pi_732.jpg,train,tumor,pituitary,Training/pituitary/Tr-pi_732.jpg,65ba821e87aad17fccae4adba98d66ee,512,512
data\binary\train\tumor\glioma_Tr-gl_918.jpg,train,tumor,glioma,Training/glioma/Tr-gl_918.jpg,5f3688c720fa1e4ae26dd93603b34357,512,512
data\binary\train\tumor\glioma_Tr-gl_102.jpg,train,tumor,glioma,Training/glioma/Tr-gl_102.jpg,83b5cfe3380cb9e161cad633c1d6d7f1,512,512
data\binary\train\no_tumor\notumor_Tr-no_542.jpg,train,no_tumor,notumor,Training/notumor/Tr-no_542.jpg,5bed6815003d1c0d70d9d65f7eabca5a,356,474
data\binary\train\tumor\pituitary_Tr-pi_308.jpg,train,tumor,pituitary,Training/pituitary/Tr-pi_308.jpg,9a12c0679ca50511da9612b19a6db6bc,512,512
data\binary\train\tumor\meningioma_Tr-me_782.jpg,train,tumor,meningioma,Training/meningioma/Tr-me_782.jpg,1b1f4c4edaad4e36abcd9024589cd5a4,512,512
data\binary\train\no_tumor\notumor_Tr-no_1381.jpg,train,no_tumor,notumor,Training/notumor/Tr-no_1381.jpg,fac21b1546d7fa98cdfa0f52cbe0ea82,630,630
data\binary\train\tumor\glioma_Tr-gl_1357.jpg,train,tumor,glioma,Training/glioma/Tr-gl_1357.jpg,4688285ce34277b656b7459e6eaaf8e0,512,512
data\binary\train\tumor\meningioma_Tr-me_842.jpg,train,tumor,meningioma,Training/meningioma/Tr-me_842.jpg,1590cdc782e09d05354e48bbd1237929,512,512
data\binary\train\tumor\glioma_Tr-gl_223.jpg,train,tumor,glioma,Training/glioma/Tr-gl_223.jpg,32e98968639e718db496ee398b2d33d2,512,512
data\binary\train\no_tumor\notumor_Tr-no_313.jpg,train,no_tumor,notumor,Training/notumor/Tr-no_313.jpg,7578eda8ae3e386ccc54440be4e3432f,228,221
data\binary\train\tumor\meningioma_Tr-me_618.jpg,train,tumor,meningioma,Training/meningioma/Tr-me_618.jpg,5896b6a00076b4f578ef1c99a0aee3e5,512,512
data\binary\train\tumor\pituitary_Tr-pi_150.jpg,train,tumor,pituitary,Training/pituitary/Tr-pi_150.jpg,0f18cc390a4c088848b220b55263f98d,512,512
data\binary\train\tumor\glioma_Tr-gl_646.jpg,train,tumor,glioma,Training/glioma/Tr-gl_646.jpg,82b9f20d86c1b2a21506594e7ef5b0c2,512,512
data\binary\train\no_tumor\notumor_Tr-no_984.jpg,train,no_tumor,notumor,Training/notumor/Tr-no_984.jpg,128812089cedb7820eb2d30e55eb8cae,228,221
data\binary\train\no_tumor\notumor_Tr-no_1128.jpg,train,no_tumor,notumor,Training/notumor/Tr-no_1128.jpg,baad308a4485e7a59fdd324a51adffc1,215,234
data\binary\train\tumor\glioma_Tr-gl_690.jpg,train,tumor,glioma,Training/glioma/Tr-gl_690.jpg,86a35fd1c4c78d1aeb02efb20504dc6e,512,512
data\binary\train\tumor\pituitary_Tr-pi_188.jpg,train,tumor,pituitary,Training/pituitary/Tr-pi_188.jpg,5979cd3f1bce547d2b82993bfc77b7c6,512,512
data\binary\train\tumor\glioma_Tr-gl_615.jpg,train,tumor,glioma,Training/glioma/Tr-gl_615.jpg,8c3b11ee012500129d92e2598d95c7d1,512,512
data\binary\train\no_tumor\notumor_Tr-no_70.jpg,train,no_tumor,notumor,Training/notumor/Tr-no_70.jpg,76b5738b6c18ba2d1fdb10daf751514c,420,280
data\binary\train\tumor\pituitary_Tr-pi_532.jpg,train,tumor,pituitary,Training/pituitary/Tr-pi_532.jpg,69d9ffd57d7fdbc68bc178f266ffdefc,512,512
data\binary\train\tumor\pituitary_Tr-pi_543.jpg,train,tumor,pituitary,Training/pituitary/Tr-pi_543.jpg,cad5981831799c3ca47cc7dc5f948f59,512,512
data\binary\train\tumor\glioma_Tr-gl_1121.jpg,train,tumor,glioma,Training/glioma/Tr-gl_1121.jpg,f38b9715fda3a3d1ffb5609d684ad7e2,512,512
data\binary\train\tumor\pituitary_Tr-pi_381.jpg,train,tumor,pituitary,Training/pituitary/Tr-pi_381.jpg,04cc2589b2eefe0bb0517edb65aab879,512,512
data\binary\train\tumor\pituitary_Tr-pi_422.jpg,train,tumor,pituitary,Training/pituitary/Tr-pi_422.jpg,d3d0a392321d5dc1147043f2d8bca12a,512,512
data\binary\train\tumor\glioma_Tr-gl_806.jpg,train,tumor,glioma,Training/glioma/Tr-gl_806.jpg,1733b3268650cb37967c45f1820f58fd,512,512
data\binary\train\tumor\glioma_Tr-gl_975.jpg,train,tumor,glioma,Training/glioma/Tr-gl_975.jpg,e758d36d7b386ebf8e89cffa61d31810,512,512
data\binary\train\no_tumor\notumor_Tr-no_531.jpg,train,no_tumor,notumor,Training/notumor/Tr-no_531.jpg,7eace6952937acb0916cd41bb3c4d656,229,214
data\binary\train\no_tumor\notumor_Tr-no_525.jpg,train,no_tumor,notumor,Training/notumor/Tr-no_525.jpg,fdd97467cf80bd5546b940765620ea96,251,273
data\binary\train\tumor\meningioma_Tr-me_325.jpg,train,tumor,meningioma,Training/meningioma/Tr-me_325.jpg,9f670c0d4c87c87e701bc31b2db1f5bf,512,512
data\binary\train\tumor\pituitary_Tr-pi_866.jpg,train,tumor,pituitary,Training/pituitary/Tr-pi_866.jpg,9f2a2b3225b4ec3a005fc46774764197,512,512
data\binary\train\tumor\glioma_Tr-gl_950.jpg,train,tumor,glioma,Training/glioma/Tr-gl_950.jpg,b79b3a81accaf192b0cd1322c142d996,512,512
data\binary\train\tumor\glioma_Tr-gl_1343.jpg,train,tumor,glioma,Training/glioma/Tr-gl_1343.jpg,574a309da446b9d33553f0927a17867e,512,512
data\binary\train\tumor\glioma_Tr-gl_238.jpg,train,tumor,glioma,Training/glioma/Tr-gl_238.jpg,d598ba44b824538a50ffb5d189cb6848,512,512
data\binary\train\tumor\meningioma_Tr-me_707.jpg,train,tumor,meningioma,Training/meningioma/Tr-me_707.jpg,b6aaa488ce4bf6edb1fa4ca4d53a31f7,512,512
data\binary\train\tumor\meningioma_Tr-me_733.jpg,train,tumor,meningioma,Training/meningioma/Tr-me_733.jpg,d45698bce986f40f4f8df35316611bc0,512,512
data\binary\train\tumor\glioma_Tr-gl_508.jpg,train,tumor,glioma,Training/glioma/Tr-gl_508.jpg,05f8fd85c0462b898f83012c93908614,512,512
data\binary\train\no_tumor\notumor_Tr-no_865.jpg,train,no_tumor,notumor,Training/notumor/Tr-no_865.jpg,11118ff96dd17a149cba79f43a30ec31,235,257
data\binary\train\no_tumor\notumor_Tr-no_833.jpg,train,no_tumor,notumor,Training/notumor/Tr-no_833.jpg,1bfee6c951673b151e1ce122551a1ced,359,449
data\binary\train\tumor\meningioma_Tr-me_1189.jpg,train,tumor,meningioma,Training/meningioma/Tr-me_1189.jpg,c1158a5a1252f0f71fd379859c0fb47c,512,512
data\binary\train\tumor\glioma_Tr-gl_750.jpg,train,tumor,glioma,Training/glioma/Tr-gl_750.jpg,17115a935268063ba14abcf23c703f98,512,512
data\binary\train\tumor\meningioma_Tr-me_1255.jpg,train,tumor,meningioma,Training/meningioma/Tr-me_1255.jpg,3093f0f7da1a11e0772748d6397899e3,512,512
data\binary\train\no_tumor\notumor_Tr-no_274.jpg,train,no_tumor,notumor,Training/notumor/Tr-no_274.jpg,02ca354a9c6dcfb0d234f3990937191d,446,512
data\binary\train\tumor\pituitary_Tr-pi_693.jpg,train,tumor,pituitary,Training/pituitary/Tr-pi_693.jpg,c1761b18a3a1ebadc301ede039a4dd9b,512,512
data\binary\train\tumor\glioma_Tr-gl_605.jpg,train,tumor,glioma,Training/glioma/Tr-gl_605.jpg,4fed17e709820666e38fa94f8d55a7d2,512,512
data\binary\train\tumor\glioma_Tr-gl_448.jpg,train,tumor,glioma,Training/glioma/Tr-gl_448.jpg,aa354dbbd0a20c91633d3f2fd7b782d5,512,512
data\binary\train\tumor\pituitary_Tr-pi_74.jpg,train,tumor,pituitary,Training/pituitary/Tr-pi_74.jpg,424441e5454959f55ff66d43e56a72d5,512,512
data\binary\train\no_tumor\notumor_Tr-no_28.jpg,train,no_tumor,notumor,Training/notumor/Tr-no_28.jpg,6540b075d2203949621fb7e5319e51d3,236,236
data\binary\train\tumor\pituitary_Tr-pi_1127.jpg,train,tumor,pituitary,Training/pituitary/Tr-pi_1127.jpg,d075ae911f6b97e58c5d3e33d5d934bf,512,512
data\binary\train\no_tumor\notumor_Tr-no_1029.jpg,train,no_tumor,notumor,Training/notumor/Tr-no_1029.jpg,4b20559cca18496a859b5448a0074c78,630,630
data\binary\train\tumor\meningioma_Tr-me_960.jpg,train,tumor,meningioma,Training/meningioma/Tr-me_960.jpg,3a185692ee03eb1854bd2a96b3cad94d,225,225
data\binary\train\tumor\pituitary_Tr-pi_469.jpg,train,tumor,pituitary,Training/pituitary/Tr-pi_469.jpg,7bbc92dcb1cf03d74d7c2bbfa28327a3,512,512
data\binary\train\tumor\pituitary_Tr-pi_1287.jpg,train,tumor,pituitary,Training/pituitary/Tr-pi_1287.jpg,eb79fba46e299c42cf7b973a373e368c,512,512
data\binary\train\no_tumor\notumor_Tr-no_653.jpg,train,no_tumor,notumor,Training/notumor/Tr-no_653.jpg,aa0c249cefbcd4f24ab92dd5d5379d4b,225,225
data\binary\train\tumor\meningioma_Tr-me_1185.jpg,train,tumor,meningioma,Training/meningioma/Tr-me_1185.jpg,9649b82affebba400981e8234e6a5e46,512,512
data\binary\train\tumor\meningioma_Tr-me_200.jpg,train,tumor,meningioma,Training/meningioma/Tr-me_200.jpg,0017a277c3504d5ca435c69dacb70031,312,401
data\binary\train\no_tumor\notumor_Tr-no_473.jpg,train,no_tumor,notumor,Training/notumor/Tr-no_473.jpg,2979f0422f022037f032b69fda8cbcba,227,262
data\binary\train\tumor\pituitary_Tr-pi_1299.jpg,train,tumor,pituitary,Training/pituitary/Tr-pi_1299.jpg,173bec38b24f31db562066ca26388326,512,512
data\binary\train\tumor\pituitary_Tr-pi_585.jpg,train,tumor,pituitary,Training/pituitary/Tr-pi_585.jpg,752d313554ba660125a4c1c0b6ca2ccf,512,512
data\binary\train\no_tumor\notumor_Tr-no_634.jpg,train,no_tumor,notumor,Training/notumor/Tr-no_634.jpg,615b573e2be9f3eedc5050feba78a0b1,339,340
data\binary\train\no_tumor\notumor_Tr-no_1205.jpg,train,no_tumor,notumor,Training/notumor/Tr-no_1205.jpg,eabe8f8848daf6e6c0a0ae6f5b60129c,236,236
data\binary\train\tumor\glioma_Tr-gl_947.jpg,train,tumor,glioma,Training/glioma/Tr-gl_947.jpg,3634c60246ad4199b09bb38ff6ba22b4,512,512
data\binary\train\tumor\pituitary_Tr-pi_103.jpg,train,tumor,pituitary,Training/pituitary/Tr-pi_103.jpg,c979b7f34c524c88f291ded46205729b,512,512
data\binary\train\tumor\glioma_Tr-gl_722.jpg,train,tumor,glioma,Training/glioma/Tr-gl_722.jpg,5a0a2611a23abe3972e56abe4ec98ddb,512,512
data\binary\train\tumor\pituitary_Tr-pi_161.jpg,train,tumor,pituitary,Training/pituitary/Tr-pi_161.jpg,3144a1ba0865cffdce33da91c4f33be6,512,512
data\binary\train\tumor\pituitary_Tr-pi_53.jpg,train,tumor,pituitary,Training/pituitary/Tr-pi_53.jpg,557c3e41f19b89175f8d7d6918b62b18,512,512
data\binary\train\tumor\glioma_Tr-gl_1293.jpg,train,tumor,glioma,Training/glioma/Tr-gl_1293.jpg,7a3ed938815f1ad39db8fd8dfc290e1d,512,512
data\binary\train\no_tumor\notumor_Tr-no_438.jpg,train,no_tumor,notumor,Training/notumor/Tr-no_438.jpg,b065deb819600afc9012cf180e23a0ce,192,192
data\binary\train\tumor\glioma_Tr-gl_446.jpg,train,tumor,glioma,Training/glioma/Tr-gl_446.jpg,e8979f6806dca61aaa95169f0c48a699,512,512
data\binary\train\no_tumor\notumor_Tr-no_679.jpg,train,no_tumor,notumor,Training/notumor/Tr-no_679.jpg,97d46789d556713f6d515c956c2b602a,442,454
data\binary\train\no_tumor\notumor_Tr-no_1105.jpg,train,no_tumor,notumor,Training/notumor/Tr-no_1105.jpg,c2c5423dd557bd3557a8bd8d4f359acf,203,243
data\binary\train\no_tumor\notumor_Tr-no_108.jpg,train,no_tumor,notumor,Training/notumor/Tr-no_108.jpg,bd59d0d9c33dd953aa066d1dd0f0ab2c,218,231
data\binary\train\tumor\meningioma_Tr-me_930.jpg,train,tumor,meningioma,Training/meningioma/Tr-me_930.jpg,ca571814d2d53e172d977c7ab69e9f35,512,512
data\binary\train\tumor\meningioma_Tr-me_135.jpg,train,tumor,meningioma,Training/meningioma/Tr-me_135.jpg,8be28563d70247a9db36a5f78723cbac,512,512
data\binary\train\tumor\pituitary_Tr-pi_1097.jpg,train,tumor,pituitary,Training/pituitary/Tr-pi_1097.jpg,3f5b4623c84ff56c36418f65d7967c5e,512,512
data\binary\train\tumor\glioma_Tr-gl_1219.jpg,train,tumor,glioma,Training/glioma/Tr-gl_1219.jpg,3624c64991e2471a319c8466eee2d35a,512,512
data\binary\train\tumor\meningioma_Tr-me_385.jpg,train,tumor,meningioma,Training/meningioma/Tr-me_385.jpg,d944c54c42a60a1e5be13e3f1a09c9c8,512,512
data\binary\train\tumor\pituitary_Tr-pi_545.jpg,train,tumor,pituitary,Training/pituitary/Tr-pi_545.jpg,943ebbe7a83590cf8e09f8293e55668d,512,512
data\binary\train\tumor\glioma_Tr-gl_275.jpg,train,tumor,glioma,Training/glioma/Tr-gl_275.jpg,f8a78ca7ff7fead06a041dd0b34c1768,512,512
data\binary\train\tumor\glioma_Tr-gl_182.jpg,train,tumor,glioma,Training/glioma/Tr-gl_182.jpg,aaee59a36d7a8eb209951c6c6bf9da5a,512,512
data\binary\train\tumor\glioma_Tr-gl_159.jpg,train,tumor,glioma,Training/glioma/Tr-gl_159.jpg,bfaea9f848c09324e86fe63bd28624ba,512,512
data\binary\train\tumor\pituitary_Tr-pi_1216.jpg,train,tumor,pituitary,Training/pituitary/Tr-pi_1216.jpg,fce73112cc20ebf24a6a95309a34545c,512,512
data\binary\train\tumor\pituitary_Tr-pi_1118.jpg,train,tumor,pituitary,Training/pituitary/Tr-pi_1118.jpg,dceac0ac63e83eba11a3ae308b4a4d4d,512,512
data\binary\train\tumor\meningioma_Tr-me_722.jpg,train,tumor,meningioma,Training/meningioma/Tr-me_722.jpg,83f3b2f7aee3882a4ff758da4836abd7,512,512
data\binary\train\tumor\meningioma_Tr-me_1085.jpg,train,tumor,meningioma,Training/meningioma/Tr-me_1085.jpg,441e0a989c0581bcbca1f5a8353d7f1f,512,512
data\binary\train\tumor\glioma_Tr-gl_409.jpg,train,tumor,glioma,Training/glioma/Tr-gl_409.jpg,a8cbe09900ddbc0481298fa2ce536163,512,512
data\binary\train\tumor\meningioma_Tr-me_197.jpg,train,tumor,meningioma,Training/meningioma/Tr-me_197.jpg,ab9a1ac5ed9836ffa3a5c5ec65007b3a,512,512
data\binary\train\tumor\pituitary_Tr-pi_887.jpg,train,tumor,pituitary,Training/pituitary/Tr-pi_887.jpg,66b7439180ffc482be698b55afb15882,512,512
data\binary\train\no_tumor\notumor_Tr-no_1272.jpg,train,no_tumor,notumor,Training/notumor/Tr-no_1272.jpg,8f27ea36721a45b6ccba50fb3dbcea13,177,197
data\binary\train\tumor\glioma_Tr-gl_1037.jpg,train,tumor,glioma,Training/glioma/Tr-gl_1037.jpg,a3dff825bd5ffbdb767786c467d6622c,512,512
data\binary\train\tumor\meningioma_Tr-me_1281.jpg,train,tumor,meningioma,Training/meningioma/Tr-me_1281.jpg,ce5961f23f9124549aa426a5bea9d06e,512,512
data\binary\train\tumor\meningioma_Tr-me_546.jpg,train,tumor,meningioma,Training/meningioma/Tr-me_546.jpg,3b6d72dce556d2b4770408fd6a87560a,512,512
data\binary\train\tumor\pituitary_Tr-pi_1019.jpg,train,tumor,pituitary,Training/pituitary/Tr-pi_1019.jpg,e3f6e544e2b51fe8ad53a4e9e43b1c28,512,512
data\binary\train\no_tumor\notumor_Tr-no_850.jpg,train,no_tumor,notumor,Training/notumor/Tr-no_850.jpg,22a175f24590fcc6c1a080ec64346fce,339,340
data\binary\train\tumor\pituitary_Tr-pi_307.jpg,train,tumor,pituitary,Training/pituitary/Tr-pi_307.jpg,8e478257ccee4b4e4e5af44cd446ecc8,512,512
data\binary\train\tumor\meningioma_Tr-me_1271.jpg,train,tumor,meningioma,Training/meningioma/Tr-me_1271.jpg,9fef44175b3b6a8cb21e1585475bdc0d,512,512
data\binary\train\no_tumor\notumor_Tr-no_1223.jpg,train,no_tumor,notumor,Training/notumor/Tr-no_1223.jpg,4e8598aa6cd14305f24704f432a12d66,200,252
data\binary\train\tumor\meningioma_Tr-me_564.jpg,train,tumor,meningioma,Training/meningioma/Tr-me_564.jpg,b50425936e8320537662f275bcbdee9e,512,512
data\binary\train\tumor\meningioma_Tr-me_1195.jpg,train,tumor,meningioma,Training/meningioma/Tr-me_1195.jpg,ad80a184dd8cf3611659db5eb3795d1a,512,512
data\binary\train\no_tumor\notumor_Tr-no_1232.jpg,train,no_tumor,notumor,Training/notumor/Tr-no_1232.jpg,c998853fe6004a6ffe594f85b47f3764,428,417
data\binary\train\no_tumor\notumor_Tr-no_622.jpg,train,no_tumor,notumor,Training/notumor/Tr-no_622.jpg,1ee2f37cbd71a0f2b5b7530544d2aa2c,630,630
data\binary\train\no_tumor\notumor_Tr-no_53.jpg,train,no_tumor,notumor,Training/notumor/Tr-no_53.jpg,918a98be9f62977fe9aeb3fd741e6584,173,201
data\binary\train\tumor\meningioma_Tr-me_719.jpg,train,tumor,meningioma,Training/meningioma/Tr-me_719.jpg,33d12e03930ea93eec1afc06044fa6ad,512,512
data\binary\train\tumor\meningioma_Tr-me_612.jpg,train,tumor,meningioma,Training/meningioma/Tr-me_612.jpg,3341a349436b9853200203995b5ba822,512,512
data\binary\train\no_tumor\notumor_Tr-no_183.jpg,train,no_tumor,notumor,Training/notumor/Tr-no_183.jpg,457f07acb845989ee16157ff82fd6758,550,664
data\binary\train\tumor\meningioma_Tr-me_1230.jpg,train,tumor,meningioma,Training/meningioma/Tr-me_1230.jpg,0c4259d35df4e1829fe4ed6e72fb5f28,512,512
data\binary\train\tumor\meningioma_Tr-me_1218.jpg,train,tumor,meningioma,Training/meningioma/Tr-me_1218.jpg,e907b997a6f372e3cc2e8d1aacca19b6,512,512
data\binary\train\tumor\glioma_Tr-gl_85.jpg,train,tumor,glioma,Training/glioma/Tr-gl_85.jpg,25da6db9607717224c19c3a63f3e1ac3,512,512
data\binary\train\tumor\pituitary_Tr-pi_1070.jpg,train,tumor,pituitary,Training/pituitary/Tr-pi_1070.jpg,9e150c99d3c8eac83f92896ea2c4dd5a,512,512
data\binary\train\no_tumor\notumor_Tr-no_1236.jpg,train,no_tumor,notumor,Training/notumor/Tr-no_1236.jpg,9efd086982f718de0831a425316fd390,225,225
data\binary\train\tumor\pituitary_Tr-pi_1218.jpg,train,tumor,pituitary,Training/pituitary/Tr-pi_1218.jpg,23bb738272f8716c20015e5d8bb1cf1e,512,512
data\binary\train\no_tumor\notumor_Tr-no_143.jpg,train,no_tumor,notumor,Training/notumor/Tr-no_143.jpg,2c3f26cee58e078bc32ac1d9d5dbc807,630,630
data\binary\train\tumor\pituitary_Tr-pi_197.jpg,train,tumor,pituitary,Training/pituitary/Tr-pi_197.jpg,e6130a277630eabb0934d2f85950190d,512,512
data\binary\train\tumor\pituitary_Tr-pi_1011.jpg,train,tumor,pituitary,Training/pituitary/Tr-pi_1011.jpg,88327fcda817b921a0ca9a08700e0923,512,512
data\binary\train\tumor\meningioma_Tr-aug-me_56.jpg,train,tumor,meningioma,Training/meningioma/Tr-aug-me_56.jpg,f5e93c150dbf9bce6609cf6517441752,512,512
data\binary\train\tumor\glioma_Tr-gl_1058.jpg,train,tumor,glioma,Training/glioma/Tr-gl_1058.jpg,6f9ca5af68945c2690996119adfa32d1,512,512
data\binary\train\tumor\pituitary_Tr-pi_159.jpg,train,tumor,pituitary,Training/pituitary/Tr-pi_159.jpg,643cea3376f20f7bce463065ab243179,512,512
data\binary\train\tumor\meningioma_Tr-me_488.jpg,train,tumor,meningioma,Training/meningioma/Tr-me_488.jpg,2f779546c7bb7c813e92ab6f34084ffb,512,512
data\binary\train\tumor\meningioma_Tr-me_34.jpg,train,tumor,meningioma,Training/meningioma/Tr-me_34.jpg,dd3620967c3e91fc60e20e732fa3174b,512,512
data\binary\train\tumor\glioma_Tr-gl_1052.jpg,train,tumor,glioma,Training/glioma/Tr-gl_1052.jpg,b4c8d98192db55a8d945ac89a81b074f,512,512
data\binary\train\tumor\pituitary_Tr-pi_572.jpg,train,tumor,pituitary,Training/pituitary/Tr-pi_572.jpg,7ee1d890539dd2031f69cdc5b73ca636,512,512
data\binary\train\tumor\meningioma_Tr-me_1117.jpg,train,tumor,meningioma,Training/meningioma/Tr-me_1117.jpg,8631165e0277f7a8382446cd2623a557,512,512
data\binary\train\no_tumor\notumor_Tr-no_744.jpg,train,no_tumor,notumor,Training/notumor/Tr-no_744.jpg,f8aa9999d5e9fb8517c309c2e73d3937,225,225
data\binary\train\tumor\glioma_Tr-gl_1233.jpg,train,tumor,glioma,Training/glioma/Tr-gl_1233.jpg,f341e2c3addfffaf7f11e7b0016c96f9,512,512
data\binary\train\tumor\meningioma_Tr-me_949.jpg,train,tumor,meningioma,Training/meningioma/Tr-me_949.jpg,fc7d5dd78ed6fe15dadb595ff6998344,512,512
data\binary\train\tumor\meningioma_Tr-me_945.jpg,train,tumor,meningioma,Training/meningioma/Tr-me_945.jpg,e597316f91ae33d194d0395b544c1c00,512,512
data\binary\train\tumor\glioma_Tr-gl_142.jpg,train,tumor,glioma,Training/glioma/Tr-gl_142.jpg,c6ff7bb54d283a6bf2023947483c6884,512,512
data\binary\train\tumor\glioma_Tr-gl_208.jpg,train,tumor,glioma,Training/glioma/Tr-gl_208.jpg,beb3c97b16c2e8f39eeb8b3199475f84,512,512
data\binary\train\tumor\glioma_Tr-gl_878.jpg,train,tumor,glioma,Training/glioma/Tr-gl_878.jpg,2aaeaa57953376226eb73b6dc9291363,512,512
data\binary\train\tumor\pituitary_Tr-pi_629.jpg,train,tumor,pituitary,Training/pituitary/Tr-pi_629.jpg,eeddaa4317188e98f655c363a20c51d2,512,512
data\binary\train\no_tumor\notumor_Tr-no_972.jpg,train,no_tumor,notumor,Training/notumor/Tr-no_972.jpg,7a90d81ed4d74832b4d62e12861b5a0b,201,251
data\binary\train\tumor\glioma_Tr-gl_237.jpg,train,tumor,glioma,Training/glioma/Tr-gl_237.jpg,d23a8e837df991a67fc07abbda39f2b9,512,512
data\binary\train\tumor\pituitary_Tr-pi_463.jpg,train,tumor,pituitary,Training/pituitary/Tr-pi_463.jpg,f53734c5878a35dce5f71e9fb45b05fc,512,512
data\binary\train\no_tumor\notumor_Tr-no_1387.jpg,train,no_tumor,notumor,Training/notumor/Tr-no_1387.jpg,74c52fc60a0973a214164903e64a04a1,206,244
data\binary\train\no_tumor\notumor_Tr-no_1066.jpg,train,no_tumor,notumor,Training/notumor/Tr-no_1066.jpg,5b036e578e0251c1514f770e6068ebca,225,225
data\binary\train\tumor\meningioma_Tr-me_1030.jpg,train,tumor,meningioma,Training/meningioma/Tr-me_1030.jpg,c405391186264d760f6edd8ec7d3c8a4,512,512
data\binary\train\tumor\pituitary_Tr-pi_1297.jpg,train,tumor,pituitary,Training/pituitary/Tr-pi_1297.jpg,ac4521ea92378cf9bb132dffa5387730,512,512
data\binary\train\tumor\pituitary_Tr-pi_566.jpg,train,tumor,pituitary,Training/pituitary/Tr-pi_566.jpg,38af8babbb5c969abbd87f5c3906e63a,442,442
data\binary\train\tumor\glioma_Tr-gl_674.jpg,train,tumor,glioma,Training/glioma/Tr-gl_674.jpg,7a4f39b295031208e20c9362c015d8b8,512,512
data\binary\train\tumor\glioma_Tr-gl_678.jpg,train,tumor,glioma,Training/glioma/Tr-gl_678.jpg,ccc771113b20172212376e2884440c72,512,512
data\binary\train\no_tumor\notumor_Tr-no_508.jpg,train,no_tumor,notumor,Training/notumor/Tr-no_508.jpg,914304bcaa212f6c1207ecf721a2bcf7,630,630
data\binary\train\tumor\pituitary_Tr-pi_1204.jpg,train,tumor,pituitary,Training/pituitary/Tr-pi_1204.jpg,c502d94078da9146833465c94f8152f5,512,512
data\binary\train\no_tumor\notumor_Tr-no_1032.jpg,train,no_tumor,notumor,Training/notumor/Tr-no_1032.jpg,dad98cd67126bf65cf8a45028ebe20ec,212,238
data\binary\train\tumor\pituitary_Tr-pi_780.jpg,train,tumor,pituitary,Training/pituitary/Tr-pi_780.jpg,3d48118f377a6a4737bff63053060753,512,512
data\binary\train\no_tumor\notumor_Tr-no_1288.jpg,train,no_tumor,notumor,Training/notumor/Tr-no_1288.jpg,46e6159f43133d0a4739a0f84fa10411,785,848
data\binary\train\tumor\meningioma_Tr-me_582.jpg,train,tumor,meningioma,Training/meningioma/Tr-me_582.jpg,f55672e38bcfa28329c7063d828c0bd7,512,512
data\binary\train\tumor\meningioma_Tr-me_669.jpg,train,tumor,meningioma,Training/meningioma/Tr-me_669.jpg,928bc6a9563c88a21070c69405cc2c5e,512,512
data\binary\train\no_tumor\notumor_Tr-no_1113.jpg,train,no_tumor,notumor,Training/notumor/Tr-no_1113.jpg,a4f055f3f69ac55df7b15f76756068ab,227,262
data\binary\train\tumor\pituitary_Tr-pi_368.jpg,train,tumor,pituitary,Training/pituitary/Tr-pi_368.jpg,949f8ea9f8681332796da05d39d7b0bd,512,512
data\binary\train\tumor\glioma_Tr-gl_242.jpg,train,tumor,glioma,Training/glioma/Tr-gl_242.jpg,77fe9647a1d0f8eb9a87ec78f8916312,512,512
data\binary\train\tumor\pituitary_Tr-pi_788.jpg,train,tumor,pituitary,Training/pituitary/Tr-pi_788.jpg,fdfdd5b856627e07140893adfad8674b,512,512
data\binary\train\no_tumor\notumor_Tr-no_932.jpg,train,no_tumor,notumor,Training/notumor/Tr-no_932.jpg,6167e82ed6905462e6a73d47f975f06f,276,326
data\binary\train\tumor\glioma_Tr-gl_730.jpg,train,tumor,glioma,Training/glioma/Tr-gl_730.jpg,33ec647ad18383eb27639ebbe0ebc188,512,512
data\binary\train\tumor\meningioma_Tr-me_981.jpg,train,tumor,meningioma,Training/meningioma/Tr-me_981.jpg,ca25de604b97b9d699af92f566db3b6f,512,512
data\binary\train\no_tumor\notumor_Tr-no_811.jpg,train,no_tumor,notumor,Training/notumor/Tr-no_811.jpg,622c84e86f9713c38ba302037baf16d6,428,417
data\binary\train\tumor\meningioma_Tr-me_1227.jpg,train,tumor,meningioma,Training/meningioma/Tr-me_1227.jpg,0882cf2318f1cb8a6250f6975241efe1,512,512
data\binary\train\tumor\glioma_Tr-gl_867.jpg,train,tumor,glioma,Training/glioma/Tr-gl_867.jpg,57584868f531b9735988114034bf3c9c,512,512
data\binary\train\tumor\pituitary_Tr-pi_414.jpg,train,tumor,pituitary,Training/pituitary/Tr-pi_414.jpg,bfde2523e356b05bb1597d7e4ba82327,512,512
data\binary\train\tumor\meningioma_Tr-me_442.jpg,train,tumor,meningioma,Training/meningioma/Tr-me_442.jpg,ec9c7beaa7853c2cafa3b4a3fbed8eac,512,512
data\binary\train\tumor\glioma_Tr-gl_510.jpg,train,tumor,glioma,Training/glioma/Tr-gl_510.jpg,320fae9ab99d2594410dd97ef594572e,512,512
data\binary\train\no_tumor\notumor_Tr-no_512.jpg,train,no_tumor,notumor,Training/notumor/Tr-no_512.jpg,dcc7a1db2e726ca2291928126191a25b,550,664
data\binary\train\tumor\glioma_Tr-gl_1277.jpg,train,tumor,glioma,Training/glioma/Tr-gl_1277.jpg,214c762806a5f0275da99a60462bd56e,512,512
data\binary\train\no_tumor\notumor_Tr-no_112.jpg,train,no_tumor,notumor,Training/notumor/Tr-no_112.jpg,24e83deaaae9ab0f15565690e474f5fc,236,357
data\binary\train\tumor\meningioma_Tr-me_801.jpg,train,tumor,meningioma,Training/meningioma/Tr-me_801.jpg,2a7be234280982a7e0b2a86aaba66e34,512,512
data\binary\train\tumor\pituitary_Tr-pi_6.jpg,train,tumor,pituitary,Training/pituitary/Tr-pi_6.jpg,13856f0a9e74bcd117a2d647b414b0ba,512,512
data\binary\train\tumor\glioma_Tr-gl_677.jpg,train,tumor,glioma,Training/glioma/Tr-gl_677.jpg,f7411a359d59b5a346e465704184a9d2,512,512
data\binary\train\no_tumor\notumor_Tr-no_1331.jpg,train,no_tumor,notumor,Training/notumor/Tr-no_1331.jpg,6d407474c15b3b63fb013633ad08ebc9,512,512
data\binary\train\tumor\meningioma_Tr-me_768.jpg,train,tumor,meningioma,Training/meningioma/Tr-me_768.jpg,5f73d732c057dbbe35b324f9392e6c69,512,512
data\binary\train\no_tumor\notumor_Tr-no_1233.jpg,train,no_tumor,notumor,Training/notumor/Tr-no_1233.jpg,b5ea204c6b61b97f2d74827217a5da65,194,259
data\binary\train\tumor\meningioma_Tr-me_650.jpg,train,tumor,meningioma,Training/meningioma/Tr-me_650.jpg,bb1563b1c324ffa5cde3f57cb18c27d0,512,512
data\binary\train\tumor\meningioma_Tr-me_134.jpg,train,tumor,meningioma,Training/meningioma/Tr-me_134.jpg,6e65096da6eb6f8e77e202fc784c9f40,512,512
data\binary\train\no_tumor\notumor_Tr-no_1141.jpg,train,no_tumor,notumor,Training/notumor/Tr-no_1141.jpg,3402f0cddd4da79145fbe456739ef911,428,417
data\binary\train\tumor\glioma_Tr-gl_172.jpg,train,tumor,glioma,Training/glioma/Tr-gl_172.jpg,44d7258311d8042eae27eb761b537450,512,512
data\binary\train\tumor\glioma_Tr-gl_236.jpg,train,tumor,glioma,Training/glioma/Tr-gl_236.jpg,ac065240d1c32dfea064142bbfcaa2b7,512,512
data\binary\train\tumor\meningioma_Tr-me_431.jpg,train,tumor,meningioma,Training/meningioma/Tr-me_431.jpg,c72f49a7c814ba35aff54ea2d07df31d,512,512
data\binary\train\tumor\glioma_Tr-gl_50.jpg,train,tumor,glioma,Training/glioma/Tr-gl_50.jpg,4edd04b662312704dc1727ac497d7436,512,512
data\binary\train\no_tumor\notumor_Tr-no_271.jpg,train,no_tumor,notumor,Training/notumor/Tr-no_271.jpg,fee84e5791fb5d0c4acd9a7edcc61dce,225,225
data\binary\train\tumor\meningioma_Tr-me_560.jpg,train,tumor,meningioma,Training/meningioma/Tr-me_560.jpg,9b2a092747f3b2347f4af59aff459ac7,512,512
data\binary\train\no_tumor\notumor_Tr-no_513.jpg,train,no_tumor,notumor,Training/notumor/Tr-no_513.jpg,80dcb6561e8dba190aad5b6464a1b42f,206,244
data\binary\train\tumor\glioma_Tr-gl_1120.jpg,train,tumor,glioma,Training/glioma/Tr-gl_1120.jpg,823f7b371a16fcbff84090617c3b015e,512,512
data\binary\train\tumor\pituitary_Tr-pi_1327.jpg,train,tumor,pituitary,Training/pituitary/Tr-pi_1327.jpg,ad5bfec1418f2b31c171069475b4731e,512,512
data\binary\train\tumor\glioma_Tr-gl_999.jpg,train,tumor,glioma,Training/glioma/Tr-gl_999.jpg,45a7e5ea6bbbcc49abdb66766bb09a6d,512,512
data\binary\train\tumor\pituitary_Tr-pi_867.jpg,train,tumor,pituitary,Training/pituitary/Tr-pi_867.jpg,7195792efb28498b832e0039d1e39b60,512,512
data\binary\train\no_tumor\notumor_Tr-no_323.jpg,train,no_tumor,notumor,Training/notumor/Tr-no_323.jpg,b4cffbc214ceb7e332eb1dff6ff8a444,192,192
data\binary\train\tumor\meningioma_Tr-aug-me_3.jpg,train,tumor,meningioma,Training/meningioma/Tr-aug-me_3.jpg,a9b7834583a10903962ff545a7883e25,512,512
data\binary\train\tumor\pituitary_Tr-pi_708.jpg,train,tumor,pituitary,Training/pituitary/Tr-pi_708.jpg,89e0262a8aa62200b906c8550344e1e3,512,512
data\binary\train\tumor\meningioma_Tr-me_1107.jpg,train,tumor,meningioma,Training/meningioma/Tr-me_1107.jpg,53a1cfa49cbc54a51a0e4fccd1ea12da,512,512
data\binary\train\tumor\meningioma_Tr-me_679.jpg,train,tumor,meningioma,Training/meningioma/Tr-me_679.jpg,7c56b6878506f393d9b6b24e8f678d27,513,522
data\binary\train\tumor\pituitary_Tr-pi_729.jpg,train,tumor,pituitary,Training/pituitary/Tr-pi_729.jpg,6e97ccb3de1749e74f3566ea5802a4df,512,512
data\binary\train\tumor\pituitary_Tr-pi_57.jpg,train,tumor,pituitary,Training/pituitary/Tr-pi_57.jpg,13b6fd81fa1abb232b62e0d8e45bcdb7,512,512
data\binary\train\tumor\meningioma_Tr-me_566.jpg,train,tumor,meningioma,Training/meningioma/Tr-me_566.jpg,68fd93284eb16763b1ebdb7fa45cb300,512,512
data\binary\train\tumor\pituitary_Tr-pi_525.jpg,train,tumor,pituitary,Training/pituitary/Tr-pi_525.jpg,38a9115610ab4e5377edcbfeb3974e43,512,512
data\binary\train\tumor\pituitary_Tr-pi_628.jpg,train,tumor,pituitary,Training/pituitary/Tr-pi_628.jpg,dfafe7819500520c7d5045fde841b1e4,512,512
data\binary\train\tumor\pituitary_Tr-pi_800.jpg,train,tumor,pituitary,Training/pituitary/Tr-pi_800.jpg,b01ac2313ade74715c7ed85d220026fc,512,512
data\binary\train\tumor\pituitary_Tr-pi_48.jpg,train,tumor,pituitary,Training/pituitary/Tr-pi_48.jpg,1a5f71808efe513d592f9197a2712ae9,512,512
data\binary\train\tumor\glioma_Tr-gl_764.jpg,train,tumor,glioma,Training/glioma/Tr-gl_764.jpg,27b5212f50671078e62cf18e73a17ba5,512,512
data\binary\train\tumor\pituitary_Tr-pi_151.jpg,train,tumor,pituitary,Training/pituitary/Tr-pi_151.jpg,7f8938c3034fde4dad6dbfb75a5dde64,512,512
data\binary\train\no_tumor\notumor_Tr-no_470.jpg,train,no_tumor,notumor,Training/notumor/Tr-no_470.jpg,2abc47341e8db1dbae4bfc4927c567c9,227,222
data\binary\train\tumor\pituitary_Tr-pi_196.jpg,train,tumor,pituitary,Training/pituitary/Tr-pi_196.jpg,b612dcd3013b4c3eaa58f75d9bab10a6,512,512
data\binary\train\no_tumor\notumor_Tr-no_684.jpg,train,no_tumor,notumor,Training/notumor/Tr-no_684.jpg,2b6b3b3e38f7708c531f92f22b10c2da,235,228
data\binary\train\tumor\glioma_Tr-gl_892.jpg,train,tumor,glioma,Training/glioma/Tr-gl_892.jpg,ec55501154dc336e69075b958fa5e3a0,512,512
data\binary\train\tumor\pituitary_Tr-pi_666.jpg,train,tumor,pituitary,Training/pituitary/Tr-pi_666.jpg,6013d59b94a87f2427d71ac260d0a973,512,512
data\binary\train\tumor\glioma_Tr-gl_347.jpg,train,tumor,glioma,Training/glioma/Tr-gl_347.jpg,bcbf26dd790690dc87198a7f156ecb5f,512,512
data\binary\train\tumor\pituitary_Tr-pi_1314.jpg,train,tumor,pituitary,Training/pituitary/Tr-pi_1314.jpg,8ea30f04659fd57bfe65356bd9c7ad82,512,512
data\binary\train\tumor\meningioma_Tr-me_231.jpg,train,tumor,meningioma,Training/meningioma/Tr-me_231.jpg,f6e99c4c24404ee697801550aa0881c7,512,512
data\binary\train\tumor\meningioma_Tr-me_895.jpg,train,tumor,meningioma,Training/meningioma/Tr-me_895.jpg,f14c97ccc94153c0ebaf4feb62582769,512,512
data\binary\train\no_tumor\notumor_Tr-no_209.jpg,train,no_tumor,notumor,Training/notumor/Tr-no_209.jpg,06f710dd2b1e412feb2055cf6aa59518,468,444
data\binary\train\tumor\glioma_Tr-gl_273.jpg,train,tumor,glioma,Training/glioma/Tr-gl_273.jpg,c44e524cf53fac4faf57637f4fd55db6,512,512
data\binary\train\tumor\glioma_Tr-gl_798.jpg,train,tumor,glioma,Training/glioma/Tr-gl_798.jpg,25fbd63ae53c2c19f5b79f88ec8614d3,512,512
data\binary\train\no_tumor\notumor_Tr-no_601.jpg,train,no_tumor,notumor,Training/notumor/Tr-no_601.jpg,0f498b465137a5331ae89c37d52d17a5,192,192
data\binary\train\no_tumor\notumor_Tr-no_367.jpg,train,no_tumor,notumor,Training/notumor/Tr-no_367.jpg,17f984a9544afcb70c85602f50508741,192,192
data\binary\train\tumor\glioma_Tr-gl_219.jpg,train,tumor,glioma,Training/glioma/Tr-gl_219.jpg,380d70567640fb7c7a272b987e0d43c9,512,512
data\binary\train\tumor\pituitary_Tr-pi_338.jpg,train,tumor,pituitary,Training/pituitary/Tr-pi_338.jpg,9097172d602710326accf88f867460fd,512,512
data\binary\train\no_tumor\notumor_Tr-no_633.jpg,train,no_tumor,notumor,Training/notumor/Tr-no_633.jpg,be73c5bffca864ac31ee80ec79f0a3c7,468,444
data\binary\train\tumor\meningioma_Tr-me_313.jpg,train,tumor,meningioma,Training/meningioma/Tr-me_313.jpg,87f8d7157350826b786ec956782b30f8,512,512
data\binary\train\tumor\meningioma_Tr-me_241.jpg,train,tumor,meningioma,Training/meningioma/Tr-me_241.jpg,c401481f43efff80bc02a753f432d413,825,993
data\binary\train\tumor\pituitary_Tr-pi_850.jpg,train,tumor,pituitary,Training/pituitary/Tr-pi_850.jpg,2a30ca3c77be0e4841ffd2965816f8a5,512,512
data\binary\train\tumor\pituitary_Tr-pi_109.jpg,train,tumor,pituitary,Training/pituitary/Tr-pi_109.jpg,27f6a058895e505130d359cd3c191d03,512,512
data\binary\train\tumor\glioma_Tr-gl_970.jpg,train,tumor,glioma,Training/glioma/Tr-gl_970.jpg,79db1fadb5d29700a173868870d40b1c,512,512
data\binary\train\no_tumor\notumor_Tr-no_620.jpg,train,no_tumor,notumor,Training/notumor/Tr-no_620.jpg,2cf46008c8f9ed85b861884df24599bc,220,275
data\binary\train\tumor\glioma_Tr-gl_1349.jpg,train,tumor,glioma,Training/glioma/Tr-gl_1349.jpg,2ffdb605078ce21ae10c6950f14ab5a6,512,512
data\binary\train\no_tumor\notumor_Tr-no_552.jpg,train,no_tumor,notumor,Training/notumor/Tr-no_552.jpg,b0a6951b92aa859847f0f6d1cd959537,630,630
data\binary\train\tumor\glioma_Tr-gl_979.jpg,train,tumor,glioma,Training/glioma/Tr-gl_979.jpg,523d412fab8d311282bfd29b3c6b45a0,512,512
data\binary\train\tumor\pituitary_Tr-pi_1307.jpg,train,tumor,pituitary,Training/pituitary/Tr-pi_1307.jpg,fdfa29676ab9d500db155b8698466c26,512,512
data\binary\train\tumor\glioma_Tr-gl_1335.jpg,train,tumor,glioma,Training/glioma/Tr-gl_1335.jpg,c206891dc27d96d0ace77ce4714b7187,512,512
data\binary\train\tumor\pituitary_Tr-pi_587.jpg,train,tumor,pituitary,Training/pituitary/Tr-pi_587.jpg,6329b14a4e243021562c96e2757d67b3,512,512
data\binary\train\tumor\glioma_Tr-gl_1059.jpg,train,tumor,glioma,Training/glioma/Tr-gl_1059.jpg,12be804e544f87ab977106d6f5b0f8ad,512,512
data\binary\train\tumor\pituitary_Tr-pi_949.jpg,train,tumor,pituitary,Training/pituitary/Tr-pi_949.jpg,5f9810385bfac02f768f58bebc38c8ac,512,512
data\binary\train\tumor\meningioma_Tr-me_880.jpg,train,tumor,meningioma,Training/meningioma/Tr-me_880.jpg,3f41c61e72d0553aef61720f9b081bd8,200,252
data\binary\train\tumor\glioma_Tr-gl_1386.jpg,train,tumor,glioma,Training/glioma/Tr-gl_1386.jpg,92b19ed22571d803ab3c04500daf3476,512,512
data\binary\train\no_tumor\notumor_Tr-no_533.jpg,train,no_tumor,notumor,Training/notumor/Tr-no_533.jpg,c87dbb8684ebdb40acbc8b63f000a7c8,221,257
data\binary\train\no_tumor\notumor_Tr-no_1111.jpg,train,no_tumor,notumor,Training/notumor/Tr-no_1111.jpg,a5b0372146c50f2e7c56d4da3ecb9944,296,320
data\binary\train\no_tumor\notumor_Tr-no_315.jpg,train,no_tumor,notumor,Training/notumor/Tr-no_315.jpg,342b29d63e0103afbe3fab52b8536af2,850,872
data\binary\train\tumor\glioma_Tr-gl_1290.jpg,train,tumor,glioma,Training/glioma/Tr-gl_1290.jpg,85e231ac0e10d6d6ed89ec6be755de66,512,512
data\binary\train\tumor\glioma_Tr-gl_742.jpg,train,tumor,glioma,Training/glioma/Tr-gl_742.jpg,b21fa327319e03aa25863f2b8c87c6ab,512,512
data\binary\train\no_tumor\notumor_Tr-no_930.jpg,train,no_tumor,notumor,Training/notumor/Tr-no_930.jpg,b3985de17782311036e2c40e43eba428,236,260
data\binary\train\no_tumor\notumor_Tr-no_892.jpg,train,no_tumor,notumor,Training/notumor/Tr-no_892.jpg,bc4404d7824a083e254adc8c58f70f80,227,222
data\binary\train\no_tumor\notumor_Tr-no_599.jpg,train,no_tumor,notumor,Training/notumor/Tr-no_599.jpg,49b0a60ec1b42b4571c2c6bec2ba44c2,236,213
data\binary\train\tumor\meningioma_Tr-me_140.jpg,train,tumor,meningioma,Training/meningioma/Tr-me_140.jpg,21fe431311a43be7287184c230de50e8,512,512
data\binary\train\tumor\glioma_Tr-gl_417.jpg,train,tumor,glioma,Training/glioma/Tr-gl_417.jpg,320218c8740b11f8bf763595075c9cf2,512,512
data\binary\train\tumor\pituitary_Tr-pi_1043.jpg,train,tumor,pituitary,Training/pituitary/Tr-pi_1043.jpg,f42939bda4e5fd1ba44e84d01a0125ea,512,512
data\binary\train\tumor\meningioma_Tr-me_553.jpg,train,tumor,meningioma,Training/meningioma/Tr-me_553.jpg,4952912db3852a6eb65ebac7e708af0f,217,232
data\binary\train\tumor\glioma_Tr-gl_1125.jpg,train,tumor,glioma,Training/glioma/Tr-gl_1125.jpg,8d59034c6dbc46da979ef34e9c618ff4,512,512
data\binary\train\no_tumor\notumor_Tr-no_934.jpg,train,no_tumor,notumor,Training/notumor/Tr-no_934.jpg,09255c96f534ca40c3c7c9b006c08e77,230,282
data\binary\train\tumor\meningioma_Tr-me_248.jpg,train,tumor,meningioma,Training/meningioma/Tr-me_248.jpg,d96adf1c6e4359f69ea3ae923a60223e,512,512
data\binary\train\tumor\glioma_Tr-gl_1274.jpg,train,tumor,glioma,Training/glioma/Tr-gl_1274.jpg,85240b868b1ae8dbe92198fc097f8768,512,512
data\binary\train\tumor\glioma_Tr-gl_772.jpg,train,tumor,glioma,Training/glioma/Tr-gl_772.jpg,c17b18ec505488e1b419739e0a568d73,512,512
data\binary\train\no_tumor\notumor_Tr-no_1229.jpg,train,no_tumor,notumor,Training/notumor/Tr-no_1229.jpg,762e6653583419f9ec90f515644dc540,225,225
data\binary\train\no_tumor\notumor_Tr-no_1003.jpg,train,no_tumor,notumor,Training/notumor/Tr-no_1003.jpg,f464a61c4db5e123cfa470cd5ab789c0,236,252
data\binary\train\no_tumor\notumor_Tr-no_657.jpg,train,no_tumor,notumor,Training/notumor/Tr-no_657.jpg,3c8dc26cb4e0571e504ddea91409c163,225,225
data\binary\train\tumor\glioma_Tr-gl_869.jpg,train,tumor,glioma,Training/glioma/Tr-gl_869.jpg,cad490ccf20c9fa2af53981fb8ce74ac,512,512
data\binary\train\tumor\glioma_Tr-gl_256.jpg,train,tumor,glioma,Training/glioma/Tr-gl_256.jpg,a0d851d0e0114ee9612db966d4b93720,512,512
data\binary\train\tumor\pituitary_Tr-pi_455.jpg,train,tumor,pituitary,Training/pituitary/Tr-pi_455.jpg,b5f43421c0d11360432e4179b5f7d72d,512,512
data\binary\train\tumor\meningioma_Tr-me_1223.jpg,train,tumor,meningioma,Training/meningioma/Tr-me_1223.jpg,a56a7991f408218710ae9a49e53aa214,512,512
data\binary\train\tumor\meningioma_Tr-me_1275.jpg,train,tumor,meningioma,Training/meningioma/Tr-me_1275.jpg,11718ee3cad9b92f181754e9417b9980,512,512
data\binary\train\tumor\meningioma_Tr-me_1240.jpg,train,tumor,meningioma,Training/meningioma/Tr-me_1240.jpg,1d197c381dc33b7d1406a9797bebc4b4,512,512
data\binary\train\tumor\meningioma_Tr-me_792.jpg,train,tumor,meningioma,Training/meningioma/Tr-me_792.jpg,a203501398fe9d20db10971e44df98a1,512,512
data\binary\train\tumor\pituitary_Tr-pi_413.jpg,train,tumor,pituitary,Training/pituitary/Tr-pi_413.jpg,eac7dfb175117a32cf94a109c4cfc6bf,512,512
data\binary\train\tumor\pituitary_Tr-pi_351.jpg,train,tumor,pituitary,Training/pituitary/Tr-pi_351.jpg,b03bd38df7469f640868cf621b407f48,512,512
data\binary\train\tumor\glioma_Tr-gl_334.jpg,train,tumor,glioma,Training/glioma/Tr-gl_334.jpg,711a5404bf73eab70fcd2e7f91be86c4,512,512
data\binary\train\tumor\meningioma_Tr-me_509.jpg,train,tumor,meningioma,Training/meningioma/Tr-me_509.jpg,4c19e7f67b3527b36efab3221dced907,512,512
data\binary\train\tumor\glioma_Tr-gl_79.jpg,train,tumor,glioma,Training/glioma/Tr-gl_79.jpg,0de098f307418b70837200926f2a1ce8,512,512
data\binary\train\tumor\pituitary_Tr-pi_558.jpg,train,tumor,pituitary,Training/pituitary/Tr-pi_558.jpg,02509e96377f390a2cb142e60cb67b6a,512,512
data\binary\train\no_tumor\notumor_Tr-no_151.jpg,train,no_tumor,notumor,Training/notumor/Tr-no_151.jpg,6c5b433153e823ae18884623d93bfeb5,200,252
data\binary\train\no_tumor\notumor_Tr-no_1010.jpg,train,no_tumor,notumor,Training/notumor/Tr-no_1010.jpg,398fcae33752b88ada9c63a8eaae734e,225,225
data\binary\train\tumor\meningioma_Tr-me_430.jpg,train,tumor,meningioma,Training/meningioma/Tr-me_430.jpg,4a239db4d6da652cfbb820008037a8bd,512,512
data\binary\train\tumor\meningioma_Tr-me_394.jpg,train,tumor,meningioma,Training/meningioma/Tr-me_394.jpg,3d64188601d27e1bc69a557810d43215,512,512
data\binary\train\tumor\pituitary_Tr-pi_18.jpg,train,tumor,pituitary,Training/pituitary/Tr-pi_18.jpg,06b6f14419060a22f738e36368abc491,512,512
data\binary\train\tumor\pituitary_Tr-pi_535.jpg,train,tumor,pituitary,Training/pituitary/Tr-pi_535.jpg,300cff21ec4246781c7b9fe59446454d,202,202
data\binary\train\tumor\meningioma_Tr-aug-me_25.jpg,train,tumor,meningioma,Training/meningioma/Tr-aug-me_25.jpg,8b32c1062f2461877dc48d5977789e89,512,512
data\binary\train\no_tumor\notumor_Tr-no_607.jpg,train,no_tumor,notumor,Training/notumor/Tr-no_607.jpg,165dfe7fd37875570718eabf1e3e828e,259,194
data\binary\train\tumor\pituitary_Tr-pi_762.jpg,train,tumor,pituitary,Training/pituitary/Tr-pi_762.jpg,e32cf86f033fe18f55578fe9baa4e848,512,512
data\binary\train\tumor\meningioma_Tr-me_816.jpg,train,tumor,meningioma,Training/meningioma/Tr-me_816.jpg,179a422dd5b6cfa2a85db6262644e2d3,512,512
data\binary\train\no_tumor\notumor_Tr-no_497.jpg,train,no_tumor,notumor,Training/notumor/Tr-no_497.jpg,a3b2244c30bd3fb962294268c254b5d7,173,201
data\binary\train\no_tumor\notumor_Tr-no_1305.jpg,train,no_tumor,notumor,Training/notumor/Tr-no_1305.jpg,385452ecc27a12ff66e36afc31e49048,236,222
data\binary\train\no_tumor\notumor_Tr-no_4.jpg,train,no_tumor,notumor,Training/notumor/Tr-no_4.jpg,96ada10c960bf7138a812539173893ab,232,217
data\binary\train\tumor\meningioma_Tr-me_92.jpg,train,tumor,meningioma,Training/meningioma/Tr-me_92.jpg,41f2a6718a7c8633129c2f8ddfab2fe4,512,512
data\binary\train\tumor\pituitary_Tr-pi_1062.jpg,train,tumor,pituitary,Training/pituitary/Tr-pi_1062.jpg,e7967551746f7c3329bccf3f4512be87,512,512
data\binary\train\tumor\pituitary_Tr-pi_988.jpg,train,tumor,pituitary,Training/pituitary/Tr-pi_988.jpg,0bbc973743de7da1b2d5b3a2614fb52f,512,512
data\binary\train\no_tumor\notumor_Tr-no_1189.jpg,train,no_tumor,notumor,Training/notumor/Tr-no_1189.jpg,e3e953f3693ab0dcc2c271a69efe808c,207,243
data\binary\train\tumor\pituitary_Tr-pi_1179.jpg,train,tumor,pituitary,Training/pituitary/Tr-pi_1179.jpg,3444f8ceaa7df0a3fc4136d2ca2fd134,512,512
data\binary\train\no_tumor\notumor_Tr-no_329.jpg,train,no_tumor,notumor,Training/notumor/Tr-no_329.jpg,c22d45a3525c6c1cb2bb393528162841,201,250
data\binary\train\tumor\pituitary_Tr-pi_1024.jpg,train,tumor,pituitary,Training/pituitary/Tr-pi_1024.jpg,4299e901d5ec8dcee02f4de12a35a32e,512,512
data\binary\train\tumor\meningioma_Tr-me_939.jpg,train,tumor,meningioma,Training/meningioma/Tr-me_939.jpg,55e97171122ec8d020137a9daa2f7077,512,512
data\binary\train\tumor\glioma_Tr-gl_1153.jpg,train,tumor,glioma,Training/glioma/Tr-gl_1153.jpg,50e0cdf4676e0deaca54a27d4bf746c1,512,512
data\binary\train\tumor\glioma_Tr-gl_1048.jpg,train,tumor,glioma,Training/glioma/Tr-gl_1048.jpg,b270008f2e98d8b374bb1400b9c02e51,512,512
data\binary\train\tumor\pituitary_Tr-pi_985.jpg,train,tumor,pituitary,Training/pituitary/Tr-pi_985.jpg,8502817ebf0fb1bea7757758fd5358a3,512,512
data\binary\train\tumor\meningioma_Tr-me_332.jpg,train,tumor,meningioma,Training/meningioma/Tr-me_332.jpg,ce5a85c0f4f140a1969fca8cd583d033,512,512
data\binary\train\tumor\pituitary_Tr-pi_1242.jpg,train,tumor,pituitary,Training/pituitary/Tr-pi_1242.jpg,ee0f41701a973a19cf62de31db0692e7,512,512
data\binary\train\tumor\pituitary_Tr-pi_1300.jpg,train,tumor,pituitary,Training/pituitary/Tr-pi_1300.jpg,fed9619dd7164b3ec32b73b2d73e182e,512,512
data\binary\train\tumor\meningioma_Tr-me_956.jpg,train,tumor,meningioma,Training/meningioma/Tr-me_956.jpg,ec8830ebb9da6ec31b92cafc679c2643,512,512
data\binary\train\tumor\glioma_Tr-gl_480.jpg,train,tumor,glioma,Training/glioma/Tr-gl_480.jpg,b92c40e6a76f7cbea12721f4f94e999e,512,512
data\binary\train\tumor\glioma_Tr-gl_551.jpg,train,tumor,glioma,Training/glioma/Tr-gl_551.jpg,cafedb198a3139e018f9095153cb70d0,512,512
data\binary\train\tumor\pituitary_Tr-pi_561.jpg,train,tumor,pituitary,Training/pituitary/Tr-pi_561.jpg,422b51b8c608b7ae46642d443678cd08,512,512
data\binary\train\tumor\glioma_Tr-gl_7.jpg,train,tumor,glioma,Training/glioma/Tr-gl_7.jpg,7fa0d59bc49f8014f3e8a17721d5e61d,512,512
data\binary\train\tumor\pituitary_Tr-pi_86.jpg,train,tumor,pituitary,Training/pituitary/Tr-pi_86.jpg,68ecbb981ea1bcae47f31424977dbbe9,512,512
data\binary\train\tumor\pituitary_Tr-pi_868.jpg,train,tumor,pituitary,Training/pituitary/Tr-pi_868.jpg,636039acd57dccb1ee282ae9b2002cae,512,512
data\binary\train\tumor\glioma_Tr-gl_1038.jpg,train,tumor,glioma,Training/glioma/Tr-gl_1038.jpg,7cb79a014aed05a6e36abc57eceb5b1b,512,512
data\binary\train\tumor\glioma_Tr-gl_864.jpg,train,tumor,glioma,Training/glioma/Tr-gl_864.jpg,3db59141cfa80c9be3ea603d10d28442,512,512
data\binary\train\tumor\pituitary_Tr-pi_149.jpg,train,tumor,pituitary,Training/pituitary/Tr-pi_149.jpg,afa1e59b805fbbcb421368ad158e42df,512,512
data\binary\train\no_tumor\notumor_Tr-no_584.jpg,train,no_tumor,notumor,Training/notumor/Tr-no_584.jpg,c99f625c2bdedbc282490b8fe0c69fd1,207,243
data\binary\train\tumor\meningioma_Tr-me_3.jpg,train,tumor,meningioma,Training/meningioma/Tr-me_3.jpg,a277d4f219a26aed063ae523f21b9f16,238,212
data\binary\train\no_tumor\notumor_Tr-no_608.jpg,train,no_tumor,notumor,Training/notumor/Tr-no_608.jpg,957341c21149e99a0984b0bbea8aef84,202,250
data\binary\train\tumor\meningioma_Tr-me_1289.jpg,train,tumor,meningioma,Training/meningioma/Tr-me_1289.jpg,d307a9fd900a43f8dfc2ce2a82f5c4a1,1149,1019
data\binary\train\tumor\meningioma_Tr-me_1024.jpg,train,tumor,meningioma,Training/meningioma/Tr-me_1024.jpg,18dfbfcafa3ec45109e798f913861192,512,512
data\binary\train\tumor\pituitary_Tr-pi_79.jpg,train,tumor,pituitary,Training/pituitary/Tr-pi_79.jpg,25d5ad64d1dcafefccc3e3003e499774,512,512
data\binary\train\tumor\pituitary_Tr-pi_41.jpg,train,tumor,pituitary,Training/pituitary/Tr-pi_41.jpg,74bd73360c46d9cd268f4517b838ce36,512,512
data\binary\train\tumor\meningioma_Tr-me_1066.jpg,train,tumor,meningioma,Training/meningioma/Tr-me_1066.jpg,a1e4999b2307790fadefff6e57790d6a,512,512
data\binary\train\no_tumor\notumor_Tr-no_733.jpg,train,no_tumor,notumor,Training/notumor/Tr-no_733.jpg,22013ea52d45260a13282826ebd063e6,225,225
data\binary\train\tumor\glioma_Tr-gl_339.jpg,train,tumor,glioma,Training/glioma/Tr-gl_339.jpg,b702e51dc0f8bfa239963721e8412df7,512,512
data\binary\train\tumor\glioma_Tr-gl_405.jpg,train,tumor,glioma,Training/glioma/Tr-gl_405.jpg,9587be29144857fa8aa2f8d2329418ff,512,512
data\binary\train\tumor\pituitary_Tr-pi_846.jpg,train,tumor,pituitary,Training/pituitary/Tr-pi_846.jpg,bb99bf7a671251b5d7502bc19f1d5c77,512,512
data\binary\train\tumor\pituitary_Tr-pi_540.jpg,train,tumor,pituitary,Training/pituitary/Tr-pi_540.jpg,1006f5b3a9f89a00455f4ddb31e28102,512,512
data\binary\train\no_tumor\notumor_Tr-no_818.jpg,train,no_tumor,notumor,Training/notumor/Tr-no_818.jpg,2ed1535356acb172ebf1f6212728814d,225,225
data\binary\train\tumor\meningioma_Tr-me_984.jpg,train,tumor,meningioma,Training/meningioma/Tr-me_984.jpg,46dbff3017d0f593f739f3cd36953ffe,512,512
data\binary\train\tumor\meningioma_Tr-me_472.jpg,train,tumor,meningioma,Training/meningioma/Tr-me_472.jpg,deda53fba5fff5371017b18f1f85b360,212,237
data\binary\train\no_tumor\notumor_Tr-no_961.jpg,train,no_tumor,notumor,Training/notumor/Tr-no_961.jpg,0c605a8ba4bd62d497872fb1e08758b0,201,250
data\binary\train\tumor\pituitary_Tr-pi_1225.jpg,train,tumor,pituitary,Training/pituitary/Tr-pi_1225.jpg,e44511ad4151814a0afaa03a0faa3b53,512,512
data\binary\train\tumor\glioma_Tr-gl_1013.jpg,train,tumor,glioma,Training/glioma/Tr-gl_1013.jpg,56a463f09fd9a98b96ea8f0370a19e17,512,512
data\binary\train\tumor\glioma_Tr-gl_1214.jpg,train,tumor,glioma,Training/glioma/Tr-gl_1214.jpg,ed80a8f1dd86022db1e40c7cf027016d,512,512
data\binary\train\no_tumor\notumor_Tr-no_709.jpg,train,no_tumor,notumor,Training/notumor/Tr-no_709.jpg,2ca71290ea22b0cba13f831083c5f818,225,225
data\binary\train\tumor\pituitary_Tr-pi_709.jpg,train,tumor,pituitary,Training/pituitary/Tr-pi_709.jpg,f5ecf67051a6de48fa5d57168f7f8004,512,512
data\binary\train\tumor\glioma_Tr-gl_30.jpg,train,tumor,glioma,Training/glioma/Tr-gl_30.jpg,924e4f2c34d43ad46a70a1058026258f,512,512
data\binary\train\no_tumor\notumor_Tr-no_299.jpg,train,no_tumor,notumor,Training/notumor/Tr-no_299.jpg,8f69a241813a14458584fae736fbc0cf,236,250
data\binary\train\tumor\glioma_Tr-gl_1039.jpg,train,tumor,glioma,Training/glioma/Tr-gl_1039.jpg,f357dfc89db2393ee5428849e0b51fc6,512,512
data\binary\train\tumor\glioma_Tr-gl_1256.jpg,train,tumor,glioma,Training/glioma/Tr-gl_1256.jpg,f306d63f533131c801961168c99ea02d,512,512
data\binary\train\tumor\glioma_Tr-gl_308.jpg,train,tumor,glioma,Training/glioma/Tr-gl_308.jpg,4187fb8624704e65cc892a4c447f9ffd,512,512
data\binary\train\no_tumor\notumor_Tr-no_1036.jpg,train,no_tumor,notumor,Training/notumor/Tr-no_1036.jpg,1588d92e00b84f63cf7dc7ca5133d049,405,484
data\binary\train\tumor\meningioma_Tr-me_1155.jpg,train,tumor,meningioma,Training/meningioma/Tr-me_1155.jpg,4f2e2bedce821036553fb0799197e666,512,512
data\binary\train\no_tumor\notumor_Tr-no_703.jpg,train,no_tumor,notumor,Training/notumor/Tr-no_703.jpg,72e638d7e6895d1b61ea8d6e7c879cfb,150,198
data\binary\train\tumor\glioma_Tr-gl_42.jpg,train,tumor,glioma,Training/glioma/Tr-gl_42.jpg,1a2336af6a21369b4f86c637da5d5f61,512,512
data\binary\train\no_tumor\notumor_Tr-no_80.jpg,train,no_tumor,notumor,Training/notumor/Tr-no_80.jpg,007b04ebf987a8b78f7140f8807fd920,504,540
data\binary\train\tumor\meningioma_Tr-me_959.jpg,train,tumor,meningioma,Training/meningioma/Tr-me_959.jpg,cbe654f0a863d11cd0e9a285f5476980,512,512
data\binary\train\tumor\pituitary_Tr-pi_392.jpg,train,tumor,pituitary,Training/pituitary/Tr-pi_392.jpg,698cafa4f488932468797722c2aae3ea,512,512
data\binary\train\no_tumor\notumor_Tr-no_172.jpg,train,no_tumor,notumor,Training/notumor/Tr-no_172.jpg,f3de5c1c10ae61a4605b062a693e0972,512,512
data\binary\train\tumor\glioma_Tr-gl_770.jpg,train,tumor,glioma,Training/glioma/Tr-gl_770.jpg,ab45378700fe36701faa1fef4c472403,512,512
data\binary\train\tumor\pituitary_Tr-pi_1205.jpg,train,tumor,pituitary,Training/pituitary/Tr-pi_1205.jpg,8d450c6a36d72479dae6b3fcfe098d14,512,512
data\binary\train\tumor\meningioma_Tr-me_980.jpg,train,tumor,meningioma,Training/meningioma/Tr-me_980.jpg,a1f69fb7d3a86625904557c5f694be1f,239,248
data\binary\train\tumor\glioma_Tr-gl_802.jpg,train,tumor,glioma,Training/glioma/Tr-gl_802.jpg,cea3b92a6ea997bef52848858c9e1e6a,512,512
data\binary\train\tumor\glioma_Tr-gl_156.jpg,train,tumor,glioma,Training/glioma/Tr-gl_156.jpg,4990777e0d5c238e09503a9eaa02baf4,512,512
data\binary\train\no_tumor\notumor_Tr-no_986.jpg,train,no_tumor,notumor,Training/notumor/Tr-no_986.jpg,e1b7951bd0c6f3096cf16559a794351e,428,417
data\binary\train\tumor\pituitary_Tr-pi_1084.jpg,train,tumor,pituitary,Training/pituitary/Tr-pi_1084.jpg,87ced3e26238e02906dcab79b994ec88,512,512
data\binary\train\tumor\pituitary_Tr-pi_298.jpg,train,tumor,pituitary,Training/pituitary/Tr-pi_298.jpg,803ea5ee7c42a5adfb82037b4e4e08c2,512,512
data\binary\train\tumor\meningioma_Tr-me_577.jpg,train,tumor,meningioma,Training/meningioma/Tr-me_577.jpg,5116fd882a07f1b73651e0c95a4cc506,512,512
data\binary\train\tumor\pituitary_Tr-pi_677.jpg,train,tumor,pituitary,Training/pituitary/Tr-pi_677.jpg,c3d274c30698a7c40b912f1308b2dc52,512,512
data\binary\train\tumor\glioma_Tr-gl_1195.jpg,train,tumor,glioma,Training/glioma/Tr-gl_1195.jpg,d44dd76e27cc77f8d2ef1c3dda34393e,512,512
data\binary\train\tumor\glioma_Tr-gl_1318.jpg,train,tumor,glioma,Training/glioma/Tr-gl_1318.jpg,1e2140eb3c0ae0a043269ac9eb0f7d5f,512,512
data\binary\train\tumor\pituitary_Tr-pi_1387.jpg,train,tumor,pituitary,Training/pituitary/Tr-pi_1387.jpg,db1df2f24f856091b0c114bb7a495ed0,512,512
data\binary\train\tumor\pituitary_Tr-pi_135.jpg,train,tumor,pituitary,Training/pituitary/Tr-pi_135.jpg,9e5483f224b18b87ce605cbe05c4b33f,512,512
data\binary\train\no_tumor\notumor_Tr-no_803.jpg,train,no_tumor,notumor,Training/notumor/Tr-no_803.jpg,1b14139e419799044ee696be63dd40fd,442,442
data\binary\train\no_tumor\notumor_Tr-no_555.jpg,train,no_tumor,notumor,Training/notumor/Tr-no_555.jpg,5e94a3b2581303e333782dbeeb438efc,232,217
data\binary\train\tumor\glioma_Tr-gl_891.jpg,train,tumor,glioma,Training/glioma/Tr-gl_891.jpg,1f7fea5d44a7eff0525c58eac38e3350,512,512
data\binary\train\tumor\pituitary_Tr-pi_815.jpg,train,tumor,pituitary,Training/pituitary/Tr-pi_815.jpg,8cc4b0c2d6362392aadf8b3682ae9b6b,512,512
data\binary\train\no_tumor\notumor_Tr-no_855.jpg,train,no_tumor,notumor,Training/notumor/Tr-no_855.jpg,d4884f184e895ead4bf7596647350f43,201,251
data\binary\train\tumor\meningioma_Tr-me_997.jpg,train,tumor,meningioma,Training/meningioma/Tr-me_997.jpg,32dea6469aad66514669b33bb879345e,512,512
data\binary\train\no_tumor\notumor_Tr-no_1270.jpg,train,no_tumor,notumor,Training/notumor/Tr-no_1270.jpg,bda4b3bcdef416e15da238f25cc39084,201,250
data\binary\train\no_tumor\notumor_Tr-no_771.jpg,train,no_tumor,notumor,Training/notumor/Tr-no_771.jpg,f70c4bc5533e405d1ef1cbf1d41b7d46,428,417
data\binary\train\tumor\pituitary_Tr-pi_1229.jpg,train,tumor,pituitary,Training/pituitary/Tr-pi_1229.jpg,fd04b22e8ab1b9f554d21825f9320256,512,512
data\binary\train\no_tumor\notumor_Tr-no_701.jpg,train,no_tumor,notumor,Training/notumor/Tr-no_701.jpg,a963309696660298e06acc86a16f72e9,228,221
data\binary\train\tumor\meningioma_Tr-me_767.jpg,train,tumor,meningioma,Training/meningioma/Tr-me_767.jpg,9d84d51efccd2e3356784c211283989a,512,512
data\binary\train\tumor\pituitary_Tr-pi_839.jpg,train,tumor,pituitary,Training/pituitary/Tr-pi_839.jpg,8dbfeb34bffa9d00df5e95e683325303,512,512
data\binary\train\no_tumor\notumor_Tr-no_983.jpg,train,no_tumor,notumor,Training/notumor/Tr-no_983.jpg,1009a3b0b045954cfab5fd2693b41bcb,227,262
data\binary\train\tumor\meningioma_Tr-me_383.jpg,train,tumor,meningioma,Training/meningioma/Tr-me_383.jpg,7bc6ef448c9d7c9973274f34392f77db,512,512
data\binary\train\tumor\pituitary_Tr-pi_165.jpg,train,tumor,pituitary,Training/pituitary/Tr-pi_165.jpg,4852ebe462e32456dc4fe65790c3ddd5,512,512
data\binary\train\tumor\meningioma_Tr-me_716.jpg,train,tumor,meningioma,Training/meningioma/Tr-me_716.jpg,a6deb416cf68147fd6d941c3336af7b0,512,512
data\binary\train\tumor\meningioma_Tr-me_353.jpg,train,tumor,meningioma,Training/meningioma/Tr-me_353.jpg,990c07604f642d84b2e60bb5f96a4d88,512,512
data\binary\train\tumor\glioma_Tr-gl_544.jpg,train,tumor,glioma,Training/glioma/Tr-gl_544.jpg,b8afea48912f1a18538f99d2f7903ff5,512,512
data\binary\train\no_tumor\notumor_Tr-no_578.jpg,train,no_tumor,notumor,Training/notumor/Tr-no_578.jpg,d30f6686fdeb5d3618de2675bbb695cd,215,234
data\binary\train\tumor\glioma_Tr-gl_424.jpg,train,tumor,glioma,Training/glioma/Tr-gl_424.jpg,ad59fa0962833c09b8b2de817b495650,512,512
data\binary\train\tumor\meningioma_Tr-me_1263.jpg,train,tumor,meningioma,Training/meningioma/Tr-me_1263.jpg,85eab185a753968392794ef198ac7ad9,512,512
data\binary\train\tumor\pituitary_Tr-pi_278.jpg,train,tumor,pituitary,Training/pituitary/Tr-pi_278.jpg,111c8e59935fa46bc33d924813881611,512,512
data\binary\train\tumor\glioma_Tr-gl_835.jpg,train,tumor,glioma,Training/glioma/Tr-gl_835.jpg,0124b09ce26b59ed44b81e571e709e39,512,512
data\binary\train\no_tumor\notumor_Tr-no_540.jpg,train,no_tumor,notumor,Training/notumor/Tr-no_540.jpg,b57daf6bdf4eba86d249368f83891067,232,217
data\binary\train\tumor\pituitary_Tr-pi_1145.jpg,train,tumor,pituitary,Training/pituitary/Tr-pi_1145.jpg,f2aba898b9d74b986afb47f710d6ed2c,512,512
data\binary\train\tumor\meningioma_Tr-me_1290.jpg,train,tumor,meningioma,Training/meningioma/Tr-me_1290.jpg,fd90d34d5f8fb9e36e9a3a74ce51152b,630,423
data\binary\train\tumor\meningioma_Tr-me_1214.jpg,train,tumor,meningioma,Training/meningioma/Tr-me_1214.jpg,9a63c0bc1f1ea64c6c8ad6a93584d778,512,512
data\binary\train\tumor\pituitary_Tr-pi_1288.jpg,train,tumor,pituitary,Training/pituitary/Tr-pi_1288.jpg,25c026d94c3e8fbe622c90e277a86a13,512,512
data\binary\train\no_tumor\notumor_Tr-no_1398.jpg,train,no_tumor,notumor,Training/notumor/Tr-no_1398.jpg,b9504d1f84629a48b2de81a52aa0468a,210,213
data\binary\train\no_tumor\notumor_Tr-no_1318.jpg,train,no_tumor,notumor,Training/notumor/Tr-no_1318.jpg,482d63fa6ea40fcf05e50744bc60a1b3,733,781
data\binary\train\tumor\pituitary_Tr-pi_774.jpg,train,tumor,pituitary,Training/pituitary/Tr-pi_774.jpg,61daec407e628b6267de26d151509ba8,512,512
data\binary\train\tumor\meningioma_Tr-me_1186.jpg,train,tumor,meningioma,Training/meningioma/Tr-me_1186.jpg,08ab0690b756215c24edc1982a5baf79,512,512
data\binary\train\tumor\glioma_Tr-gl_34.jpg,train,tumor,glioma,Training/glioma/Tr-gl_34.jpg,abe04980a16109ad2c10ac800d1751dd,512,512
data\binary\train\tumor\glioma_Tr-gl_130.jpg,train,tumor,glioma,Training/glioma/Tr-gl_130.jpg,109d87a327fafbdc031e03bd3551b915,512,512
data\binary\train\no_tumor\notumor_Tr-no_728.jpg,train,no_tumor,notumor,Training/notumor/Tr-no_728.jpg,d93d3da64562674f66548c103743cf1b,196,257
data\binary\train\tumor\glioma_Tr-gl_1244.jpg,train,tumor,glioma,Training/glioma/Tr-gl_1244.jpg,f18972032d2f453e3d664b59391970aa,512,512
data\binary\train\tumor\pituitary_Tr-pi_129.jpg,train,tumor,pituitary,Training/pituitary/Tr-pi_129.jpg,af9908a4742f7357f20d80fc9119a8f3,512,512
data\binary\train\tumor\glioma_Tr-gl_501.jpg,train,tumor,glioma,Training/glioma/Tr-gl_501.jpg,dfcff800d5b47b397f6610ec93381bae,512,512
data\binary\train\tumor\glioma_Tr-gl_504.jpg,train,tumor,glioma,Training/glioma/Tr-gl_504.jpg,210b3d4bace23696f7f503b8112d549b,512,512
data\binary\train\tumor\glioma_Tr-gl_259.jpg,train,tumor,glioma,Training/glioma/Tr-gl_259.jpg,289f7254eaecf0b2b16b1f9c6c41caa6,512,512
data\binary\train\tumor\meningioma_Tr-me_820.jpg,train,tumor,meningioma,Training/meningioma/Tr-me_820.jpg,e4af8a272ca5a5af4eb494da4d8a2848,512,512
data\binary\train\tumor\glioma_Tr-gl_93.jpg,train,tumor,glioma,Training/glioma/Tr-gl_93.jpg,ea67f0fed645af2c9c30a1c7c6145bf0,512,512
data\binary\train\tumor\glioma_Tr-gl_1109.jpg,train,tumor,glioma,Training/glioma/Tr-gl_1109.jpg,1e79235ec195f3a32588c37ea04e0a81,512,512
data\binary\train\no_tumor\notumor_Tr-no_1104.jpg,train,no_tumor,notumor,Training/notumor/Tr-no_1104.jpg,903d126767d65b38f6b282de8d2a9e1c,200,252
data\binary\train\tumor\glioma_Tr-gl_882.jpg,train,tumor,glioma,Training/glioma/Tr-gl_882.jpg,3e894f3b486faf83116216be78dc5c02,512,512
data\binary\train\tumor\meningioma_Tr-me_815.jpg,train,tumor,meningioma,Training/meningioma/Tr-me_815.jpg,f751476785f4096389ea3bd8ed48440e,512,512
data\binary\train\tumor\pituitary_Tr-pi_773.jpg,train,tumor,pituitary,Training/pituitary/Tr-pi_773.jpg,b5768ef5bfe6e657de2c0880f5280113,512,512
data\binary\train\no_tumor\notumor_Tr-no_422.jpg,train,no_tumor,notumor,Training/notumor/Tr-no_422.jpg,f23e6460302a85d1c238cad234568219,504,540
data\binary\train\no_tumor\notumor_Tr-no_919.jpg,train,no_tumor,notumor,Training/notumor/Tr-no_919.jpg,1b4b38b48c59b8b5fec6724ef2f58f6c,442,442
data\binary\train\tumor\meningioma_Tr-me_499.jpg,train,tumor,meningioma,Training/meningioma/Tr-me_499.jpg,0239209ee6590fb477087edc0685c560,512,512
data\binary\train\tumor\meningioma_Tr-me_146.jpg,train,tumor,meningioma,Training/meningioma/Tr-me_146.jpg,d9de60c0f1df989a600ca88ad63a51b7,512,512
data\binary\train\tumor\pituitary_Tr-pi_655.jpg,train,tumor,pituitary,Training/pituitary/Tr-pi_655.jpg,5537d3fe0dfc07184b271cc8138d98a8,512,512
data\binary\train\no_tumor\notumor_Tr-no_723.jpg,train,no_tumor,notumor,Training/notumor/Tr-no_723.jpg,562cc858458ff6ea53d8532747c389ed,232,217
data\binary\train\tumor\pituitary_Tr-pi_1109.jpg,train,tumor,pituitary,Training/pituitary/Tr-pi_1109.jpg,e8d383c9c3486fb41c3773230a4040e2,512,512
data\binary\train\no_tumor\notumor_Tr-no_1344.jpg,train,no_tumor,notumor,Training/notumor/Tr-no_1344.jpg,b22b7e9d2aed996018b249972c69b6cf,232,216
data\binary\train\tumor\pituitary_Tr-pi_611.jpg,train,tumor,pituitary,Training/pituitary/Tr-pi_611.jpg,00c2712e37af8cccc245a6ab5f6b887c,512,512
data\binary\train\tumor\meningioma_Tr-me_628.jpg,train,tumor,meningioma,Training/meningioma/Tr-me_628.jpg,2737932da5b26181b955f6a0efccfe63,512,512
data\binary\train\tumor\pituitary_Tr-pi_1061.jpg,train,tumor,pituitary,Training/pituitary/Tr-pi_1061.jpg,584d6a0229efbadef04d46c5628c4b7f,512,512
data\binary\train\no_tumor\notumor_Tr-no_788.jpg,train,no_tumor,notumor,Training/notumor/Tr-no_788.jpg,1fc4e009cba923decb6c5a6cfd65bb4d,400,442
data\binary\train\tumor\glioma_Tr-gl_1061.jpg,train,tumor,glioma,Training/glioma/Tr-gl_1061.jpg,f7d4cbadbc674f8278656a7526306ada,512,512
data\binary\train\no_tumor\notumor_Tr-no_1042.jpg,train,no_tumor,notumor,Training/notumor/Tr-no_1042.jpg,7d155aa15e05feb5fd008361b3b38db2,235,244
data\binary\train\tumor\glioma_Tr-gl_221.jpg,train,tumor,glioma,Training/glioma/Tr-gl_221.jpg,1b51b4b891dc858aece8cb6f84d880a6,512,512
data\binary\train\tumor\glioma_Tr-gl_715.jpg,train,tumor,glioma,Training/glioma/Tr-gl_715.jpg,1bf51772a5326f521311eb453a184445,512,512
data\binary\train\tumor\glioma_Tr-gl_150.jpg,train,tumor,glioma,Training/glioma/Tr-gl_150.jpg,689a6f2585d3230733ea81d75c87733b,512,512
data\binary\train\no_tumor\notumor_Tr-no_397.jpg,train,no_tumor,notumor,Training/notumor/Tr-no_397.jpg,a0a5d277244205e68bbb70073837d5f1,300,168
data\binary\train\tumor\meningioma_Tr-aug-me_6.jpg,train,tumor,meningioma,Training/meningioma/Tr-aug-me_6.jpg,b0249f52a7fedd8a4e45b6d5991ad00f,512,512
data\binary\train\tumor\meningioma_Tr-me_142.jpg,train,tumor,meningioma,Training/meningioma/Tr-me_142.jpg,e1daf52c143cb102ece8ecf95ff00afd,512,512
data\binary\train\tumor\pituitary_Tr-pi_700.jpg,train,tumor,pituitary,Training/pituitary/Tr-pi_700.jpg,76fb3decaf0c893f66f183b2ca600265,512,512
data\binary\train\no_tumor\notumor_Tr-no_988.jpg,train,no_tumor,notumor,Training/notumor/Tr-no_988.jpg,98fb899b2e9c0f212835124577e2cdd9,442,442
data\binary\train\tumor\pituitary_Tr-pi_1335.jpg,train,tumor,pituitary,Training/pituitary/Tr-pi_1335.jpg,dcdb3141b9fc09eb77989b501e72e114,512,512
data\binary\train\tumor\meningioma_Tr-me_576.jpg,train,tumor,meningioma,Training/meningioma/Tr-me_576.jpg,992d7f303f61a409876e327a93bd2a30,512,512
data\binary\train\tumor\glioma_Tr-gl_680.jpg,train,tumor,glioma,Training/glioma/Tr-gl_680.jpg,4183033dc7c9a925581163c35d36b016,512,512
data\binary\train\tumor\glioma_Tr-gl_1096.jpg,train,tumor,glioma,Training/glioma/Tr-gl_1096.jpg,abc55d1a910f16863eef57eaba230560,512,512
data\binary\train\no_tumor\notumor_Tr-no_1006.jpg,train,no_tumor,notumor,Training/notumor/Tr-no_1006.jpg,608ac1b24562e7434643d178ad575f30,393,400
data\binary\train\tumor\meningioma_Tr-me_1157.jpg,train,tumor,meningioma,Training/meningioma/Tr-me_1157.jpg,4d05ccfcff306d08eb83f593ea22f42a,512,512
data\binary\train\tumor\glioma_Tr-gl_408.jpg,train,tumor,glioma,Training/glioma/Tr-gl_408.jpg,fa7404ce00fe4026cb58fa727c456a4d,512,512
data\binary\train\tumor\pituitary_Tr-pi_710.jpg,train,tumor,pituitary,Training/pituitary/Tr-pi_710.jpg,03da7bb3df0ff3bc359244b0f93c46d7,512,512
data\binary\train\tumor\pituitary_Tr-pi_583.jpg,train,tumor,pituitary,Training/pituitary/Tr-pi_583.jpg,1009c2068f3845a0706b07eddd8eb496,512,512
data\binary\train\tumor\glioma_Tr-gl_250.jpg,train,tumor,glioma,Training/glioma/Tr-gl_250.jpg,385fbcf667cab44a5ce1861818333006,512,512
data\binary\train\tumor\glioma_Tr-gl_92.jpg,train,tumor,glioma,Training/glioma/Tr-gl_92.jpg,0d355c512fb25079dbe9ab160f97ae36,512,512
data\binary\train\tumor\glioma_Tr-gl_1078.jpg,train,tumor,glioma,Training/glioma/Tr-gl_1078.jpg,33fb7f248c83a87f39c3a53642120ea0,512,512
data\binary\train\tumor\glioma_Tr-gl_917.jpg,train,tumor,glioma,Training/glioma/Tr-gl_917.jpg,bfc7bbf5cefe43efc805e098217780a2,512,512
data\binary\train\tumor\glioma_Tr-gl_513.jpg,train,tumor,glioma,Training/glioma/Tr-gl_513.jpg,395d0e38581162b9ff8ae6a1b95aaca5,512,512
data\binary\train\tumor\pituitary_Tr-pi_212.jpg,train,tumor,pituitary,Training/pituitary/Tr-pi_212.jpg,3d3ca385ca3c5c2e785614492bf8afc2,512,512
data\binary\train\tumor\glioma_Tr-gl_710.jpg,train,tumor,glioma,Training/glioma/Tr-gl_710.jpg,bce53b2bfee388abf2ea58d70d1e1ace,512,512
data\binary\train\tumor\pituitary_Tr-pi_198.jpg,train,tumor,pituitary,Training/pituitary/Tr-pi_198.jpg,1e9f65c632089c37a10bbf57ddac0acd,512,512
data\binary\train\tumor\pituitary_Tr-pi_1222.jpg,train,tumor,pituitary,Training/pituitary/Tr-pi_1222.jpg,a0416c6af2c6d76a2d2f038f5fd1a20d,512,512
data\binary\train\no_tumor\notumor_Tr-no_1149.jpg,train,no_tumor,notumor,Training/notumor/Tr-no_1149.jpg,87adf2a726fbcefd279bed03d11544ff,234,225
data\binary\train\tumor\glioma_Tr-gl_45.jpg,train,tumor,glioma,Training/glioma/Tr-gl_45.jpg,00fc27e7b228658a16307ff0802e4511,512,512
data\binary\train\tumor\meningioma_Tr-me_869.jpg,train,tumor,meningioma,Training/meningioma/Tr-me_869.jpg,5677db98e9c02ce6ae6f4256ae403161,512,512
data\binary\train\tumor\pituitary_Tr-pi_1178.jpg,train,tumor,pituitary,Training/pituitary/Tr-pi_1178.jpg,5b3fc9958442f429ab0fa260bdef89b6,512,512
data\binary\train\tumor\pituitary_Tr-pi_680.jpg,train,tumor,pituitary,Training/pituitary/Tr-pi_680.jpg,e42b9e3c2b18a6b44d524593555152a2,512,512
data\binary\train\tumor\glioma_Tr-gl_248.jpg,train,tumor,glioma,Training/glioma/Tr-gl_248.jpg,55bd8ad0b52b0c76f7d39db2f6fd842a,512,512
data\binary\train\no_tumor\notumor_Tr-no_453.jpg,train,no_tumor,notumor,Training/notumor/Tr-no_453.jpg,f00fedb2caae86192d3f329576e5b625,218,231
data\binary\train\tumor\meningioma_Tr-me_580.jpg,train,tumor,meningioma,Training/meningioma/Tr-me_580.jpg,240f2ee81ec83884a15eb801f414a3c1,512,512
data\binary\train\tumor\meningioma_Tr-me_299.jpg,train,tumor,meningioma,Training/meningioma/Tr-me_299.jpg,91c502ed9f3e82ea92e0ff055004f00b,512,512
data\binary\train\tumor\glioma_Tr-gl_311.jpg,train,tumor,glioma,Training/glioma/Tr-gl_311.jpg,ff57a73e103bbfdf34236d77f1079d2d,512,512
data\binary\train\tumor\meningioma_Tr-me_1280.jpg,train,tumor,meningioma,Training/meningioma/Tr-me_1280.jpg,e01fe44b60ee2be496c694f03d78ab9f,512,512
data\binary\train\no_tumor\notumor_Tr-no_575.jpg,train,no_tumor,notumor,Training/notumor/Tr-no_575.jpg,cbceddcf59b2e11ea2feb78c2c6f936a,214,236
data\binary\train\tumor\glioma_Tr-gl_1332.jpg,train,tumor,glioma,Training/glioma/Tr-gl_1332.jpg,951a6f31fd7e0e0ff7e5d4a5274fe313,512,512
data\binary\train\tumor\meningioma_Tr-me_776.jpg,train,tumor,meningioma,Training/meningioma/Tr-me_776.jpg,7b5a4c468fb96a2a88022a453c5b7e11,291,340
data\binary\train\tumor\meningioma_Tr-me_1272.jpg,train,tumor,meningioma,Training/meningioma/Tr-me_1272.jpg,091d6a71364dc2dc94b015801db80785,512,512
data\binary\train\no_tumor\notumor_Tr-no_310.jpg,train,no_tumor,notumor,Training/notumor/Tr-no_310.jpg,0fd8d5b2406a446db256bda95017cf9e,225,225
data\binary\train\tumor\meningioma_Tr-me_1036.jpg,train,tumor,meningioma,Training/meningioma/Tr-me_1036.jpg,330956285c22c3c082dda5a8eee33978,512,512
data\binary\train\tumor\pituitary_Tr-pi_486.jpg,train,tumor,pituitary,Training/pituitary/Tr-pi_486.jpg,b6d9c5f8ffbc84a944aafc52d2821c80,512,512
data\binary\train\tumor\meningioma_Tr-me_1246.jpg,train,tumor,meningioma,Training/meningioma/Tr-me_1246.jpg,edb8f31b169a77ee255cf8c0ec5f8c07,512,512
data\binary\train\tumor\pituitary_Tr-pi_808.jpg,train,tumor,pituitary,Training/pituitary/Tr-pi_808.jpg,2830ae072fc7612d740578aca49805c7,512,512
data\binary\train\no_tumor\notumor_Tr-no_442.jpg,train,no_tumor,notumor,Training/notumor/Tr-no_442.jpg,99d63f3b7ed4fea3146e21a7ca61f375,209,242
data\binary\train\tumor\pituitary_Tr-pi_1033.jpg,train,tumor,pituitary,Training/pituitary/Tr-pi_1033.jpg,1127d6283dd34e73e41efde3f5d5bafb,512,512
data\binary\train\tumor\pituitary_Tr-pi_163.jpg,train,tumor,pituitary,Training/pituitary/Tr-pi_163.jpg,667db113b8954435f1ceab3122f5b296,512,512
data\binary\train\tumor\glioma_Tr-gl_565.jpg,train,tumor,glioma,Training/glioma/Tr-gl_565.jpg,c524faa16bb2217746955c35f1ecdd20,512,512
data\binary\train\tumor\glioma_Tr-gl_1268.jpg,train,tumor,glioma,Training/glioma/Tr-gl_1268.jpg,ecfefffaa4137d2837de8c509abef528,512,512
data\binary\train\tumor\meningioma_Tr-me_1288.jpg,train,tumor,meningioma,Training/meningioma/Tr-me_1288.jpg,d2df0793c6866d3cab10d09f5547357f,512,512
data\binary\train\tumor\glioma_Tr-gl_1014.jpg,train,tumor,glioma,Training/glioma/Tr-gl_1014.jpg,84d314e4daedc8484b6dc95ed387609b,512,512
data\binary\train\no_tumor\notumor_Tr-no_413.jpg,train,no_tumor,notumor,Training/notumor/Tr-no_413.jpg,effcde21ef13908e6b3086a57f205d97,206,244
data\binary\train\tumor\pituitary_Tr-pi_912.jpg,train,tumor,pituitary,Training/pituitary/Tr-pi_912.jpg,bc84d2f234cac3c68d2e2da072c24283,512,512
data\binary\train\no_tumor\notumor_Tr-no_1142.jpg,train,no_tumor,notumor,Training/notumor/Tr-no_1142.jpg,021a7f59c3561c088735d3dea7bdbb56,275,183
data\binary\train\tumor\meningioma_Tr-me_933.jpg,train,tumor,meningioma,Training/meningioma/Tr-me_933.jpg,422824c8865e0806cc207e218d67437b,512,512
data\binary\train\no_tumor\notumor_Tr-no_139.jpg,train,no_tumor,notumor,Training/notumor/Tr-no_139.jpg,6520e7ac8604cc9e84c5e253d7cb05f0,630,630
data\binary\train\no_tumor\notumor_Tr-no_145.jpg,train,no_tumor,notumor,Training/notumor/Tr-no_145.jpg,c7a0fd941cba81fb0c7a96bfbd691042,428,417
data\binary\train\tumor\meningioma_Tr-me_862.jpg,train,tumor,meningioma,Training/meningioma/Tr-me_862.jpg,21d276f4bea7652ceac8932b71fccb00,225,225
data\binary\train\tumor\glioma_Tr-gl_643.jpg,train,tumor,glioma,Training/glioma/Tr-gl_643.jpg,6387646a7c4c4abf0e9a5c63338cc0b6,512,512
data\binary\train\tumor\pituitary_Tr-pi_835.jpg,train,tumor,pituitary,Training/pituitary/Tr-pi_835.jpg,c9053542992a4aa3a96c75a58e6cdb96,512,512
data\binary\train\no_tumor\notumor_Tr-no_1300.jpg,train,no_tumor,notumor,Training/notumor/Tr-no_1300.jpg,116aa04287be8be3524175077a2c2e56,225,225
data\binary\train\no_tumor\notumor_Tr-no_352.jpg,train,no_tumor,notumor,Training/notumor/Tr-no_352.jpg,8d3815d7ea2015ce5d6dd5edb8ffdf9a,504,540
data\binary\train\no_tumor\notumor_Tr-no_737.jpg,train,no_tumor,notumor,Training/notumor/Tr-no_737.jpg,792fae23c6cb29875f3b74d1337f197a,600,519
data\binary\train\tumor\pituitary_Tr-pi_1323.jpg,train,tumor,pituitary,Training/pituitary/Tr-pi_1323.jpg,b612aa0d702020c3dd896f4294000a02,512,512
data\binary\train\tumor\meningioma_Tr-me_448.jpg,train,tumor,meningioma,Training/meningioma/Tr-me_448.jpg,eb5571c9796744fd99cfa0a37a1e86b3,512,512
data\binary\train\tumor\pituitary_Tr-pi_530.jpg,train,tumor,pituitary,Training/pituitary/Tr-pi_530.jpg,f1ef56a6673377bd1a09e4b65fcb4b69,512,512
data\binary\train\tumor\pituitary_Tr-pi_896.jpg,train,tumor,pituitary,Training/pituitary/Tr-pi_896.jpg,be4e6d1d9541ec812438634adb0868e1,512,512
data\binary\train\tumor\meningioma_Tr-me_470.jpg,train,tumor,meningioma,Training/meningioma/Tr-me_470.jpg,28b96f796e1317bcf34ae9b988655842,512,512
data\binary\train\tumor\pituitary_Tr-pi_1117.jpg,train,tumor,pituitary,Training/pituitary/Tr-pi_1117.jpg,d7fc84534880f123cbb10b4adf6c0202,512,512
data\binary\train\no_tumor\notumor_Tr-no_1120.jpg,train,no_tumor,notumor,Training/notumor/Tr-no_1120.jpg,cbd8f1bbbac5c33f3b86b0c6f9534b6e,442,454
data\binary\train\tumor\meningioma_Tr-me_126.jpg,train,tumor,meningioma,Training/meningioma/Tr-me_126.jpg,b4bd91a63fbf5728851decd9e867aa20,225,225
data\binary\train\no_tumor\notumor_Tr-no_1237.jpg,train,no_tumor,notumor,Training/notumor/Tr-no_1237.jpg,2c86bf24e7fc1936e53f92d35e7512f4,207,243
data\binary\train\tumor\meningioma_Tr-me_195.jpg,train,tumor,meningioma,Training/meningioma/Tr-me_195.jpg,fa6ef8c83b5ff0b0b648db47926efc09,512,512
data\binary\train\no_tumor\notumor_Tr-no_904.jpg,train,no_tumor,notumor,Training/notumor/Tr-no_904.jpg,90fe1de5a8d425e70f21201ae75f56d0,275,183
data\binary\train\no_tumor\notumor_Tr-no_1245.jpg,train,no_tumor,notumor,Training/notumor/Tr-no_1245.jpg,547162f38043fe5cf612896adbaa193e,442,442
data\binary\train\no_tumor\notumor_Tr-no_501.jpg,train,no_tumor,notumor,Training/notumor/Tr-no_501.jpg,79d0077065ba05f6adb7388a1d4719e4,232,217
data\binary\train\tumor\pituitary_Tr-pi_192.jpg,train,tumor,pituitary,Training/pituitary/Tr-pi_192.jpg,9b037a42aa7158b2ae12a0e060dbd6a3,512,512
data\binary\train\no_tumor\notumor_Tr-no_461.jpg,train,no_tumor,notumor,Training/notumor/Tr-no_461.jpg,43aedb61937169dbd32ac92455e5127d,225,225
data\binary\train\tumor\pituitary_Tr-pi_616.jpg,train,tumor,pituitary,Training/pituitary/Tr-pi_616.jpg,928025181fde6443f78bbf5e9afd7141,512,512
data\binary\train\tumor\meningioma_Tr-me_429.jpg,train,tumor,meningioma,Training/meningioma/Tr-me_429.jpg,35c2f9bb13aef67b3136bd00e77fc68a,512,512
data\binary\train\tumor\meningioma_Tr-me_983.jpg,train,tumor,meningioma,Training/meningioma/Tr-me_983.jpg,8b56ff0a8b379beed27373197c096b94,512,512
data\binary\train\tumor\pituitary_Tr-pi_537.jpg,train,tumor,pituitary,Training/pituitary/Tr-pi_537.jpg,aba3bccfd74517d0054fa5778c766176,256,256
data\binary\train\no_tumor\notumor_Tr-no_780.jpg,train,no_tumor,notumor,Training/notumor/Tr-no_780.jpg,beea2fac64ad938f44d12328a0914f9f,173,201
data\binary\train\tumor\pituitary_Tr-pi_231.jpg,train,tumor,pituitary,Training/pituitary/Tr-pi_231.jpg,f98ec662436b2b5e80d90d3c0aca29e3,512,512
data\binary\train\tumor\pituitary_Tr-pi_1344.jpg,train,tumor,pituitary,Training/pituitary/Tr-pi_1344.jpg,f0e09f099f703f88372efd9599bcffc2,512,512
data\binary\train\tumor\pituitary_Tr-pi_957.jpg,train,tumor,pituitary,Training/pituitary/Tr-pi_957.jpg,77f5814acf70c8941f0b977b1d6a9d90,512,512
data\binary\train\tumor\glioma_Tr-gl_180.jpg,train,tumor,glioma,Training/glioma/Tr-gl_180.jpg,6dc0fa41cfba44d64ddd2d13e3951c99,512,512
data\binary\train\tumor\glioma_Tr-gl_189.jpg,train,tumor,glioma,Training/glioma/Tr-gl_189.jpg,226be032ec599c2518847e73e44eb4aa,512,512
data\binary\train\no_tumor\notumor_Tr-no_630.jpg,train,no_tumor,notumor,Training/notumor/Tr-no_630.jpg,b3d5bb3d43f53f0d576990cdff2de2da,472,537
data\binary\train\no_tumor\notumor_Tr-no_1307.jpg,train,no_tumor,notumor,Training/notumor/Tr-no_1307.jpg,8119d65eeb853979f88ace9e90e2b65e,207,225
data\binary\train\no_tumor\notumor_Tr-no_1012.jpg,train,no_tumor,notumor,Training/notumor/Tr-no_1012.jpg,23e6821b8f16cd8cc9d01b6e6e377c03,225,225
data\binary\train\no_tumor\notumor_Tr-no_923.jpg,train,no_tumor,notumor,Training/notumor/Tr-no_923.jpg,d03f2c2ca14846645c6258ecae2ead47,225,225
data\binary\train\tumor\pituitary_Tr-pi_1037.jpg,train,tumor,pituitary,Training/pituitary/Tr-pi_1037.jpg,901396677526fa3b86101cb95114f886,512,512
data\binary\train\tumor\glioma_Tr-gl_1105.jpg,train,tumor,glioma,Training/glioma/Tr-gl_1105.jpg,8ed9a65ceab792971998265a4d7071f7,512,512
data\binary\train\tumor\glioma_Tr-gl_708.jpg,train,tumor,glioma,Training/glioma/Tr-gl_708.jpg,76f39b6a958e60cac40377b2bb576ff8,512,512
data\binary\train\no_tumor\notumor_Tr-no_545.jpg,train,no_tumor,notumor,Training/notumor/Tr-no_545.jpg,7c3b0337ad375d94ab3ccfcdba51e411,196,257
data\binary\train\tumor\pituitary_Tr-pi_181.jpg,train,tumor,pituitary,Training/pituitary/Tr-pi_181.jpg,7d1d189b4d94abe05b2cb5a2134e9d79,512,512
data\binary\train\tumor\pituitary_Tr-pi_485.jpg,train,tumor,pituitary,Training/pituitary/Tr-pi_485.jpg,cff16632173c6abf6f9215b8f8afd1b2,512,512
data\binary\train\no_tumor\notumor_Tr-no_362.jpg,train,no_tumor,notumor,Training/notumor/Tr-no_362.jpg,f4a6f0089b53f4f15640c03704624cd7,235,233
data\binary\train\tumor\glioma_Tr-gl_839.jpg,train,tumor,glioma,Training/glioma/Tr-gl_839.jpg,87c7860a92483f4a1b98cf1599427cbf,512,512
data\binary\train\tumor\pituitary_Tr-pi_336.jpg,train,tumor,pituitary,Training/pituitary/Tr-pi_336.jpg,23deaba6501937532beec37af6ff5ff5,512,512
data\binary\train\tumor\pituitary_Tr-pi_380.jpg,train,tumor,pituitary,Training/pituitary/Tr-pi_380.jpg,e188c6b62705780788b54ec3ff22db64,512,512
data\binary\train\no_tumor\notumor_Tr-no_1201.jpg,train,no_tumor,notumor,Training/notumor/Tr-no_1201.jpg,59b7c567c4721c98531ff66c9bc484ee,329,310
data\binary\train\tumor\pituitary_Tr-pi_713.jpg,train,tumor,pituitary,Training/pituitary/Tr-pi_713.jpg,bc78b1d2a1b6d3c6340e28031e9ae6c7,512,512
data\binary\train\tumor\glioma_Tr-gl_421.jpg,train,tumor,glioma,Training/glioma/Tr-gl_421.jpg,a17216ff6748592f0be4fdd43191db0d,512,512
data\binary\train\tumor\meningioma_Tr-me_1139.jpg,train,tumor,meningioma,Training/meningioma/Tr-me_1139.jpg,8d27234b14d283debe57d13f7ff5b1a2,512,512
data\binary\train\tumor\glioma_Tr-gl_234.jpg,train,tumor,glioma,Training/glioma/Tr-gl_234.jpg,3763e86ffcaa5c90a7e3742e7d0948d0,512,512
data\binary\train\tumor\pituitary_Tr-pi_263.jpg,train,tumor,pituitary,Training/pituitary/Tr-pi_263.jpg,025e0598ddd1b6352639e3179abec3b0,512,512
data\binary\train\no_tumor\notumor_Tr-no_922.jpg,train,no_tumor,notumor,Training/notumor/Tr-no_922.jpg,06fe0b5fa1c8d02443d92335a11ba5da,218,231
data\binary\train\tumor\meningioma_Tr-me_673.jpg,train,tumor,meningioma,Training/meningioma/Tr-me_673.jpg,6f4bc467483e812af5857e780e1f398e,512,512
data\binary\train\tumor\meningioma_Tr-me_475.jpg,train,tumor,meningioma,Training/meningioma/Tr-me_475.jpg,20731256195c21e5eb8409248e44b62f,512,512
data\binary\train\no_tumor\notumor_Tr-no_1002.jpg,train,no_tumor,notumor,Training/notumor/Tr-no_1002.jpg,0a5a167b9b5bbd9a197faf2f9d3cc4cd,200,252
data\binary\train\tumor\glioma_Tr-gl_1112.jpg,train,tumor,glioma,Training/glioma/Tr-gl_1112.jpg,c245eaa9cf980085a04513977a7ff801,512,512
data\binary\train\no_tumor\notumor_Tr-no_722.jpg,train,no_tumor,notumor,Training/notumor/Tr-no_722.jpg,b1dbde1d7f81a93264b29cf5c78ed674,228,221
data\binary\train\tumor\glioma_Tr-gl_1066.jpg,train,tumor,glioma,Training/glioma/Tr-gl_1066.jpg,ed486c609060743782b4424523f7dea7,512,512
data\binary\train\tumor\pituitary_Tr-pi_370.jpg,train,tumor,pituitary,Training/pituitary/Tr-pi_370.jpg,2e202114a503f0a74deb3d5422660f8e,512,512
data\binary\train\tumor\meningioma_Tr-me_425.jpg,train,tumor,meningioma,Training/meningioma/Tr-me_425.jpg,4838c9400aa0c75ede6b81e2900cb10b,512,512
data\binary\train\tumor\glioma_Tr-gl_609.jpg,train,tumor,glioma,Training/glioma/Tr-gl_609.jpg,4d92fb6effe5907ccf8230b7ddfee7e3,512,512
data\binary\train\tumor\pituitary_Tr-pi_1348.jpg,train,tumor,pituitary,Training/pituitary/Tr-pi_1348.jpg,400a6c2f4198dc1ecf03f8adc14a10bf,512,512
data\binary\train\tumor\glioma_Tr-gl_1380.jpg,train,tumor,glioma,Training/glioma/Tr-gl_1380.jpg,36a2874a8686da345c25f938b9b21052,512,512
data\binary\train\tumor\glioma_Tr-gl_1082.jpg,train,tumor,glioma,Training/glioma/Tr-gl_1082.jpg,e74e447804d1e84c2a497e8b15cc970c,512,512
data\binary\train\no_tumor\notumor_Tr-no_951.jpg,train,no_tumor,notumor,Training/notumor/Tr-no_951.jpg,8f6f9087624aa8a02b7cb14f23019a2a,442,442
data\binary\train\tumor\glioma_Tr-gl_132.jpg,train,tumor,glioma,Training/glioma/Tr-gl_132.jpg,a3cb9306a0e02d77b75dbd8cf9a8f84c,512,512
data\binary\train\tumor\pituitary_Tr-pi_731.jpg,train,tumor,pituitary,Training/pituitary/Tr-pi_731.jpg,d707230bfdd673b3e6eff0c1e0a376c4,512,512
data\binary\train\tumor\pituitary_Tr-pi_555.jpg,train,tumor,pituitary,Training/pituitary/Tr-pi_555.jpg,96a992e25e9950960b91b95bb5b3afbf,512,512
data\binary\train\tumor\meningioma_Tr-me_829.jpg,train,tumor,meningioma,Training/meningioma/Tr-me_829.jpg,6d395b16cfca3e878ea2bb9ab6cf58af,512,512
data\binary\train\tumor\meningioma_Tr-me_1181.jpg,train,tumor,meningioma,Training/meningioma/Tr-me_1181.jpg,5488c09fced23c64dfd21ddeebb30de0,512,512
data\binary\train\tumor\meningioma_Tr-me_510.jpg,train,tumor,meningioma,Training/meningioma/Tr-me_510.jpg,1c59dcb8e6d81155fbd1ad1f9c704cfa,512,512
data\binary\train\tumor\glioma_Tr-gl_1130.jpg,train,tumor,glioma,Training/glioma/Tr-gl_1130.jpg,8748f871f8ebd483b1c87ae8a789a2e7,512,512
data\binary\train\tumor\meningioma_Tr-me_113.jpg,train,tumor,meningioma,Training/meningioma/Tr-me_113.jpg,f31b0e876ae77347d88ec2c87cad21c5,512,512
data\binary\train\tumor\glioma_Tr-gl_1141.jpg,train,tumor,glioma,Training/glioma/Tr-gl_1141.jpg,84ceaa8389845d7bbaa2e2b1134d7b6c,512,512
data\binary\train\tumor\pituitary_Tr-pi_1101.jpg,train,tumor,pituitary,Training/pituitary/Tr-pi_1101.jpg,6ae9d3a7563ad2285118b9d0004608dd,512,512
data\binary\train\tumor\pituitary_Tr-pi_153.jpg,train,tumor,pituitary,Training/pituitary/Tr-pi_153.jpg,e4efa26ccfe0ea42339b637fd0e339f8,512,512
data\binary\train\no_tumor\notumor_Tr-no_1373.jpg,train,no_tumor,notumor,Training/notumor/Tr-no_1373.jpg,e8d1d169137b4d23eddab43cd1e7a6e2,200,252
data\binary\train\tumor\glioma_Tr-gl_1362.jpg,train,tumor,glioma,Training/glioma/Tr-gl_1362.jpg,f4697c7efd6a161d8d1118d324cbae58,512,512
data\binary\train\tumor\pituitary_Tr-pi_272.jpg,train,tumor,pituitary,Training/pituitary/Tr-pi_272.jpg,505c6a0858bdc29464ecb6dda9b1c9b1,512,512
data\binary\train\tumor\pituitary_Tr-pi_1217.jpg,train,tumor,pituitary,Training/pituitary/Tr-pi_1217.jpg,095e66fd8c62e80ccce018ab9d1421da,512,512
data\binary\train\no_tumor\notumor_Tr-no_1038.jpg,train,no_tumor,notumor,Training/notumor/Tr-no_1038.jpg,7011a5a9ae2d23d0086c38d4958c9516,504,540
data\binary\train\tumor\glioma_Tr-gl_220.jpg,train,tumor,glioma,Training/glioma/Tr-gl_220.jpg,e0899a5f9770bbf1afb1d32f5ed7bd48,512,512
data\binary\train\no_tumor\notumor_Tr-no_730.jpg,train,no_tumor,notumor,Training/notumor/Tr-no_730.jpg,c00ff450511705c42d3a8273cc785de0,350,393
data\binary\train\no_tumor\notumor_Tr-no_645.jpg,train,no_tumor,notumor,Training/notumor/Tr-no_645.jpg,de5363e571f77a966a5a27cc5494cdc6,227,262
data\binary\train\tumor\pituitary_Tr-pi_464.jpg,train,tumor,pituitary,Training/pituitary/Tr-pi_464.jpg,9ac2bb858e51e57e9652feba3728004e,512,512
data\binary\train\no_tumor\notumor_Tr-no_460.jpg,train,no_tumor,notumor,Training/notumor/Tr-no_460.jpg,744a91b47fb29ed986e4b0a800b496a5,228,221
data\binary\train\tumor\meningioma_Tr-me_413.jpg,train,tumor,meningioma,Training/meningioma/Tr-me_413.jpg,a0c5eaaf365176f1d01971ab6fd67ab2,512,512
data\binary\train\tumor\glioma_Tr-gl_1334.jpg,train,tumor,glioma,Training/glioma/Tr-gl_1334.jpg,b0f49f9d979ab9c7c3b09dcce737fe65,512,512
data\binary\train\tumor\pituitary_Tr-pi_287.jpg,train,tumor,pituitary,Training/pituitary/Tr-pi_287.jpg,3bafcd367c3089404945446dd0efcaa5,512,512
data\binary\train\tumor\pituitary_Tr-pi_961.jpg,train,tumor,pituitary,Training/pituitary/Tr-pi_961.jpg,7cb3263477b7031290716618352b4cf4,512,512
data\binary\train\no_tumor\notumor_Tr-no_1230.jpg,train,no_tumor,notumor,Training/notumor/Tr-no_1230.jpg,cda4339aa932f34697ab3758a02f8010,227,222
data\binary\train\tumor\glioma_Tr-gl_31.jpg,train,tumor,glioma,Training/glioma/Tr-gl_31.jpg,639df0951433f6e6c9e8457de07c3305,512,512
data\binary\train\no_tumor\notumor_Tr-no_1015.jpg,train,no_tumor,notumor,Training/notumor/Tr-no_1015.jpg,e8cf02f5f074423443117f693bef9a33,393,400
data\binary\train\tumor\meningioma_Tr-me_432.jpg,train,tumor,meningioma,Training/meningioma/Tr-me_432.jpg,333ca271271562e025951545e76a8b0b,341,395
data\binary\train\no_tumor\notumor_Tr-no_556.jpg,train,no_tumor,notumor,Training/notumor/Tr-no_556.jpg,7e27bc1a0e26d83b144b58d979e87799,206,244
data\binary\train\tumor\glioma_Tr-gl_1159.jpg,train,tumor,glioma,Training/glioma/Tr-gl_1159.jpg,d5e56ec12c0b1d3829bf579b39730e39,512,512
data\binary\train\tumor\meningioma_Tr-me_937.jpg,train,tumor,meningioma,Training/meningioma/Tr-me_937.jpg,e465f8930cf0f6dc768dfa87fb9aa17c,512,512
data\binary\train\tumor\pituitary_Tr-pi_1353.jpg,train,tumor,pituitary,Training/pituitary/Tr-pi_1353.jpg,beeed09efa63b5ba0dba313a8a770da7,512,512
data\binary\train\tumor\pituitary_Tr-pi_1167.jpg,train,tumor,pituitary,Training/pituitary/Tr-pi_1167.jpg,45587ea3aba61eed50a07b81acf021ed,512,512
data\binary\train\tumor\glioma_Tr-gl_1363.jpg,train,tumor,glioma,Training/glioma/Tr-gl_1363.jpg,1b6ec8ac8b7a30df3cc0fc1de35fc934,512,512
data\binary\train\tumor\pituitary_Tr-pi_797.jpg,train,tumor,pituitary,Training/pituitary/Tr-pi_797.jpg,22cc899e40665c130e0de73d0ac60263,512,512
data\binary\train\tumor\glioma_Tr-gl_726.jpg,train,tumor,glioma,Training/glioma/Tr-gl_726.jpg,02b75b946ab30111002e52c2570d6736,512,512
data\binary\train\tumor\glioma_Tr-gl_830.jpg,train,tumor,glioma,Training/glioma/Tr-gl_830.jpg,311510d98b6a624c999e8c445ba06b77,512,512
data\binary\train\tumor\meningioma_Tr-me_57.jpg,train,tumor,meningioma,Training/meningioma/Tr-me_57.jpg,071781f8dd8fec5ffcd8acc3614f3fd0,512,512
data\binary\train\tumor\meningioma_Tr-me_987.jpg,train,tumor,meningioma,Training/meningioma/Tr-me_987.jpg,b36171ba86e6502a430444805b296010,512,512
data\binary\train\tumor\pituitary_Tr-pi_1332.jpg,train,tumor,pituitary,Training/pituitary/Tr-pi_1332.jpg,d193940d4758dc4c0e04080c1d737760,512,512
data\binary\train\tumor\meningioma_Tr-me_1003.jpg,train,tumor,meningioma,Training/meningioma/Tr-me_1003.jpg,131009fed603361ef01cda18070cf963,512,512
data\binary\train\no_tumor\notumor_Tr-no_795.jpg,train,no_tumor,notumor,Training/notumor/Tr-no_795.jpg,c4bf754311ba81f3a1a1241a406d135c,218,231
data\binary\train\tumor\meningioma_Tr-me_625.jpg,train,tumor,meningioma,Training/meningioma/Tr-me_625.jpg,2cae797680c9739e96cd17ba867f5570,512,512
data\binary\train\tumor\meningioma_Tr-me_279.jpg,train,tumor,meningioma,Training/meningioma/Tr-me_279.jpg,13c7b3d8f4c5af03469766e685ec8031,512,512
data\binary\train\no_tumor\notumor_Tr-no_1371.jpg,train,no_tumor,notumor,Training/notumor/Tr-no_1371.jpg,ad4aa8c9caaf095ebe33a671029eabc5,201,251
data\binary\train\tumor\pituitary_Tr-pi_424.jpg,train,tumor,pituitary,Training/pituitary/Tr-pi_424.jpg,b2c13463540e744e726722d8ec789571,512,512
data\binary\train\tumor\meningioma_Tr-me_141.jpg,train,tumor,meningioma,Training/meningioma/Tr-me_141.jpg,f694618d22be181e04ba93f0048d248f,512,512
data\binary\train\tumor\meningioma_Tr-me_685.jpg,train,tumor,meningioma,Training/meningioma/Tr-me_685.jpg,9143ecff259bc4dea3a555e919188759,512,512
data\binary\train\tumor\meningioma_Tr-me_1082.jpg,train,tumor,meningioma,Training/meningioma/Tr-me_1082.jpg,2ce839631db98a207d3d21fbddbfbde4,512,512
data\binary\train\tumor\meningioma_Tr-me_1088.jpg,train,tumor,meningioma,Training/meningioma/Tr-me_1088.jpg,056a6dda53d3b1dd6c9f3a06aae507eb,512,512
data\binary\train\no_tumor\notumor_Tr-no_517.jpg,train,no_tumor,notumor,Training/notumor/Tr-no_517.jpg,9b9bd17e941861d5713caace6e7b9d95,150,198
data\binary\train\tumor\glioma_Tr-gl_1068.jpg,train,tumor,glioma,Training/glioma/Tr-gl_1068.jpg,f3aceb5493367d8ebc9984677d0c379f,512,512
data\binary\train\tumor\meningioma_Tr-me_670.jpg,train,tumor,meningioma,Training/meningioma/Tr-me_670.jpg,130496429f2b29eb729c0a958e6b48d0,512,512
data\binary\train\tumor\meningioma_Tr-aug-me_11.jpg,train,tumor,meningioma,Training/meningioma/Tr-aug-me_11.jpg,ccb89781f03688d7d8952bd14cf5c913,512,512
data\binary\train\tumor\glioma_Tr-gl_325.jpg,train,tumor,glioma,Training/glioma/Tr-gl_325.jpg,0e16c9155b8dcb3e07f9a9fffbf43edd,512,512
data\binary\train\tumor\meningioma_Tr-me_1267.jpg,train,tumor,meningioma,Training/meningioma/Tr-me_1267.jpg,68af3a7989e50273b474bd411404ebef,512,512
data\binary\train\tumor\pituitary_Tr-pi_716.jpg,train,tumor,pituitary,Training/pituitary/Tr-pi_716.jpg,4f729d1f77bb9590069e778c4ea19c7a,512,512
data\binary\train\tumor\pituitary_Tr-pi_1004.jpg,train,tumor,pituitary,Training/pituitary/Tr-pi_1004.jpg,da2d278c9f9e27628774026c36f21c0e,512,512
data\binary\train\tumor\glioma_Tr-gl_1373.jpg,train,tumor,glioma,Training/glioma/Tr-gl_1373.jpg,9d5d9028122defa6bf4e4150291f8e4b,512,512
data\binary\train\tumor\pituitary_Tr-pi_843.jpg,train,tumor,pituitary,Training/pituitary/Tr-pi_843.jpg,c088aeece3749444b21caf6be25ca6d6,512,512
data\binary\train\tumor\glioma_Tr-gl_788.jpg,train,tumor,glioma,Training/glioma/Tr-gl_788.jpg,d467ac4acda6799e2bbe7bb684e63867,512,512
data\binary\train\tumor\meningioma_Tr-me_329.jpg,train,tumor,meningioma,Training/meningioma/Tr-me_329.jpg,26d4e0c507a30dedccefa893b2152c96,512,512
data\binary\train\tumor\pituitary_Tr-pi_27.jpg,train,tumor,pituitary,Training/pituitary/Tr-pi_27.jpg,fba8a9f6c3efa2215c1532b3d3f0ca7d,512,512
data\binary\train\no_tumor\notumor_Tr-no_1167.jpg,train,no_tumor,notumor,Training/notumor/Tr-no_1167.jpg,56e17a3732eac7405eba891046e07945,232,217
data\binary\train\tumor\meningioma_Tr-me_1008.jpg,train,tumor,meningioma,Training/meningioma/Tr-me_1008.jpg,0e6a27fd60480c2baf61d489a7e6eb16,512,512
data\binary\train\tumor\pituitary_Tr-pi_689.jpg,train,tumor,pituitary,Training/pituitary/Tr-pi_689.jpg,a89c21e34185fa90d8f4a234c341977e,512,512
data\binary\train\no_tumor\notumor_Tr-no_7.jpg,train,no_tumor,notumor,Training/notumor/Tr-no_7.jpg,f6114f23720eddf4a40bef468c308c48,630,630
data\binary\train\tumor\glioma_Tr-gl_648.jpg,train,tumor,glioma,Training/glioma/Tr-gl_648.jpg,7f34d26d9d2624538565e12e8e5a83f4,512,512
data\binary\train\tumor\glioma_Tr-gl_58.jpg,train,tumor,glioma,Training/glioma/Tr-gl_58.jpg,f9deb3298662f35186a8f3c6044ca360,512,512
data\binary\train\no_tumor\notumor_Tr-no_879.jpg,train,no_tumor,notumor,Training/notumor/Tr-no_879.jpg,5a1aba37d7122d6aaaf131fa6cd52797,230,274
data\binary\train\tumor\glioma_Tr-gl_569.jpg,train,tumor,glioma,Training/glioma/Tr-gl_569.jpg,e809907ca0770fadf3a5a58969ebf8cd,512,512
data\binary\train\tumor\meningioma_Tr-me_1146.jpg,train,tumor,meningioma,Training/meningioma/Tr-me_1146.jpg,952fbccffb5c6dfdf5ef3623e8aa50d8,206,249
data\binary\train\tumor\meningioma_Tr-me_259.jpg,train,tumor,meningioma,Training/meningioma/Tr-me_259.jpg,8bcb0301ceacfbc84fea55dce70ca674,512,512
data\binary\train\tumor\pituitary_Tr-pi_277.jpg,train,tumor,pituitary,Training/pituitary/Tr-pi_277.jpg,4354c36d7a699b1e38b4166a4b061791,512,512
data\binary\train\no_tumor\notumor_Tr-no_359.jpg,train,no_tumor,notumor,Training/notumor/Tr-no_359.jpg,c6137a2108587723850ee8ebd0d30789,400,442
data\binary\train\tumor\pituitary_Tr-pi_1243.jpg,train,tumor,pituitary,Training/pituitary/Tr-pi_1243.jpg,4543cd31b17521fcfa82c30d65fa2126,512,512
data\binary\train\no_tumor\notumor_Tr-no_1080.jpg,train,no_tumor,notumor,Training/notumor/Tr-no_1080.jpg,a70478e583b34d61c57ae182b58af7b7,236,236
data\binary\train\tumor\meningioma_Tr-me_230.jpg,train,tumor,meningioma,Training/meningioma/Tr-me_230.jpg,d8bf6a8bbdf0b9c13c04f6636d77bdc7,512,512
data\binary\train\tumor\glioma_Tr-gl_1287.jpg,train,tumor,glioma,Training/glioma/Tr-gl_1287.jpg,426e8fbd99fa8edf04be091811366559,512,512
data\binary\train\no_tumor\notumor_Tr-no_936.jpg,train,no_tumor,notumor,Training/notumor/Tr-no_936.jpg,fe72406f8c205f64297cb57d14a5aa5e,630,630
data\binary\train\tumor\meningioma_Tr-me_671.jpg,train,tumor,meningioma,Training/meningioma/Tr-me_671.jpg,42c8e028421be81dc50e0a9f90f799a3,512,512
data\binary\train\tumor\pituitary_Tr-pi_404.jpg,train,tumor,pituitary,Training/pituitary/Tr-pi_404.jpg,8f988269d3f676ce913b7bbf10dbf69c,512,512
data\binary\train\tumor\meningioma_Tr-me_298.jpg,train,tumor,meningioma,Training/meningioma/Tr-me_298.jpg,a8981ee96486d69d22bfe2d42ff67ac3,512,512
data\binary\train\tumor\glioma_Tr-gl_188.jpg,train,tumor,glioma,Training/glioma/Tr-gl_188.jpg,8e2894eec1b4572e6fbe1991145fa099,512,512
data\binary\train\tumor\pituitary_Tr-pi_179.jpg,train,tumor,pituitary,Training/pituitary/Tr-pi_179.jpg,ab63e493d1e043eab164bfd5e2bd6386,512,512
data\binary\train\tumor\meningioma_Tr-me_145.jpg,train,tumor,meningioma,Training/meningioma/Tr-me_145.jpg,ec00c2470c3abe13e1f53bc9aaebb6f6,315,315
data\binary\train\tumor\meningioma_Tr-me_511.jpg,train,tumor,meningioma,Training/meningioma/Tr-me_511.jpg,d9e1f34bf84ad5f6708fd0ea12be4c0a,512,512
data\binary\train\tumor\glioma_Tr-gl_872.jpg,train,tumor,glioma,Training/glioma/Tr-gl_872.jpg,0d7e19f30598f83f153721f56f184ae3,512,512
data\binary\train\tumor\pituitary_Tr-pi_1393.jpg,train,tumor,pituitary,Training/pituitary/Tr-pi_1393.jpg,72cf8041bf1d44f1a035c5b4f5ebf2d0,512,512
data\binary\train\tumor\glioma_Tr-gl_535.jpg,train,tumor,glioma,Training/glioma/Tr-gl_535.jpg,9fdde3bbecc79cd1c55d9473a96c6308,512,512
data\binary\train\tumor\pituitary_Tr-pi_512.jpg,train,tumor,pituitary,Training/pituitary/Tr-pi_512.jpg,201b826cfab71ca61b0a4ef4951c6d3b,512,512
data\binary\train\tumor\meningioma_Tr-me_321.jpg,train,tumor,meningioma,Training/meningioma/Tr-me_321.jpg,3d3103ece6cbb0e62c6920dde03111a1,512,512
data\binary\train\tumor\meningioma_Tr-me_1160.jpg,train,tumor,meningioma,Training/meningioma/Tr-me_1160.jpg,7ea911055da060eae14ac980f4e074a8,512,512
data\binary\train\tumor\meningioma_Tr-aug-me_21.jpg,train,tumor,meningioma,Training/meningioma/Tr-aug-me_21.jpg,2041b083f1df1109e580267be4a1d1fc,512,512
data\binary\train\tumor\pituitary_Tr-pi_186.jpg,train,tumor,pituitary,Training/pituitary/Tr-pi_186.jpg,4abecec5a599d58af987cc0e3360edc1,512,512
data\binary\train\tumor\glioma_Tr-gl_577.jpg,train,tumor,glioma,Training/glioma/Tr-gl_577.jpg,cddf9a9bdcd8dfb44a547829ae90526d,512,512
data\binary\train\tumor\meningioma_Tr-me_286.jpg,train,tumor,meningioma,Training/meningioma/Tr-me_286.jpg,d1f0b234edb10aaaf41b1278442281d6,512,512
data\binary\train\no_tumor\notumor_Tr-no_739.jpg,train,no_tumor,notumor,Training/notumor/Tr-no_739.jpg,7ca0caefb9289b291b15c5040e4455f2,206,244
data\binary\train\no_tumor\notumor_Tr-no_861.jpg,train,no_tumor,notumor,Training/notumor/Tr-no_861.jpg,47eaeaf40e9f46bb84887d028f02a76e,208,242
data\binary\train\no_tumor\notumor_Tr-no_474.jpg,train,no_tumor,notumor,Training/notumor/Tr-no_474.jpg,daa02cee711bec666750b39f25495511,409,442
data\binary\train\no_tumor\notumor_Tr-no_1336.jpg,train,no_tumor,notumor,Training/notumor/Tr-no_1336.jpg,208670d4d74e93c59795a71a6e8edaf1,201,251
data\binary\train\no_tumor\notumor_Tr-no_695.jpg,train,no_tumor,notumor,Training/notumor/Tr-no_695.jpg,1886d4cc561b9aa4885118fa4fc4c3f1,225,225
data\binary\train\tumor\pituitary_Tr-pi_334.jpg,train,tumor,pituitary,Training/pituitary/Tr-pi_334.jpg,d1c66e90caffc0a6e64c8c6b76a113b5,512,512
data\binary\train\tumor\pituitary_Tr-pi_1124.jpg,train,tumor,pituitary,Training/pituitary/Tr-pi_1124.jpg,93087c4a11022702322341be68e8b9a0,512,512
data\binary\train\tumor\pituitary_Tr-pi_702.jpg,train,tumor,pituitary,Training/pituitary/Tr-pi_702.jpg,eb0135075aecdd15eafe21e45e292081,512,512
data\binary\train\tumor\pituitary_Tr-pi_999.jpg,train,tumor,pituitary,Training/pituitary/Tr-pi_999.jpg,68173769c8a54f1923a7994d04af3199,512,512
data\binary\train\no_tumor\notumor_Tr-no_997.jpg,train,no_tumor,notumor,Training/notumor/Tr-no_997.jpg,20efc7beb6a4f33cbcee65e5333f4120,208,242
data\binary\train\tumor\pituitary_Tr-pi_976.jpg,train,tumor,pituitary,Training/pituitary/Tr-pi_976.jpg,7221447aa8910b625281d5dfc9b2bb96,512,512
data\binary\train\no_tumor\notumor_Tr-no_1135.jpg,train,no_tumor,notumor,Training/notumor/Tr-no_1135.jpg,5d9a2d1fd79f1d0dc650a5024759221c,630,630
data\binary\train\tumor\glioma_Tr-gl_1030.jpg,train,tumor,glioma,Training/glioma/Tr-gl_1030.jpg,4bb4ae13ef152e84c2ae9ed2416411cf,512,512
data\binary\train\tumor\glioma_Tr-gl_744.jpg,train,tumor,glioma,Training/glioma/Tr-gl_744.jpg,30098901b369f6eac1f2648d416e3f19,512,512
data\binary\train\no_tumor\notumor_Tr-no_761.jpg,train,no_tumor,notumor,Training/notumor/Tr-no_761.jpg,44ca851835d395a19c7ff216a5b31eef,225,225
data\binary\train\no_tumor\notumor_Tr-no_661.jpg,train,no_tumor,notumor,Training/notumor/Tr-no_661.jpg,95ca29ffc6b31852b41c19dac3ce46ad,200,252
data\binary\train\no_tumor\notumor_Tr-no_407.jpg,train,no_tumor,notumor,Training/notumor/Tr-no_407.jpg,68ebae69c42bbb3a6f525a0d966c66fe,236,309
data\binary\train\tumor\glioma_Tr-gl_998.jpg,train,tumor,glioma,Training/glioma/Tr-gl_998.jpg,f8b331b5a224cf4913a7b3e1afa4958a,512,512
data\binary\train\tumor\glioma_Tr-gl_36.jpg,train,tumor,glioma,Training/glioma/Tr-gl_36.jpg,37ae69bd1e01ff098c0c778655e23208,512,512
data\binary\train\tumor\meningioma_Tr-me_589.jpg,train,tumor,meningioma,Training/meningioma/Tr-me_589.jpg,1b02dbeacd3a7a9f316734fa17633e0e,512,512
data\binary\train\tumor\meningioma_Tr-me_165.jpg,train,tumor,meningioma,Training/meningioma/Tr-me_165.jpg,f7b42f2117720ebd26449ba761477ebf,512,512
data\binary\train\tumor\pituitary_Tr-pi_508.jpg,train,tumor,pituitary,Training/pituitary/Tr-pi_508.jpg,711b91b37ad9e629b1debaa972a5c086,512,512
data\binary\train\no_tumor\notumor_Tr-no_19.jpg,train,no_tumor,notumor,Training/notumor/Tr-no_19.jpg,7a9e39c541dd3d4553fa9112cb1e2453,428,417
data\binary\train\tumor\meningioma_Tr-aug-me_74.jpg,train,tumor,meningioma,Training/meningioma/Tr-aug-me_74.jpg,056d07bf96f2e9e2f575b4d2a853372d,512,512
data\binary\train\tumor\pituitary_Tr-pi_1165.jpg,train,tumor,pituitary,Training/pituitary/Tr-pi_1165.jpg,475d8f97d2d07b809cfc23ef41de76b4,512,512
data\binary\train\tumor\glioma_Tr-gl_474.jpg,train,tumor,glioma,Training/glioma/Tr-gl_474.jpg,69ee37c245651a4c27d3a7b37e5a415e,512,512
data\binary\train\tumor\glioma_Tr-gl_811.jpg,train,tumor,glioma,Training/glioma/Tr-gl_811.jpg,a7b33238be0f228987b8b1ada94ff414,512,512
data\binary\train\tumor\pituitary_Tr-pi_673.jpg,train,tumor,pituitary,Training/pituitary/Tr-pi_673.jpg,3dc18fc001f9586cb8fe90090a0774ef,512,512
data\binary\train\tumor\meningioma_Tr-me_751.jpg,train,tumor,meningioma,Training/meningioma/Tr-me_751.jpg,34d31161e9c4662a01ceac0124913e79,512,512
data\binary\train\no_tumor\notumor_Tr-no_619.jpg,train,no_tumor,notumor,Training/notumor/Tr-no_619.jpg,0eba51f3a477d21835bcf85f6ee4cc07,228,221
data\binary\train\no_tumor\notumor_Tr-no_254.jpg,train,no_tumor,notumor,Training/notumor/Tr-no_254.jpg,e13a3500e495f36a3ac1a47590180d73,173,201
data\binary\train\tumor\meningioma_Tr-me_913.jpg,train,tumor,meningioma,Training/meningioma/Tr-me_913.jpg,c4b56f8b312a90de24c62d87eb6df354,512,512
data\binary\train\no_tumor\notumor_Tr-no_451.jpg,train,no_tumor,notumor,Training/notumor/Tr-no_451.jpg,45d9d86e82aba98bf0ab19f33a5a8f5c,600,600
data\binary\train\tumor\pituitary_Tr-pi_1238.jpg,train,tumor,pituitary,Training/pituitary/Tr-pi_1238.jpg,59ad29f5620ab77bc44b4bfb515d4b39,512,512
data\binary\train\no_tumor\notumor_Tr-no_378.jpg,train,no_tumor,notumor,Training/notumor/Tr-no_378.jpg,78af9b32838cc236c50d12fe90d2eea3,201,250
data\binary\train\no_tumor\notumor_Tr-no_690.jpg,train,no_tumor,notumor,Training/notumor/Tr-no_690.jpg,d40b3e4cabd2a2072747c631ae85a623,359,449
data\binary\train\no_tumor\notumor_Tr-no_905.jpg,train,no_tumor,notumor,Training/notumor/Tr-no_905.jpg,6d808a958b1bc10fe8e896b3e368fa92,450,504
data\binary\train\no_tumor\notumor_Tr-no_1256.jpg,train,no_tumor,notumor,Training/notumor/Tr-no_1256.jpg,a0fdbb818181e1debe010480a2712424,225,225
data\binary\train\tumor\meningioma_Tr-me_67.jpg,train,tumor,meningioma,Training/meningioma/Tr-me_67.jpg,ffd02f4d7496d2dcfc4563a1c0c99c0d,512,512
data\binary\train\tumor\glioma_Tr-gl_464.jpg,train,tumor,glioma,Training/glioma/Tr-gl_464.jpg,f89db17e42333d0a882c714d60603f1b,512,512
data\binary\train\no_tumor\notumor_Tr-no_1176.jpg,train,no_tumor,notumor,Training/notumor/Tr-no_1176.jpg,51e9bbf60b4b3f97431deb694e03c88c,150,198
data\binary\train\no_tumor\notumor_Tr-no_241.jpg,train,no_tumor,notumor,Training/notumor/Tr-no_241.jpg,74e300144fd708559fd0200b6e927db5,225,225
data\binary\train\tumor\pituitary_Tr-pi_1153.jpg,train,tumor,pituitary,Training/pituitary/Tr-pi_1153.jpg,1a56ef4b7c71a01cc2a6ec9649854bb0,512,512
data\binary\train\no_tumor\notumor_Tr-no_406.jpg,train,no_tumor,notumor,Training/notumor/Tr-no_406.jpg,0778b513768265a0fb2b335fa8cc24dd,236,213
data\binary\train\tumor\glioma_Tr-gl_671.jpg,train,tumor,glioma,Training/glioma/Tr-gl_671.jpg,d7e5c8ce57868d46ea5c5fb69511bcc6,512,512
data\binary\train\tumor\pituitary_Tr-pi_1316.jpg,train,tumor,pituitary,Training/pituitary/Tr-pi_1316.jpg,5668e1ccbee5675d8e4e00157762a54d,512,512
data\binary\train\tumor\pituitary_Tr-pi_782.jpg,train,tumor,pituitary,Training/pituitary/Tr-pi_782.jpg,1e2730ad7604e778a296779b9433a884,512,512
data\binary\train\tumor\meningioma_Tr-me_951.jpg,train,tumor,meningioma,Training/meningioma/Tr-me_951.jpg,f229dbf08b15a10bbeb02cc5664f0e7b,512,512
data\binary\train\tumor\glioma_Tr-gl_1157.jpg,train,tumor,glioma,Training/glioma/Tr-gl_1157.jpg,3deb04da174ee97fbf1bac8e184e12b0,512,512
data\binary\train\tumor\meningioma_Tr-me_1040.jpg,train,tumor,meningioma,Training/meningioma/Tr-me_1040.jpg,5b8f29100280feee483e001d23a3505b,512,512
data\binary\train\no_tumor\notumor_Tr-no_812.jpg,train,no_tumor,notumor,Training/notumor/Tr-no_812.jpg,878e14abf51d56db9fc632b9b140198c,550,664
data\binary\train\tumor\meningioma_Tr-me_914.jpg,train,tumor,meningioma,Training/meningioma/Tr-me_914.jpg,2108c362321251a5fe1a047982e03580,512,512
data\binary\train\tumor\meningioma_Tr-me_533.jpg,train,tumor,meningioma,Training/meningioma/Tr-me_533.jpg,967c0266e3c4c79d08a75df522ebac50,512,512
data\binary\train\tumor\glioma_Tr-gl_359.jpg,train,tumor,glioma,Training/glioma/Tr-gl_359.jpg,4f7f67010ca15652079dc969e6dcdd16,512,512
data\binary\train\tumor\glioma_Tr-gl_61.jpg,train,tumor,glioma,Training/glioma/Tr-gl_61.jpg,3d9dc7c1a1d24e0d278b1346f31a1c0d,512,512
data\binary\train\tumor\meningioma_Tr-me_747.jpg,train,tumor,meningioma,Training/meningioma/Tr-me_747.jpg,e6406a5b79badcfdb32fe76a4e6bc230,512,512
data\binary\train\no_tumor\notumor_Tr-no_1017.jpg,train,no_tumor,notumor,Training/notumor/Tr-no_1017.jpg,8bbc73bcf90ce43f04fb691542b999a8,642,361
data\binary\train\no_tumor\notumor_Tr-no_567.jpg,train,no_tumor,notumor,Training/notumor/Tr-no_567.jpg,3dadcfad9fe25243398f226539313669,150,198
data\binary\train\tumor\glioma_Tr-gl_1300.jpg,train,tumor,glioma,Training/glioma/Tr-gl_1300.jpg,8ef6b3f5160ef787948291242690e4f5,512,512
data\binary\train\no_tumor\notumor_Tr-no_432.jpg,train,no_tumor,notumor,Training/notumor/Tr-no_432.jpg,8c41b4677361db2c16b2082c88f54c89,150,198
data\binary\train\no_tumor\notumor_Tr-no_774.jpg,train,no_tumor,notumor,Training/notumor/Tr-no_774.jpg,1383c8a62264194b6158718f2f60baec,225,225
data\binary\train\tumor\meningioma_Tr-me_100.jpg,train,tumor,meningioma,Training/meningioma/Tr-me_100.jpg,3185bb5ac09723709bf1e9f16de67166,512,512
data\binary\train\tumor\pituitary_Tr-pi_764.jpg,train,tumor,pituitary,Training/pituitary/Tr-pi_764.jpg,f3b1b408b379e96e2284aceddd98fc16,512,512
data\binary\train\tumor\meningioma_Tr-me_120.jpg,train,tumor,meningioma,Training/meningioma/Tr-me_120.jpg,66fea1768c1c37285deafb80ce487cb5,512,512
data\binary\train\tumor\glioma_Tr-gl_152.jpg,train,tumor,glioma,Training/glioma/Tr-gl_152.jpg,3de6ae9714aa2f99aecd051e0d1a15e3,512,512
data\binary\train\no_tumor\notumor_Tr-no_1072.jpg,train,no_tumor,notumor,Training/notumor/Tr-no_1072.jpg,98eecc08bffd93c9c7239a083be67bd4,468,444
data\binary\train\tumor\pituitary_Tr-pi_184.jpg,train,tumor,pituitary,Training/pituitary/Tr-pi_184.jpg,cd113953c61bc99872bef5aee5fdf9b7,512,512
data\binary\train\no_tumor\notumor_Tr-no_1154.jpg,train,no_tumor,notumor,Training/notumor/Tr-no_1154.jpg,1829d716613d6d3022da2f82368071ae,236,269
data\binary\train\no_tumor\notumor_Tr-no_1329.jpg,train,no_tumor,notumor,Training/notumor/Tr-no_1329.jpg,34aacab3637d174e33fe175c35f84cfe,208,242
data\binary\train\tumor\pituitary_Tr-pi_712.jpg,train,tumor,pituitary,Training/pituitary/Tr-pi_712.jpg,5856b81714ee0d67537aa6c8981209db,256,256
data\binary\train\tumor\glioma_Tr-gl_1122.jpg,train,tumor,glioma,Training/glioma/Tr-gl_1122.jpg,041bb5122e78cc3cc319ba98a9c08b86,512,512
data\binary\train\tumor\glioma_Tr-gl_854.jpg,train,tumor,glioma,Training/glioma/Tr-gl_854.jpg,74169ef1a285add837cf16093d203d5b,512,512
data\binary\train\tumor\pituitary_Tr-pi_882.jpg,train,tumor,pituitary,Training/pituitary/Tr-pi_882.jpg,dcd9ef9d12ecda2ed54675ef6be31770,512,512
data\binary\train\no_tumor\notumor_Tr-no_1187.jpg,train,no_tumor,notumor,Training/notumor/Tr-no_1187.jpg,4c8a57ca4fda6790732ae397b23acfa3,220,212
data\binary\train\tumor\pituitary_Tr-pi_157.jpg,train,tumor,pituitary,Training/pituitary/Tr-pi_157.jpg,12e744df1340b3d6c3c0a597e2babdc4,512,512
data\binary\train\tumor\glioma_Tr-gl_166.jpg,train,tumor,glioma,Training/glioma/Tr-gl_166.jpg,d99ef9d7d166c503396e0315b042a189,512,512
data\binary\train\tumor\meningioma_Tr-me_1286.jpg,train,tumor,meningioma,Training/meningioma/Tr-me_1286.jpg,93d2af5225382cd176139b2dc79e305a,201,207
data\binary\train\tumor\glioma_Tr-gl_1128.jpg,train,tumor,glioma,Training/glioma/Tr-gl_1128.jpg,67f5082715032d03f0cc4a41e9abc0f9,512,512
data\binary\train\tumor\pituitary_Tr-pi_1213.jpg,train,tumor,pituitary,Training/pituitary/Tr-pi_1213.jpg,f468dcd6d4ff085f5993f3e4cde61fd6,512,512
data\binary\train\tumor\pituitary_Tr-pi_258.jpg,train,tumor,pituitary,Training/pituitary/Tr-pi_258.jpg,f2a4ca0ced580693a1465ea855ecbb63,512,512
data\binary\train\tumor\pituitary_Tr-pi_723.jpg,train,tumor,pituitary,Training/pituitary/Tr-pi_723.jpg,dee5a62f9cad4e425f63acfd0d8a435a,512,512
data\binary\train\tumor\meningioma_Tr-me_955.jpg,train,tumor,meningioma,Training/meningioma/Tr-me_955.jpg,76ee9fefdb1c9f66c789bb928f25fef2,507,340
data\binary\train\tumor\pituitary_Tr-pi_341.jpg,train,tumor,pituitary,Training/pituitary/Tr-pi_341.jpg,759645276641e073390926246d0fde1c,256,256
data\binary\train\tumor\meningioma_Tr-me_1037.jpg,train,tumor,meningioma,Training/meningioma/Tr-me_1037.jpg,76a3caac20289f5b67512b8cc379c206,512,512
data\binary\train\tumor\meningioma_Tr-me_798.jpg,train,tumor,meningioma,Training/meningioma/Tr-me_798.jpg,47d0da77bfedba8d8c2e0bbe228145e7,512,512
data\binary\train\tumor\meningioma_Tr-me_334.jpg,train,tumor,meningioma,Training/meningioma/Tr-me_334.jpg,eda23054bec76204dae03c56a29ad268,512,512
data\binary\train\tumor\pituitary_Tr-pi_230.jpg,train,tumor,pituitary,Training/pituitary/Tr-pi_230.jpg,31e9093795e1e0e8974f2248bdf917e8,512,512
data\binary\train\tumor\glioma_Tr-gl_916.jpg,train,tumor,glioma,Training/glioma/Tr-gl_916.jpg,04946e3d99618da61182b598674fdfd6,512,512
data\binary\train\tumor\meningioma_Tr-me_328.jpg,train,tumor,meningioma,Training/meningioma/Tr-me_328.jpg,f2c76ad948d033db1274ff86aaea00cf,512,512
data\binary\train\no_tumor\notumor_Tr-no_762.jpg,train,no_tumor,notumor,Training/notumor/Tr-no_762.jpg,7b0494c300f1eb9ed3b55ef1c715db74,150,198
data\binary\train\tumor\glioma_Tr-gl_520.jpg,train,tumor,glioma,Training/glioma/Tr-gl_520.jpg,3052ad5f4bfbd9ad57a3110994a5bc0d,512,512
data\binary\train\no_tumor\notumor_Tr-no_965.jpg,train,no_tumor,notumor,Training/notumor/Tr-no_965.jpg,9bfc3788cf90d9b1dbedab3af967e26b,339,340
data\binary\train\tumor\glioma_Tr-gl_415.jpg,train,tumor,glioma,Training/glioma/Tr-gl_415.jpg,ae29c6c6f4f27ec09910cdd2b873cc14,512,512
data\binary\train\tumor\glioma_Tr-gl_1137.jpg,train,tumor,glioma,Training/glioma/Tr-gl_1137.jpg,dbb6deb64d78ee6d7a4eeece70dee0f9,512,512
data\binary\train\tumor\glioma_Tr-gl_767.jpg,train,tumor,glioma,Training/glioma/Tr-gl_767.jpg,55244c967c30e1a15a672ea0dde0b26d,512,512
data\binary\train\tumor\pituitary_Tr-pi_903.jpg,train,tumor,pituitary,Training/pituitary/Tr-pi_903.jpg,71afc557bdf83d58d678427f30aeaed2,512,512
data\binary\train\tumor\pituitary_Tr-pi_30.jpg,train,tumor,pituitary,Training/pituitary/Tr-pi_30.jpg,d3c5f5993859f00f448f6f8e02b68865,512,512
data\binary\train\tumor\pituitary_Tr-pi_1107.jpg,train,tumor,pituitary,Training/pituitary/Tr-pi_1107.jpg,e051593604f68ccbcdd7f4b23a9fcebf,512,512
data\binary\train\tumor\meningioma_Tr-me_559.jpg,train,tumor,meningioma,Training/meningioma/Tr-me_559.jpg,2efb25d85cf9e091c4335969d6b6dd34,512,512
data\binary\train\tumor\pituitary_Tr-pi_294.jpg,train,tumor,pituitary,Training/pituitary/Tr-pi_294.jpg,bc3cbea9442076880397eff4959209ff,512,512
data\binary\train\no_tumor\notumor_Tr-no_314.jpg,train,no_tumor,notumor,Training/notumor/Tr-no_314.jpg,e71ce456b9d3b690feda282db3caa5d9,630,630
data\binary\train\tumor\pituitary_Tr-pi_267.jpg,train,tumor,pituitary,Training/pituitary/Tr-pi_267.jpg,7c8afec9d312c95cc686b677ced726a1,512,512
data\binary\train\no_tumor\notumor_Tr-no_1315.jpg,train,no_tumor,notumor,Training/notumor/Tr-no_1315.jpg,159c7755cbca9b88df452a647d710f80,630,630
data\binary\train\tumor\meningioma_Tr-aug-me_95.jpg,train,tumor,meningioma,Training/meningioma/Tr-aug-me_95.jpg,9d8e2727154924c2c1f3ff8da042b850,512,512
data\binary\train\tumor\glioma_Tr-gl_923.jpg,train,tumor,glioma,Training/glioma/Tr-gl_923.jpg,7bbca27455825aa34a7ddaf8e4a6adfc,512,512
data\binary\train\tumor\glioma_Tr-gl_343.jpg,train,tumor,glioma,Training/glioma/Tr-gl_343.jpg,6af3fdabc13651afce9e694106649601,512,512
data\binary\train\no_tumor\notumor_Tr-no_385.jpg,train,no_tumor,notumor,Training/notumor/Tr-no_385.jpg,e2dab3ca83d71a3cb0b32fc8434b545a,420,280
data\binary\train\tumor\pituitary_Tr-pi_927.jpg,train,tumor,pituitary,Training/pituitary/Tr-pi_927.jpg,09d8fc4aa9967c99a4068db90e99b693,512,512
data\binary\train\tumor\pituitary_Tr-pi_51.jpg,train,tumor,pituitary,Training/pituitary/Tr-pi_51.jpg,ce7543164b3b0ed05d312fed0b30de77,512,512
data\binary\train\tumor\glioma_Tr-gl_76.jpg,train,tumor,glioma,Training/glioma/Tr-gl_76.jpg,0ad3cea0fcc79d7584ed9a7ab8728980,512,512
data\binary\train\tumor\glioma_Tr-gl_449.jpg,train,tumor,glioma,Training/glioma/Tr-gl_449.jpg,86234ed8ae4864cf5838ee278ab02e4c,512,512
data\binary\train\tumor\glioma_Tr-gl_927.jpg,train,tumor,glioma,Training/glioma/Tr-gl_927.jpg,834219c031a6e0806ae390e7e855e579,512,512
data\binary\train\tumor\glioma_Tr-gl_782.jpg,train,tumor,glioma,Training/glioma/Tr-gl_782.jpg,4dcabe886f99ea03f42b10066b9f3503,512,512
data\binary\train\tumor\pituitary_Tr-pi_353.jpg,train,tumor,pituitary,Training/pituitary/Tr-pi_353.jpg,19bfac67d38578d25a5130872c01e642,512,512
data\binary\train\tumor\pituitary_Tr-pi_435.jpg,train,tumor,pituitary,Training/pituitary/Tr-pi_435.jpg,4175b5a494fff4c633fce58001414c1e,512,512
data\binary\train\tumor\glioma_Tr-gl_729.jpg,train,tumor,glioma,Training/glioma/Tr-gl_729.jpg,8c895e1b0ee6e544b6cb005eea00939b,512,512
data\binary\train\no_tumor\notumor_Tr-no_1045.jpg,train,no_tumor,notumor,Training/notumor/Tr-no_1045.jpg,30cf3a10df036da81f790e0819ae2eae,225,225
data\binary\train\no_tumor\notumor_Tr-no_1001.jpg,train,no_tumor,notumor,Training/notumor/Tr-no_1001.jpg,6bb7e05902ea00eb9202b004ac82625e,232,217
data\binary\train\tumor\glioma_Tr-gl_1173.jpg,train,tumor,glioma,Training/glioma/Tr-gl_1173.jpg,bcf7a06755149b50a859e1dbaba7a9f8,512,512
data\binary\train\tumor\meningioma_Tr-me_1127.jpg,train,tumor,meningioma,Training/meningioma/Tr-me_1127.jpg,0c713fdd2a027491be4fdf129c40421e,534,674
data\binary\train\tumor\pituitary_Tr-pi_367.jpg,train,tumor,pituitary,Training/pituitary/Tr-pi_367.jpg,1ee2d17432bcc76ed5f7c644628147e2,512,512
data\binary\train\tumor\glioma_Tr-gl_1366.jpg,train,tumor,glioma,Training/glioma/Tr-gl_1366.jpg,e5034edff4416d5e7c959f44ede969df,512,512
data\binary\train\tumor\pituitary_Tr-pi_633.jpg,train,tumor,pituitary,Training/pituitary/Tr-pi_633.jpg,1acb0a829e08c0fc6fdbbfe0e43028a1,512,512
data\binary\train\no_tumor\notumor_Tr-no_419.jpg,train,no_tumor,notumor,Training/notumor/Tr-no_419.jpg,f38666c045376195d91213c94ccd1e2f,225,225
data\binary\train\tumor\glioma_Tr-gl_420.jpg,train,tumor,glioma,Training/glioma/Tr-gl_420.jpg,02e150917124d875d0d324717b63234d,512,512
data\binary\train\tumor\pituitary_Tr-pi_95.jpg,train,tumor,pituitary,Training/pituitary/Tr-pi_95.jpg,c9a026c5f5bc2a425ba22a4f3ddb4135,512,512
data\binary\train\tumor\glioma_Tr-gl_570.jpg,train,tumor,glioma,Training/glioma/Tr-gl_570.jpg,ebb26da59a85bda7e9d336a574c29653,512,512
data\binary\train\tumor\glioma_Tr-gl_797.jpg,train,tumor,glioma,Training/glioma/Tr-gl_797.jpg,de15230e3b22b6e42ffc94fd76562109,512,512
data\binary\train\tumor\pituitary_Tr-pi_235.jpg,train,tumor,pituitary,Training/pituitary/Tr-pi_235.jpg,bc7736eeeb92f79e9b74958be05424ac,512,512
data\binary\train\tumor\meningioma_Tr-me_155.jpg,train,tumor,meningioma,Training/meningioma/Tr-me_155.jpg,6f6b1f170af16a2b4d2bb142e04b112a,512,512
data\binary\train\tumor\meningioma_Tr-aug-me_16.jpg,train,tumor,meningioma,Training/meningioma/Tr-aug-me_16.jpg,59ea750091e2e1c9ae3f8515f62d797c,512,512
data\binary\train\tumor\meningioma_Tr-me_853.jpg,train,tumor,meningioma,Training/meningioma/Tr-me_853.jpg,d5174aefe3860345421cb71d7409c61b,512,512
data\binary\train\no_tumor\notumor_Tr-no_829.jpg,train,no_tumor,notumor,Training/notumor/Tr-no_829.jpg,28840bc15b81552aded007ed7be34ae6,225,225
data\binary\train\tumor\pituitary_Tr-pi_1209.jpg,train,tumor,pituitary,Training/pituitary/Tr-pi_1209.jpg,ca3ad7e6cd4825a0d5cff84d11757bed,202,202
data\binary\train\tumor\glioma_Tr-gl_920.jpg,train,tumor,glioma,Training/glioma/Tr-gl_920.jpg,d6dd01bfe508aaea3f02ec2feee7f02a,512,512
data\binary\train\tumor\glioma_Tr-gl_91.jpg,train,tumor,glioma,Training/glioma/Tr-gl_91.jpg,27c25034437bb37d4ebbf9b47ea23e1a,512,512
data\binary\train\tumor\pituitary_Tr-pi_1202.jpg,train,tumor,pituitary,Training/pituitary/Tr-pi_1202.jpg,b24b5a97d95fc7b34bbf73682304899f,512,512
data\binary\train\tumor\glioma_Tr-gl_606.jpg,train,tumor,glioma,Training/glioma/Tr-gl_606.jpg,9a292cee63ac2bdb13cac1f668c8e3bd,512,512
data\binary\train\tumor\meningioma_Tr-me_212.jpg,train,tumor,meningioma,Training/meningioma/Tr-me_212.jpg,5ace459413799a18e41a1ed906b39cde,512,512
data\binary\train\tumor\pituitary_Tr-pi_787.jpg,train,tumor,pituitary,Training/pituitary/Tr-pi_787.jpg,dc17ef4de58a1ccf391bccaa419a4b5b,512,512
data\binary\train\tumor\meningioma_Tr-aug-me_78.jpg,train,tumor,meningioma,Training/meningioma/Tr-aug-me_78.jpg,3a86758bc90dbb134d6a253fc8257096,512,512
data\binary\train\no_tumor\notumor_Tr-no_655.jpg,train,no_tumor,notumor,Training/notumor/Tr-no_655.jpg,8f875f442ebed251fa3baedf7b4413e7,400,442
data\binary\train\tumor\glioma_Tr-gl_736.jpg,train,tumor,glioma,Training/glioma/Tr-gl_736.jpg,292f0197ef5e24617f6f00e2a729bd4e,512,512
data\binary\train\tumor\pituitary_Tr-pi_395.jpg,train,tumor,pituitary,Training/pituitary/Tr-pi_395.jpg,b6d7bbd9a6841b747f76172614f02b89,512,512
data\binary\train\no_tumor\notumor_Tr-no_101.jpg,train,no_tumor,notumor,Training/notumor/Tr-no_101.jpg,3438975680225d41d7bdfda8f6ab04fb,225,225
data\binary\train\tumor\meningioma_Tr-me_1238.jpg,train,tumor,meningioma,Training/meningioma/Tr-me_1238.jpg,48a693cd3032ac8aa9c93d2e28f38fe3,512,512
data\binary\train\tumor\pituitary_Tr-pi_11.jpg,train,tumor,pituitary,Training/pituitary/Tr-pi_11.jpg,7d90bd78773c0666d865c2a466879668,512,512
data\binary\train\tumor\glioma_Tr-gl_371.jpg,train,tumor,glioma,Training/glioma/Tr-gl_371.jpg,f3df88e6ade1aac411df124b842bb776,512,512
data\binary\train\tumor\glioma_Tr-gl_672.jpg,train,tumor,glioma,Training/glioma/Tr-gl_672.jpg,4c291fd7779b8a3f9815294da8297615,512,512
data\binary\train\no_tumor\notumor_Tr-no_1035.jpg,train,no_tumor,notumor,Training/notumor/Tr-no_1035.jpg,da21e61f8960d8881c717ef303bbfb68,225,225
data\binary\train\no_tumor\notumor_Tr-no_338.jpg,train,no_tumor,notumor,Training/notumor/Tr-no_338.jpg,6acb7d1d6943390cb744733d7fc53c76,468,444
data\binary\train\tumor\pituitary_Tr-pi_963.jpg,train,tumor,pituitary,Training/pituitary/Tr-pi_963.jpg,dcc35abc8fcb327942b24d5fe2a19601,512,512
data\binary\train\tumor\meningioma_Tr-me_194.jpg,train,tumor,meningioma,Training/meningioma/Tr-me_194.jpg,2a799f698a83501b6815bd458b58f4f9,512,512
data\binary\train\no_tumor\notumor_Tr-no_801.jpg,train,no_tumor,notumor,Training/notumor/Tr-no_801.jpg,4a2c99db77fd882b24b65be41a5a1e18,225,225
data\binary\train\tumor\pituitary_Tr-pi_318.jpg,train,tumor,pituitary,Training/pituitary/Tr-pi_318.jpg,676fb3efc8f4a9472f9aede115c8b538,512,512
data\binary\train\no_tumor\notumor_Tr-no_549.jpg,train,no_tumor,notumor,Training/notumor/Tr-no_549.jpg,782f4d0d6b1017a18609b0732070a518,228,221
data\binary\train\tumor\meningioma_Tr-aug-me_94.jpg,train,tumor,meningioma,Training/meningioma/Tr-aug-me_94.jpg,b66d2a622c461b978e51d48171ae2980,512,512
data\binary\train\tumor\meningioma_Tr-me_1150.jpg,train,tumor,meningioma,Training/meningioma/Tr-me_1150.jpg,c39142101136c41f56c61fc14532e6ff,512,512
data\binary\train\tumor\glioma_Tr-gl_1317.jpg,train,tumor,glioma,Training/glioma/Tr-gl_1317.jpg,71b4b1300ddb325c891b8acd57f6297c,512,512
data\binary\train\tumor\pituitary_Tr-pi_1144.jpg,train,tumor,pituitary,Training/pituitary/Tr-pi_1144.jpg,a3b3a1b313ca6ae586743a150ab83418,512,512
data\binary\train\tumor\meningioma_Tr-me_391.jpg,train,tumor,meningioma,Training/meningioma/Tr-me_391.jpg,5630c52f2294b7bce31324b268119e7a,512,512
data\binary\train\tumor\pituitary_Tr-pi_760.jpg,train,tumor,pituitary,Training/pituitary/Tr-pi_760.jpg,0558846f5dc0e974b75eac9b0aa1b2be,512,512
data\binary\train\no_tumor\notumor_Tr-no_395.jpg,train,no_tumor,notumor,Training/notumor/Tr-no_395.jpg,65aaa27c5b9f655ef9efcdf75519339a,218,231
data\binary\train\tumor\meningioma_Tr-me_1019.jpg,train,tumor,meningioma,Training/meningioma/Tr-me_1019.jpg,f0ad616ac5b3b070c06362ed1d2c3b65,512,512
data\binary\train\no_tumor\notumor_Tr-no_1332.jpg,train,no_tumor,notumor,Training/notumor/Tr-no_1332.jpg,233fa4bdd12bee816dd81d728c69df39,200,252
data\binary\train\tumor\glioma_Tr-gl_261.jpg,train,tumor,glioma,Training/glioma/Tr-gl_261.jpg,1e719631205a7e5695df603289750745,512,512
data\binary\train\no_tumor\notumor_Tr-no_521.jpg,train,no_tumor,notumor,Training/notumor/Tr-no_521.jpg,b188ae46db1604666c3afb097b1cc180,173,201
data\binary\train\tumor\meningioma_Tr-me_879.jpg,train,tumor,meningioma,Training/meningioma/Tr-me_879.jpg,897d501d0f055d7832e2b98486128611,512,512
data\binary\train\no_tumor\notumor_Tr-no_128.jpg,train,no_tumor,notumor,Training/notumor/Tr-no_128.jpg,5661d00b71c83e4629faec7c0af7efe0,217,248
data\binary\train\tumor\meningioma_Tr-me_894.jpg,train,tumor,meningioma,Training/meningioma/Tr-me_894.jpg,04affdb9d01086f89cfcd5a5008eb332,512,512
data\binary\train\no_tumor\notumor_Tr-no_459.jpg,train,no_tumor,notumor,Training/notumor/Tr-no_459.jpg,40da03aa22fb2373f965134a85094f8d,200,200
data\binary\train\tumor\glioma_Tr-gl_563.jpg,train,tumor,glioma,Training/glioma/Tr-gl_563.jpg,1d6114bce805c9dc047ecbac114cf876,512,512
data\binary\train\tumor\pituitary_Tr-pi_1116.jpg,train,tumor,pituitary,Training/pituitary/Tr-pi_1116.jpg,3f4fee6c4289d743dc400dfdf82eb1d4,512,512
data\binary\train\tumor\glioma_Tr-gl_1006.jpg,train,tumor,glioma,Training/glioma/Tr-gl_1006.jpg,185c3ccb856b3b7f2bc907e219601b88,512,512
data\binary\train\tumor\meningioma_Tr-me_356.jpg,train,tumor,meningioma,Training/meningioma/Tr-me_356.jpg,4033191d30bae4c5709fe9c7254a33ec,512,512
data\binary\train\tumor\meningioma_Tr-me_940.jpg,train,tumor,meningioma,Training/meningioma/Tr-me_940.jpg,b297184b6b00cbfe9b53c109acb2c15b,512,512
data\binary\train\tumor\glioma_Tr-gl_826.jpg,train,tumor,glioma,Training/glioma/Tr-gl_826.jpg,12fa51a777f6839e439f9ef0e48f24ac,512,512
data\binary\train\tumor\meningioma_Tr-me_330.jpg,train,tumor,meningioma,Training/meningioma/Tr-me_330.jpg,94851083e65e9740bdce56b434bacc79,300,412
data\binary\train\tumor\meningioma_Tr-me_68.jpg,train,tumor,meningioma,Training/meningioma/Tr-me_68.jpg,335ced49756ac2a7b0e9994c44cdefbe,512,512
data\binary\train\tumor\glioma_Tr-gl_1369.jpg,train,tumor,glioma,Training/glioma/Tr-gl_1369.jpg,0702639f65505176d2392029e91036b1,512,512
data\binary\train\tumor\pituitary_Tr-pi_980.jpg,train,tumor,pituitary,Training/pituitary/Tr-pi_980.jpg,6ed8e5f973bda0c70b96e8fc623fa11b,512,512
data\binary\train\tumor\pituitary_Tr-pi_656.jpg,train,tumor,pituitary,Training/pituitary/Tr-pi_656.jpg,3525fdc2d011353aeb69c292511d698c,512,512
data\binary\train\tumor\pituitary_Tr-pi_410.jpg,train,tumor,pituitary,Training/pituitary/Tr-pi_410.jpg,7aace426ed99cbee63e3f7fb55465590,512,512
data\binary\train\tumor\pituitary_Tr-pi_76.jpg,train,tumor,pituitary,Training/pituitary/Tr-pi_76.jpg,e5b45518d46fd18293867400f29fb723,512,512
data\binary\train\tumor\pituitary_Tr-pi_931.jpg,train,tumor,pituitary,Training/pituitary/Tr-pi_931.jpg,2da0f35f4648a47c9248c6aed1004fc8,512,512
data\binary\train\tumor\glioma_Tr-gl_642.jpg,train,tumor,glioma,Training/glioma/Tr-gl_642.jpg,7de28ddd175ce8e2f73abca0f949ba3c,512,512
data\binary\train\tumor\meningioma_Tr-me_904.jpg,train,tumor,meningioma,Training/meningioma/Tr-me_904.jpg,789bfb30a56bc1e88866d01ea5a49bff,512,512
data\binary\train\tumor\pituitary_Tr-pi_1357.jpg,train,tumor,pituitary,Training/pituitary/Tr-pi_1357.jpg,4aa78fe36ed6bed3e531869fc2cc1e85,512,512
data\binary\train\no_tumor\notumor_Tr-no_1216.jpg,train,no_tumor,notumor,Training/notumor/Tr-no_1216.jpg,1fffd3936624d914dfdc9ec3d20f86a8,339,340
data\binary\train\tumor\glioma_Tr-gl_434.jpg,train,tumor,glioma,Training/glioma/Tr-gl_434.jpg,974bae6de8a10576424f3d05c901b2cc,512,512
data\binary\train\tumor\meningioma_Tr-me_24.jpg,train,tumor,meningioma,Training/meningioma/Tr-me_24.jpg,87fd03826ee7c76ceb540185b24fe643,512,512
data\binary\train\no_tumor\notumor_Tr-no_1228.jpg,train,no_tumor,notumor,Training/notumor/Tr-no_1228.jpg,7e10aa532c597eb3823edaafa9ee81ae,150,198
data\binary\train\no_tumor\notumor_Tr-no_1166.jpg,train,no_tumor,notumor,Training/notumor/Tr-no_1166.jpg,d973a077924bba408f112fc3f78db3bd,230,282
data\binary\train\tumor\pituitary_Tr-pi_478.jpg,train,tumor,pituitary,Training/pituitary/Tr-pi_478.jpg,743de6ffecf26357515c7e59522f6790,512,512
data\binary\train\tumor\meningioma_Tr-me_1123.jpg,train,tumor,meningioma,Training/meningioma/Tr-me_1123.jpg,6b80bae59b7bb95733b7edbb0b89095f,512,512
data\binary\train\tumor\meningioma_Tr-me_1023.jpg,train,tumor,meningioma,Training/meningioma/Tr-me_1023.jpg,403c56b52964a3cb3362db46993e5bb4,512,512
data\binary\train\tumor\glioma_Tr-gl_67.jpg,train,tumor,glioma,Training/glioma/Tr-gl_67.jpg,5b97cb315b983e3cc4774632ea5e9ff6,512,512
data\binary\train\tumor\meningioma_Tr-me_1077.jpg,train,tumor,meningioma,Training/meningioma/Tr-me_1077.jpg,c02b9e6e7e96f35574aee9cbf4ef994e,512,512
data\binary\train\tumor\meningioma_Tr-me_1175.jpg,train,tumor,meningioma,Training/meningioma/Tr-me_1175.jpg,590135a0ca53e2510d88fa02cf136730,512,512
data\binary\train\tumor\meningioma_Tr-me_754.jpg,train,tumor,meningioma,Training/meningioma/Tr-me_754.jpg,20d5456edb3a88904c42afe0f2b71b6a,512,512
data\binary\train\tumor\meningioma_Tr-me_1015.jpg,train,tumor,meningioma,Training/meningioma/Tr-me_1015.jpg,167ffd353522deb0593cc970d84d701d,512,512
data\binary\train\tumor\glioma_Tr-gl_216.jpg,train,tumor,glioma,Training/glioma/Tr-gl_216.jpg,ba18ca32fbda7798675fcd65ac09f913,512,512
data\binary\train\tumor\pituitary_Tr-pi_747.jpg,train,tumor,pituitary,Training/pituitary/Tr-pi_747.jpg,db991a14f61622b085ef5c539b48893d,512,512
data\binary\train\no_tumor\notumor_Tr-no_1301.jpg,train,no_tumor,notumor,Training/notumor/Tr-no_1301.jpg,d2bf9b4b26f582755c413f49713aa096,200,252
data\binary\train\tumor\meningioma_Tr-aug-me_46.jpg,train,tumor,meningioma,Training/meningioma/Tr-aug-me_46.jpg,a1cf494cf3b6278daca4352288fc949f,512,512
data\binary\train\tumor\pituitary_Tr-pi_507.jpg,train,tumor,pituitary,Training/pituitary/Tr-pi_507.jpg,d47a71bf58c64d781d9ec0bf19d4f7d2,256,256
data\binary\train\tumor\meningioma_Tr-me_326.jpg,train,tumor,meningioma,Training/meningioma/Tr-me_326.jpg,46940672c5f1c22ed36ef1f81cbfc063,512,512
data\binary\train\tumor\glioma_Tr-gl_1053.jpg,train,tumor,glioma,Training/glioma/Tr-gl_1053.jpg,1aa7a239a97dd8f9d79a7a3528b27691,512,512
data\binary\train\no_tumor\notumor_Tr-no_1180.jpg,train,no_tumor,notumor,Training/notumor/Tr-no_1180.jpg,80c99987b5f8e27d7d3bb99c61cb34ce,236,243
data\binary\train\no_tumor\notumor_Tr-no_372.jpg,train,no_tumor,notumor,Training/notumor/Tr-no_372.jpg,36ee4d2806a56198f5d331bc63b5e9c1,230,282
data\binary\train\no_tumor\notumor_Tr-no_586.jpg,train,no_tumor,notumor,Training/notumor/Tr-no_586.jpg,f5f9d605da23cf95d1c1cb780df8530e,201,251
data\binary\train\tumor\pituitary_Tr-pi_1000.jpg,train,tumor,pituitary,Training/pituitary/Tr-pi_1000.jpg,6999098147b3d86a9968a2f24aa1f9b5,512,512
data\binary\train\tumor\pituitary_Tr-pi_291.jpg,train,tumor,pituitary,Training/pituitary/Tr-pi_291.jpg,36cfb3430d88d059f78823c4668f150d,512,512
data\binary\train\tumor\glioma_Tr-gl_733.jpg,train,tumor,glioma,Training/glioma/Tr-gl_733.jpg,07d9cdcfd8cd2efb8bc41015f4188fc3,512,512
data\binary\train\tumor\meningioma_Tr-aug-me_51.jpg,train,tumor,meningioma,Training/meningioma/Tr-aug-me_51.jpg,fcbb79bfaba8bacf27d7d22f44f3d588,512,512
data\binary\train\tumor\glioma_Tr-gl_48.jpg,train,tumor,glioma,Training/glioma/Tr-gl_48.jpg,df7ed796de43d8c43061496d742eb74a,512,512
data\binary\train\tumor\meningioma_Tr-me_139.jpg,train,tumor,meningioma,Training/meningioma/Tr-me_139.jpg,a2f5462011263f65f6fc0a43a126d515,512,512
data\binary\train\tumor\pituitary_Tr-pi_124.jpg,train,tumor,pituitary,Training/pituitary/Tr-pi_124.jpg,da520a37b39d74a87452a53b5ae35118,512,512
data\binary\train\tumor\pituitary_Tr-pi_1311.jpg,train,tumor,pituitary,Training/pituitary/Tr-pi_1311.jpg,779919469031542d1cda164b9a93fff5,512,512
data\binary\train\tumor\glioma_Tr-gl_676.jpg,train,tumor,glioma,Training/glioma/Tr-gl_676.jpg,7c1b28459f3c60083c4b502777f2763a,512,512
data\binary\train\tumor\pituitary_Tr-pi_112.jpg,train,tumor,pituitary,Training/pituitary/Tr-pi_112.jpg,82507eb6b54e10997d6f2961eb552244,512,512
data\binary\train\tumor\meningioma_Tr-me_228.jpg,train,tumor,meningioma,Training/meningioma/Tr-me_228.jpg,51aead1cf663e62fd0c1e80d68404410,512,512
data\binary\train\no_tumor\notumor_Tr-no_1023.jpg,train,no_tumor,notumor,Training/notumor/Tr-no_1023.jpg,5474914546a6267f70286341ef9c9052,630,630
data\binary\train\tumor\meningioma_Tr-me_764.jpg,train,tumor,meningioma,Training/meningioma/Tr-me_764.jpg,6390f18a02fdc3940ae4fe5907311f67,512,512
data\binary\train\no_tumor\notumor_Tr-no_1376.jpg,train,no_tumor,notumor,Training/notumor/Tr-no_1376.jpg,bc86c80c2aef5bfaff0e1de6a2bcdd7b,393,400
data\binary\train\no_tumor\notumor_Tr-no_784.jpg,train,no_tumor,notumor,Training/notumor/Tr-no_784.jpg,e6bcbffa084562d62f0b447b98fc2cbe,225,225
data\binary\train\tumor\pituitary_Tr-pi_9.jpg,train,tumor,pituitary,Training/pituitary/Tr-pi_9.jpg,30e534efc041e0d57df292c8be40eb17,512,512
data\binary\train\tumor\meningioma_Tr-me_88.jpg,train,tumor,meningioma,Training/meningioma/Tr-me_88.jpg,e961bd0d1d06339f92f608f4bc4dd1b4,512,512
data\binary\train\tumor\glioma_Tr-gl_387.jpg,train,tumor,glioma,Training/glioma/Tr-gl_387.jpg,0f592923c27ac44995ab7f7dbad18e46,512,512
data\binary\train\tumor\pituitary_Tr-pi_651.jpg,train,tumor,pituitary,Training/pituitary/Tr-pi_651.jpg,40564884ec9d864aced4f5935d3d8950,512,512
data\binary\train\no_tumor\notumor_Tr-no_381.jpg,train,no_tumor,notumor,Training/notumor/Tr-no_381.jpg,e99824501d736f8433418be8da3c32d5,192,192
data\binary\train\tumor\pituitary_Tr-pi_789.jpg,train,tumor,pituitary,Training/pituitary/Tr-pi_789.jpg,4f29515c0bc53fc34ce52cc94d306d6d,512,512
data\binary\train\tumor\pituitary_Tr-pi_349.jpg,train,tumor,pituitary,Training/pituitary/Tr-pi_349.jpg,2cba34e72f0d738a3f4a6714a3481b8a,512,512
data\binary\train\tumor\glioma_Tr-gl_170.jpg,train,tumor,glioma,Training/glioma/Tr-gl_170.jpg,e2d5fcf92383c9f39f6a37bae03bc6af,512,512
data\binary\train\tumor\meningioma_Tr-me_952.jpg,train,tumor,meningioma,Training/meningioma/Tr-me_952.jpg,ed608eed3869eb8e4202b8d83ed18c9a,512,512
data\binary\train\no_tumor\notumor_Tr-no_402.jpg,train,no_tumor,notumor,Training/notumor/Tr-no_402.jpg,6adb3990b0e97423215e58e5c1c2e91e,201,251
data\binary\train\no_tumor\notumor_Tr-no_1181.jpg,train,no_tumor,notumor,Training/notumor/Tr-no_1181.jpg,e780378fad216c3edd60a85c3d0987b9,232,217
data\binary\train\no_tumor\notumor_Tr-no_237.jpg,train,no_tumor,notumor,Training/notumor/Tr-no_237.jpg,2f691f92b6bb5a13c6f691a173902144,225,225
data\binary\train\tumor\meningioma_Tr-me_23.jpg,train,tumor,meningioma,Training/meningioma/Tr-me_23.jpg,e5c3e05e9514dd40f3fc272df4cd629d,512,512
data\binary\train\tumor\glioma_Tr-gl_1043.jpg,train,tumor,glioma,Training/glioma/Tr-gl_1043.jpg,51b3ce16e0aa971bffc0e2d05b8cea26,512,512
data\binary\train\tumor\pituitary_Tr-pi_813.jpg,train,tumor,pituitary,Training/pituitary/Tr-pi_813.jpg,83aeba8944a528eec71e34e463677b02,512,512
data\binary\train\tumor\glioma_Tr-gl_1028.jpg,train,tumor,glioma,Training/glioma/Tr-gl_1028.jpg,796c9bf7045723582316978af6a1c395,512,512
data\binary\train\tumor\glioma_Tr-gl_438.jpg,train,tumor,glioma,Training/glioma/Tr-gl_438.jpg,c6b7d8b9d443778ea9c08e20605178cf,512,512
data\binary\train\tumor\glioma_Tr-gl_1083.jpg,train,tumor,glioma,Training/glioma/Tr-gl_1083.jpg,5134f3a19edb84c450e74242fa45cc2f,512,512
data\binary\train\tumor\meningioma_Tr-me_178.jpg,train,tumor,meningioma,Training/meningioma/Tr-me_178.jpg,027b34e0b373bb197c8b14822cf9dbef,512,512
data\binary\train\no_tumor\notumor_Tr-no_953.jpg,train,no_tumor,notumor,Training/notumor/Tr-no_953.jpg,ec25192e3c65e8a61f79b7ca72777371,215,234
data\binary\train\tumor\meningioma_Tr-me_1300.jpg,train,tumor,meningioma,Training/meningioma/Tr-me_1300.jpg,2d677871734146cb3641b4fdd84b3e98,512,512
data\binary\train\no_tumor\notumor_Tr-no_1327.jpg,train,no_tumor,notumor,Training/notumor/Tr-no_1327.jpg,45c75867f823ff6b9f719ff0afbd8a13,230,282
data\binary\train\tumor\glioma_Tr-gl_958.jpg,train,tumor,glioma,Training/glioma/Tr-gl_958.jpg,efd2ad7a602ab0bf5449726cfb8c7a82,512,512
data\binary\train\tumor\meningioma_Tr-aug-me_47.jpg,train,tumor,meningioma,Training/meningioma/Tr-aug-me_47.jpg,41afd75533fde66115ad3ace12d09e71,512,512
data\binary\train\tumor\pituitary_Tr-pi_398.jpg,train,tumor,pituitary,Training/pituitary/Tr-pi_398.jpg,863c8c769deff8b39e585f3ffea7f655,512,512
data\binary\train\no_tumor\notumor_Tr-no_340.jpg,train,no_tumor,notumor,Training/notumor/Tr-no_340.jpg,9b95189cc3d9cfda16291a26c808c7b6,201,251
data\binary\train\tumor\pituitary_Tr-pi_357.jpg,train,tumor,pituitary,Training/pituitary/Tr-pi_357.jpg,afd66b044a883a9d979bdcdcbc597071,512,512
data\binary\train\tumor\meningioma_Tr-me_362.jpg,train,tumor,meningioma,Training/meningioma/Tr-me_362.jpg,d899f4201dec63f31fe100c80ba8a535,512,512
data\binary\train\tumor\pituitary_Tr-pi_639.jpg,train,tumor,pituitary,Training/pituitary/Tr-pi_639.jpg,9c8c1238873f74624ca0f945b86d08f2,512,512
data\binary\train\tumor\pituitary_Tr-pi_309.jpg,train,tumor,pituitary,Training/pituitary/Tr-pi_309.jpg,e56995e83ad18347ea3023300033037f,512,512
data\binary\train\tumor\pituitary_Tr-pi_593.jpg,train,tumor,pituitary,Training/pituitary/Tr-pi_593.jpg,047ef95470b8ae6d1d3ab41f11d31f90,512,512
data\binary\train\tumor\glioma_Tr-gl_1298.jpg,train,tumor,glioma,Training/glioma/Tr-gl_1298.jpg,0d125671166f0cefa4f7fdc8b79e9cfc,512,512
data\binary\train\tumor\meningioma_Tr-me_343.jpg,train,tumor,meningioma,Training/meningioma/Tr-me_343.jpg,309ab45cca6eff439c7fa866b2fd7198,512,512
data\binary\train\tumor\meningioma_Tr-me_630.jpg,train,tumor,meningioma,Training/meningioma/Tr-me_630.jpg,e87c7f99a830b4f91bd9d592ed9ce930,512,512
data\binary\train\tumor\meningioma_Tr-aug-me_66.jpg,train,tumor,meningioma,Training/meningioma/Tr-aug-me_66.jpg,841f7b9548c4a7afc224c1707a63defe,512,512
data\binary\train\tumor\glioma_Tr-gl_874.jpg,train,tumor,glioma,Training/glioma/Tr-gl_874.jpg,acae306f0db61d65f80798899ebf938b,512,512
data\binary\train\tumor\pituitary_Tr-pi_97.jpg,train,tumor,pituitary,Training/pituitary/Tr-pi_97.jpg,27e65e103721bdf730f83b744d3c48db,512,512
data\binary\train\tumor\pituitary_Tr-pi_130.jpg,train,tumor,pituitary,Training/pituitary/Tr-pi_130.jpg,db4f41ea41a7de6047a1cc56f424e0a5,512,512
data\binary\train\tumor\glioma_Tr-gl_63.jpg,train,tumor,glioma,Training/glioma/Tr-gl_63.jpg,287b053c9ff68e910d12b8febe4281a1,512,512
data\binary\train\tumor\glioma_Tr-gl_534.jpg,train,tumor,glioma,Training/glioma/Tr-gl_534.jpg,cfe922ed0744e514af74fde30c748ea3,512,512
data\binary\train\tumor\pituitary_Tr-pi_1053.jpg,train,tumor,pituitary,Training/pituitary/Tr-pi_1053.jpg,da6495f31cd807b6751749f3751fa26b,512,512
data\binary\train\tumor\meningioma_Tr-me_637.jpg,train,tumor,meningioma,Training/meningioma/Tr-me_637.jpg,6e42bb5c18c81da7ccdcca0fe4d40a51,229,223
data\binary\train\tumor\meningioma_Tr-me_282.jpg,train,tumor,meningioma,Training/meningioma/Tr-me_282.jpg,38ac89273cc9a8324018ae4d1680ba6f,512,512
data\binary\train\tumor\pituitary_Tr-pi_342.jpg,train,tumor,pituitary,Training/pituitary/Tr-pi_342.jpg,475843a97769b73118e9c7db9eeb8c7d,512,512
data\binary\train\tumor\pituitary_Tr-pi_1138.jpg,train,tumor,pituitary,Training/pituitary/Tr-pi_1138.jpg,d3669c4a071f3fae7aaf28ac39abfa1d,512,512
data\binary\train\tumor\pituitary_Tr-pi_884.jpg,train,tumor,pituitary,Training/pituitary/Tr-pi_884.jpg,7066bac798b9db495aeeeb32bae5d0f8,512,512
data\binary\train\tumor\meningioma_Tr-me_116.jpg,train,tumor,meningioma,Training/meningioma/Tr-me_116.jpg,09a94fcca8e4ccad3aab84cd5a87113b,512,512
data\binary\train\no_tumor\notumor_Tr-no_325.jpg,train,no_tumor,notumor,Training/notumor/Tr-no_325.jpg,5cba73d939059697c0183cf830f339bd,234,218
data\binary\train\tumor\glioma_Tr-gl_296.jpg,train,tumor,glioma,Training/glioma/Tr-gl_296.jpg,8508067294a1c793b28e63e9aa7ca0bb,512,512
data\binary\train\no_tumor\notumor_Tr-no_444.jpg,train,no_tumor,notumor,Training/notumor/Tr-no_444.jpg,ce175eda2b7e4f5114ab457414401dc5,232,217
data\binary\train\tumor\meningioma_Tr-aug-me_79.jpg,train,tumor,meningioma,Training/meningioma/Tr-aug-me_79.jpg,86ee90aa3cf4ae615c4a9e925b39895e,512,512
data\binary\train\no_tumor\notumor_Tr-no_115.jpg,train,no_tumor,notumor,Training/notumor/Tr-no_115.jpg,d0ba529e618ee5e2e8bf0f44a9a103c3,890,1075
data\binary\train\no_tumor\notumor_Tr-no_390.jpg,train,no_tumor,notumor,Training/notumor/Tr-no_390.jpg,0a6b7d0d6665c38f4c94db5980bcf661,228,221
data\binary\train\tumor\pituitary_Tr-pi_906.jpg,train,tumor,pituitary,Training/pituitary/Tr-pi_906.jpg,5de00e5a3c614a1c16df639777f91491,512,512
data\binary\train\tumor\pituitary_Tr-pi_891.jpg,train,tumor,pituitary,Training/pituitary/Tr-pi_891.jpg,f870dd47f847ac5a15c13627a866c6db,512,512
data\binary\train\tumor\pituitary_Tr-pi_54.jpg,train,tumor,pituitary,Training/pituitary/Tr-pi_54.jpg,5d93554176e6be6f84c137ea0288a661,512,512
data\binary\train\tumor\glioma_Tr-gl_1263.jpg,train,tumor,glioma,Training/glioma/Tr-gl_1263.jpg,942754f6aa4c589caa1834b1a03708d9,512,512
data\binary\train\no_tumor\notumor_Tr-no_1324.jpg,train,no_tumor,notumor,Training/notumor/Tr-no_1324.jpg,3fe86a57573d8df2a2d34846fa9288aa,215,234
data\binary\train\tumor\pituitary_Tr-pi_45.jpg,train,tumor,pituitary,Training/pituitary/Tr-pi_45.jpg,d4bc576a7fe43d6b2b7a0455167eddec,512,512
data\binary\train\no_tumor\notumor_Tr-no_571.jpg,train,no_tumor,notumor,Training/notumor/Tr-no_571.jpg,5454e93fa3abda07b7313e8f1fa5eb6e,200,252
data\binary\train\no_tumor\notumor_Tr-no_336.jpg,train,no_tumor,notumor,Training/notumor/Tr-no_336.jpg,60e89afed7faaf91fbf1002ccdcbc611,254,198
data\binary\train\tumor\glioma_Tr-gl_1181.jpg,train,tumor,glioma,Training/glioma/Tr-gl_1181.jpg,fdbe2ae2ea2fcdbd6b3cb6f90db879d1,512,512
data\binary\train\tumor\meningioma_Tr-me_827.jpg,train,tumor,meningioma,Training/meningioma/Tr-me_827.jpg,bb14ce0b4f6ba33e21efeac9bee79c12,512,512
data\binary\train\tumor\pituitary_Tr-pi_347.jpg,train,tumor,pituitary,Training/pituitary/Tr-pi_347.jpg,af9ff04b1eeb05a9da8bdbcca1e49adf,512,512
data\binary\train\tumor\glioma_Tr-gl_628.jpg,train,tumor,glioma,Training/glioma/Tr-gl_628.jpg,3b53dcbf01d24eabae0bde1e2d903a92,512,512
data\binary\train\no_tumor\notumor_Tr-no_1011.jpg,train,no_tumor,notumor,Training/notumor/Tr-no_1011.jpg,308325bd0f07bf1798a46cb6ba1e9f6f,626,686
data\binary\train\tumor\meningioma_Tr-aug-me_90.jpg,train,tumor,meningioma,Training/meningioma/Tr-aug-me_90.jpg,ef4efdf1a7f3fb1b9efe30ee40525500,512,512
data\binary\train\tumor\meningioma_Tr-me_455.jpg,train,tumor,meningioma,Training/meningioma/Tr-me_455.jpg,a84e00b771c06f42744353d70aad1aa6,512,512
data\binary\train\tumor\glioma_Tr-gl_1055.jpg,train,tumor,glioma,Training/glioma/Tr-gl_1055.jpg,2c8d44372b4661841a1464018bcca72e,512,512
data\binary\train\tumor\meningioma_Tr-me_675.jpg,train,tumor,meningioma,Training/meningioma/Tr-me_675.jpg,61cd206642f32b8978e848a82de5c286,512,512
data\binary\train\tumor\meningioma_Tr-me_752.jpg,train,tumor,meningioma,Training/meningioma/Tr-me_752.jpg,ac96b13bff051acafee457acbf0a83e3,512,512
data\binary\train\no_tumor\notumor_Tr-no_94.jpg,train,no_tumor,notumor,Training/notumor/Tr-no_94.jpg,87f7550997955fcbc77426708fca2c3f,225,225
data\binary\train\no_tumor\notumor_Tr-no_677.jpg,train,no_tumor,notumor,Training/notumor/Tr-no_677.jpg,46187030cd69d096f561e16f2b53752e,236,243
data\binary\train\tumor\meningioma_Tr-me_28.jpg,train,tumor,meningioma,Training/meningioma/Tr-me_28.jpg,59e7725c63abd0dd7baf99008b3d7fb4,512,512
data\binary\train\no_tumor\notumor_Tr-no_836.jpg,train,no_tumor,notumor,Training/notumor/Tr-no_836.jpg,7ac4cab3da730fc7150dd5d6326953aa,192,192
data\binary\train\tumor\pituitary_Tr-pi_795.jpg,train,tumor,pituitary,Training/pituitary/Tr-pi_795.jpg,53a058116b01337cde9a8ece210da939,512,512
data\binary\train\tumor\pituitary_Tr-pi_833.jpg,train,tumor,pituitary,Training/pituitary/Tr-pi_833.jpg,f3834a46ec765a8750ba8c188127f500,512,512
data\binary\train\no_tumor\notumor_Tr-no_676.jpg,train,no_tumor,notumor,Training/notumor/Tr-no_676.jpg,46a7e6045dc579f9747a6eb5031417e4,218,231
data\binary\train\tumor\meningioma_Tr-aug-me_2.jpg,train,tumor,meningioma,Training/meningioma/Tr-aug-me_2.jpg,e04909977e7c03fda8f84c5b045d20aa,512,512
data\binary\train\no_tumor\notumor_Tr-no_368.jpg,train,no_tumor,notumor,Training/notumor/Tr-no_368.jpg,f6d5c905aa5aa1433b37275cad3cc4ca,232,217
data\binary\train\tumor\meningioma_Tr-me_291.jpg,train,tumor,meningioma,Training/meningioma/Tr-me_291.jpg,6d6eaa15244a0d0e797a1b9426ce49fe,512,512
data\binary\train\tumor\glioma_Tr-gl_318.jpg,train,tumor,glioma,Training/glioma/Tr-gl_318.jpg,1bf3741b13da10c0a635dcc6c78d9efa,512,512
data\binary\train\tumor\meningioma_Tr-me_123.jpg,train,tumor,meningioma,Training/meningioma/Tr-me_123.jpg,bb89a6059df5be3d2b52c2d7f1e7a1e1,512,512
data\binary\train\tumor\meningioma_Tr-me_664.jpg,train,tumor,meningioma,Training/meningioma/Tr-me_664.jpg,dfd9afadc7427a75ca090570855407b6,512,512
data\binary\train\tumor\glioma_Tr-gl_933.jpg,train,tumor,glioma,Training/glioma/Tr-gl_933.jpg,5784214f644743dee9f88c0aacf75c1f,512,512
data\binary\train\tumor\meningioma_Tr-me_217.jpg,train,tumor,meningioma,Training/meningioma/Tr-me_217.jpg,97188df9604b973610cd668edf5d0893,512,512
data\binary\train\tumor\pituitary_Tr-pi_864.jpg,train,tumor,pituitary,Training/pituitary/Tr-pi_864.jpg,f68bd4d5cf00ec005e047961e4729336,512,512
data\binary\train\tumor\pituitary_Tr-pi_679.jpg,train,tumor,pituitary,Training/pituitary/Tr-pi_679.jpg,625d78224c3ae0e101d261b70959a3f5,512,512
data\binary\train\tumor\pituitary_Tr-pi_265.jpg,train,tumor,pituitary,Training/pituitary/Tr-pi_265.jpg,6456a22976fd362e43da9492d3648c69,512,512
data\binary\train\tumor\pituitary_Tr-pi_1068.jpg,train,tumor,pituitary,Training/pituitary/Tr-pi_1068.jpg,caf3d85410cc3d92daa324596367f564,512,512
data\binary\train\tumor\pituitary_Tr-pi_551.jpg,train,tumor,pituitary,Training/pituitary/Tr-pi_551.jpg,8f6435639868e6f32cddbb45a3654d95,512,512
data\binary\train\no_tumor\notumor_Tr-no_349.jpg,train,no_tumor,notumor,Training/notumor/Tr-no_349.jpg,d3692b5c51d63ded1b913019a2027789,224,286
data\binary\train\no_tumor\notumor_Tr-no_1130.jpg,train,no_tumor,notumor,Training/notumor/Tr-no_1130.jpg,36154c58ac0feb984c5b317863e32000,212,238
data\binary\train\no_tumor\notumor_Tr-no_1389.jpg,train,no_tumor,notumor,Training/notumor/Tr-no_1389.jpg,edff99b0528bbdb5f2340b24dddebaf7,228,221
data\binary\train\tumor\glioma_Tr-gl_306.jpg,train,tumor,glioma,Training/glioma/Tr-gl_306.jpg,5ddfd22fd648821633b4706be9b090c0,512,512
data\binary\train\tumor\glioma_Tr-gl_526.jpg,train,tumor,glioma,Training/glioma/Tr-gl_526.jpg,30ad59af6b969316223579fc99e5571a,512,512
data\binary\train\no_tumor\notumor_Tr-no_1275.jpg,train,no_tumor,notumor,Training/notumor/Tr-no_1275.jpg,316dcc3b335adfd1c24c9f989289a482,201,250
data\binary\train\tumor\pituitary_Tr-pi_26.jpg,train,tumor,pituitary,Training/pituitary/Tr-pi_26.jpg,c6a44ceb2d6f62e6d96e56b02765483f,512,512
data\binary\train\tumor\pituitary_Tr-pi_1026.jpg,train,tumor,pituitary,Training/pituitary/Tr-pi_1026.jpg,aa95d2ea51c6c63f55582b721be9b2b5,512,512
data\binary\train\no_tumor\notumor_Tr-no_1266.jpg,train,no_tumor,notumor,Training/notumor/Tr-no_1266.jpg,9c3b9a6d3a731fd2c9e717d6fb9a9a31,468,444
data\binary\train\tumor\glioma_Tr-gl_348.jpg,train,tumor,glioma,Training/glioma/Tr-gl_348.jpg,e7cddf8bad7c6995fdcd04d61d74f917,512,512
data\binary\train\tumor\glioma_Tr-gl_46.jpg,train,tumor,glioma,Training/glioma/Tr-gl_46.jpg,abc6bb80da34f030b88ab470e7e358b7,512,512
data\binary\train\no_tumor\notumor_Tr-no_570.jpg,train,no_tumor,notumor,Training/notumor/Tr-no_570.jpg,45bf3a2730881783e2cf6766e44da91a,150,198
data\binary\train\no_tumor\notumor_Tr-no_786.jpg,train,no_tumor,notumor,Training/notumor/Tr-no_786.jpg,e7e6c4c4d3f3a59be6cac0eca3a8301c,234,225
data\binary\train\tumor\meningioma_Tr-me_735.jpg,train,tumor,meningioma,Training/meningioma/Tr-me_735.jpg,7109ca8a820f624319408ed8514c2a22,512,512
data\binary\train\tumor\glioma_Tr-gl_553.jpg,train,tumor,glioma,Training/glioma/Tr-gl_553.jpg,3547d58e2df17d633e5740405dee11e9,512,512
data\binary\train\tumor\pituitary_Tr-pi_388.jpg,train,tumor,pituitary,Training/pituitary/Tr-pi_388.jpg,ebc7a09e10cc253b78156253bc5d06e3,512,512
data\binary\train\tumor\pituitary_Tr-pi_841.jpg,train,tumor,pituitary,Training/pituitary/Tr-pi_841.jpg,4fa76c88fe58ef7f171cc483c46621ad,512,512
data\binary\train\tumor\pituitary_Tr-pi_1319.jpg,train,tumor,pituitary,Training/pituitary/Tr-pi_1319.jpg,8b2dabb463b2346f294a15c4562bdc42,512,512
data\binary\train\tumor\meningioma_Tr-me_950.jpg,train,tumor,meningioma,Training/meningioma/Tr-me_950.jpg,533677ff07005bd360d40c0c521eb5f9,512,512
data\binary\train\no_tumor\notumor_Tr-no_1278.jpg,train,no_tumor,notumor,Training/notumor/Tr-no_1278.jpg,1a9604a7db0f7f361eb964b1a6ba6e76,215,234
data\binary\train\tumor\meningioma_Tr-me_1069.jpg,train,tumor,meningioma,Training/meningioma/Tr-me_1069.jpg,d134cc2aacfba636c30a9fa60b6e7861,318,354
data\binary\train\no_tumor\notumor_Tr-no_1110.jpg,train,no_tumor,notumor,Training/notumor/Tr-no_1110.jpg,875f9c9ed0d302043b1d58355cb6ae59,410,490
data\binary\train\tumor\glioma_Tr-gl_1261.jpg,train,tumor,glioma,Training/glioma/Tr-gl_1261.jpg,6e83ad58d11b822f3ec07e9158edaaf9,512,512
data\binary\train\tumor\glioma_Tr-gl_277.jpg,train,tumor,glioma,Training/glioma/Tr-gl_277.jpg,8b1bbf4d78dd751f8f3d876471b4b510,512,512
data\binary\train\tumor\meningioma_Tr-me_724.jpg,train,tumor,meningioma,Training/meningioma/Tr-me_724.jpg,d786bd7b80138f4cfcf06cfaf22018df,512,512
data\binary\train\tumor\pituitary_Tr-pi_920.jpg,train,tumor,pituitary,Training/pituitary/Tr-pi_920.jpg,5f5816b6cf9f05df20460757b828bce1,512,512
data\binary\train\tumor\pituitary_Tr-pi_123.jpg,train,tumor,pituitary,Training/pituitary/Tr-pi_123.jpg,8cb35ec3971584d5cbdfa1a3fa34954b,512,512
data\binary\train\no_tumor\notumor_Tr-no_1356.jpg,train,no_tumor,notumor,Training/notumor/Tr-no_1356.jpg,dfb3989d7b0ae8e50d48e2ac0e86d47c,428,417
data\binary\train\tumor\meningioma_Tr-me_557.jpg,train,tumor,meningioma,Training/meningioma/Tr-me_557.jpg,ee94e72dcadb6520681568914667ea78,226,214
data\binary\train\tumor\pituitary_Tr-pi_101.jpg,train,tumor,pituitary,Training/pituitary/Tr-pi_101.jpg,1708dbd25a65bbea322c0c8af8df3d5d,512,512
data\binary\train\no_tumor\notumor_Tr-no_275.jpg,train,no_tumor,notumor,Training/notumor/Tr-no_275.jpg,bdd44deccd89e3fbb600afd18878a9ac,236,262
data\binary\train\tumor\glioma_Tr-gl_747.jpg,train,tumor,glioma,Training/glioma/Tr-gl_747.jpg,299af2882977ad395a0307b1e8dee1aa,512,512
data\binary\train\tumor\glioma_Tr-gl_796.jpg,train,tumor,glioma,Training/glioma/Tr-gl_796.jpg,de604ae3237e97e1694314ddcb595588,512,512
data\binary\train\tumor\meningioma_Tr-me_182.jpg,train,tumor,meningioma,Training/meningioma/Tr-me_182.jpg,065a3e1b1982c0bec07dd089b1c28dda,512,512
data\binary\train\tumor\pituitary_Tr-pi_1174.jpg,train,tumor,pituitary,Training/pituitary/Tr-pi_1174.jpg,56aafbe6c058fb2d55035e92ea473239,512,512
data\binary\train\tumor\pituitary_Tr-pi_429.jpg,train,tumor,pituitary,Training/pituitary/Tr-pi_429.jpg,f3d789990216fc0dbe10d48f08a226f8,512,512
data\binary\train\tumor\pituitary_Tr-pi_1074.jpg,train,tumor,pituitary,Training/pituitary/Tr-pi_1074.jpg,f25f3f100fd2f6c18abfc81fc70d0d43,512,512
data\binary\train\tumor\pituitary_Tr-pi_1142.jpg,train,tumor,pituitary,Training/pituitary/Tr-pi_1142.jpg,b0bdd2cfb227ae0b9be7541cd71deaf0,512,512
data\binary\train\no_tumor\notumor_Tr-no_302.jpg,train,no_tumor,notumor,Training/notumor/Tr-no_302.jpg,8530d64b0697a54268bc5d3a3fc960ad,380,530
data\binary\train\tumor\pituitary_Tr-pi_1370.jpg,train,tumor,pituitary,Training/pituitary/Tr-pi_1370.jpg,bca2f816ebdc116ed42cc5a8086cd05b,512,512
data\binary\train\tumor\pituitary_Tr-pi_579.jpg,train,tumor,pituitary,Training/pituitary/Tr-pi_579.jpg,07eda6b6a7f26b695372e4d7f0a62077,512,512
data\binary\train\tumor\meningioma_Tr-me_312.jpg,train,tumor,meningioma,Training/meningioma/Tr-me_312.jpg,77bab0df8f6f1e865169be0bb002cfe5,512,512
data\binary\train\tumor\meningioma_Tr-me_186.jpg,train,tumor,meningioma,Training/meningioma/Tr-me_186.jpg,16f2a3d1ff82713cd26416530cbe8b32,324,284
data\binary\train\tumor\meningioma_Tr-me_579.jpg,train,tumor,meningioma,Training/meningioma/Tr-me_579.jpg,12d1473aecf66fe4ffc8a75cfec59d5d,512,512
data\binary\train\tumor\pituitary_Tr-pi_117.jpg,train,tumor,pituitary,Training/pituitary/Tr-pi_117.jpg,8eff586d34b08b6ea1e52428f6b8100a,512,512
data\binary\train\no_tumor\notumor_Tr-no_456.jpg,train,no_tumor,notumor,Training/notumor/Tr-no_456.jpg,a22409dc025014c2b7101e9913384c38,350,393
data\binary\train\tumor\glioma_Tr-gl_1265.jpg,train,tumor,glioma,Training/glioma/Tr-gl_1265.jpg,9ec06c99a95215d28608ba17866bb195,512,512
data\binary\train\tumor\meningioma_Tr-me_20.jpg,train,tumor,meningioma,Training/meningioma/Tr-me_20.jpg,c56adc50d3898acf02a8264cbb1fa3bd,512,512
data\binary\train\tumor\glioma_Tr-gl_43.jpg,train,tumor,glioma,Training/glioma/Tr-gl_43.jpg,25f30981f66982d22d8943f7a645e65d,512,512
data\binary\train\tumor\meningioma_Tr-me_515.jpg,train,tumor,meningioma,Training/meningioma/Tr-me_515.jpg,2c2db413ad93fb543a45eb54969681b2,512,512
data\binary\train\tumor\glioma_Tr-gl_1161.jpg,train,tumor,glioma,Training/glioma/Tr-gl_1161.jpg,367adb8e2e7df2374683138e466154d5,512,512
data\binary\train\no_tumor\notumor_Tr-no_616.jpg,train,no_tumor,notumor,Training/notumor/Tr-no_616.jpg,2b88a1dec72667cd75871abd7d53d60e,320,344
data\binary\train\no_tumor\notumor_Tr-no_796.jpg,train,no_tumor,notumor,Training/notumor/Tr-no_796.jpg,9d40a35639acf70d3ea40c067f5a9896,229,280
data\binary\train\no_tumor\notumor_Tr-no_1362.jpg,train,no_tumor,notumor,Training/notumor/Tr-no_1362.jpg,76d15186970c1638af98be58158d96e9,441,442
data\binary\train\tumor\glioma_Tr-gl_833.jpg,train,tumor,glioma,Training/glioma/Tr-gl_833.jpg,ce8e5ff0aa2e21680f401119b198a05b,512,512
data\binary\train\no_tumor\notumor_Tr-no_1025.jpg,train,no_tumor,notumor,Training/notumor/Tr-no_1025.jpg,b69911cbf8a9ff126740fa9e4b07da7b,216,293
data\binary\train\no_tumor\notumor_Tr-no_292.jpg,train,no_tumor,notumor,Training/notumor/Tr-no_292.jpg,d795de8b9314fe99576e961fd4859590,235,261
data\binary\train\tumor\meningioma_Tr-me_53.jpg,train,tumor,meningioma,Training/meningioma/Tr-me_53.jpg,d45b7d1b03046da5e14da6af87ee5064,512,512
data\binary\train\tumor\glioma_Tr-gl_303.jpg,train,tumor,glioma,Training/glioma/Tr-gl_303.jpg,c59a51180d4313aa20ea04063c08abe9,512,512
data\binary\train\tumor\meningioma_Tr-me_521.jpg,train,tumor,meningioma,Training/meningioma/Tr-me_521.jpg,5a89e2effbd3491ed6fa2ab4262e305c,512,512
data\binary\train\tumor\meningioma_Tr-me_629.jpg,train,tumor,meningioma,Training/meningioma/Tr-me_629.jpg,1bf0aeb3131345d2d69d9933acb34b10,512,512
data\binary\train\tumor\glioma_Tr-gl_326.jpg,train,tumor,glioma,Training/glioma/Tr-gl_326.jpg,5604069e39088506844e3ff66dd75fde,512,512
data\binary\train\tumor\meningioma_Tr-me_545.jpg,train,tumor,meningioma,Training/meningioma/Tr-me_545.jpg,d85484bc3b3583d9633ff897ec2ddd92,512,512
data\binary\train\no_tumor\notumor_Tr-no_813.jpg,train,no_tumor,notumor,Training/notumor/Tr-no_813.jpg,5562eae4e5ebc10b36e46caeb073fbc5,236,236
data\binary\train\tumor\pituitary_Tr-pi_155.jpg,train,tumor,pituitary,Training/pituitary/Tr-pi_155.jpg,ebe47628ded4ee406ebfc7dc8ec7ba0e,512,512
data\binary\train\tumor\meningioma_Tr-me_254.jpg,train,tumor,meningioma,Training/meningioma/Tr-me_254.jpg,0da660a3579460a044ad077724ad5b37,512,512
data\binary\train\tumor\pituitary_Tr-pi_1263.jpg,train,tumor,pituitary,Training/pituitary/Tr-pi_1263.jpg,dc9bafc905b94e812df689a59d6945f0,512,512
data\binary\train\tumor\pituitary_Tr-pi_1281.jpg,train,tumor,pituitary,Training/pituitary/Tr-pi_1281.jpg,887ae7916bdaf7d449a1fa4abbd9cfd9,512,512
data\binary\train\no_tumor\notumor_Tr-no_716.jpg,train,no_tumor,notumor,Training/notumor/Tr-no_716.jpg,67ec1b30862f64de8686b860b3a1e59a,428,417
data\binary\train\tumor\meningioma_Tr-aug-me_31.jpg,train,tumor,meningioma,Training/meningioma/Tr-aug-me_31.jpg,253e221a77a9855bb1a1980ef2b1e0fb,512,512
data\binary\train\tumor\pituitary_Tr-pi_986.jpg,train,tumor,pituitary,Training/pituitary/Tr-pi_986.jpg,bddc16b9d01aa908f7b0be7c42b30007,256,256
data\binary\train\tumor\pituitary_Tr-pi_451.jpg,train,tumor,pituitary,Training/pituitary/Tr-pi_451.jpg,44146fa407ffb21eea1ff9baec86e40f,512,512
data\binary\train\tumor\meningioma_Tr-me_433.jpg,train,tumor,meningioma,Training/meningioma/Tr-me_433.jpg,2f3cc5d038d2d6b899e7c74014bb0b77,512,512
data\binary\train\tumor\pituitary_Tr-pi_642.jpg,train,tumor,pituitary,Training/pituitary/Tr-pi_642.jpg,3b1546e059ea02fdf41275a561200d2e,512,512
data\binary\train\tumor\pituitary_Tr-pi_790.jpg,train,tumor,pituitary,Training/pituitary/Tr-pi_790.jpg,84a2b884d91f1820be314b079c47e6a4,512,512
data\binary\train\tumor\pituitary_Tr-pi_899.jpg,train,tumor,pituitary,Training/pituitary/Tr-pi_899.jpg,8902f3612289bdb481ea3ba466e16c05,512,512
data\binary\train\tumor\meningioma_Tr-me_115.jpg,train,tumor,meningioma,Training/meningioma/Tr-me_115.jpg,6d3a3e0434095ab7625d36b01a0da79a,512,512
data\binary\train\no_tumor\notumor_Tr-no_859.jpg,train,no_tumor,notumor,Training/notumor/Tr-no_859.jpg,ea78fb4c299ff6829660fb8aa177ff65,512,512
data\binary\train\tumor\meningioma_Tr-me_633.jpg,train,tumor,meningioma,Training/meningioma/Tr-me_633.jpg,23050df779adb7e9c757c1ccd78e2621,512,512
data\binary\train\tumor\glioma_Tr-gl_5.jpg,train,tumor,glioma,Training/glioma/Tr-gl_5.jpg,a9868de7a08e9b43ff64a9bd14fc195b,512,512
data\binary\train\tumor\meningioma_Tr-aug-me_10.jpg,train,tumor,meningioma,Training/meningioma/Tr-aug-me_10.jpg,b0be06a09705665fba72e24a0a8a7f98,512,512
data\binary\train\no_tumor\notumor_Tr-no_291.jpg,train,no_tumor,notumor,Training/notumor/Tr-no_291.jpg,1ca665c4698503ffe21bbdf746a213b2,400,442
data\binary\train\tumor\glioma_Tr-gl_960.jpg,train,tumor,glioma,Training/glioma/Tr-gl_960.jpg,a842afd7b077026097e151fff0b16ea3,512,512
data\binary\train\no_tumor\notumor_Tr-no_502.jpg,train,no_tumor,notumor,Training/notumor/Tr-no_502.jpg,ae63f20d0c3029f82437ca5729134f69,236,213
data\binary\train\tumor\meningioma_Tr-me_376.jpg,train,tumor,meningioma,Training/meningioma/Tr-me_376.jpg,d0e41f90979301d14b1e1bf6f781caeb,512,512
data\binary\train\tumor\meningioma_Tr-me_293.jpg,train,tumor,meningioma,Training/meningioma/Tr-me_293.jpg,654d8e6a22a2620202516de9456f275e,512,512
data\binary\train\tumor\meningioma_Tr-me_453.jpg,train,tumor,meningioma,Training/meningioma/Tr-me_453.jpg,be39df2f507c7f2b8aa15b35efb8db4c,306,306
data\binary\train\tumor\meningioma_Tr-me_710.jpg,train,tumor,meningioma,Training/meningioma/Tr-me_710.jpg,c624b846d36484e011ed85601ec56f62,512,512
data\binary\train\tumor\pituitary_Tr-pi_1313.jpg,train,tumor,pituitary,Training/pituitary/Tr-pi_1313.jpg,3eed96ae24d7682a42b4894a6899fd6f,512,512
data\binary\train\tumor\pituitary_Tr-pi_1358.jpg,train,tumor,pituitary,Training/pituitary/Tr-pi_1358.jpg,9bd4e11777e8c2d1310f5bfa026f4034,512,512
data\binary\train\tumor\meningioma_Tr-me_1156.jpg,train,tumor,meningioma,Training/meningioma/Tr-me_1156.jpg,0471c9e11d6761964cf2c2f15b2d79c7,512,512
data\binary\train\tumor\pituitary_Tr-pi_1306.jpg,train,tumor,pituitary,Training/pituitary/Tr-pi_1306.jpg,ff9e3017d5ebc226f8849dfcd1950982,512,512
data\binary\train\tumor\pituitary_Tr-pi_1208.jpg,train,tumor,pituitary,Training/pituitary/Tr-pi_1208.jpg,f03d2b37633375245b84df4f0e0a7999,512,512
data\binary\train\no_tumor\notumor_Tr-no_441.jpg,train,no_tumor,notumor,Training/notumor/Tr-no_441.jpg,8e9ba3a5971ee0f6aa7868dd15c5fb7a,441,442
data\binary\train\tumor\pituitary_Tr-pi_480.jpg,train,tumor,pituitary,Training/pituitary/Tr-pi_480.jpg,bd93ce215391ea5c66e125a9587f42b4,512,512
data\binary\train\tumor\meningioma_Tr-me_1063.jpg,train,tumor,meningioma,Training/meningioma/Tr-me_1063.jpg,77d54faf3252e578192985de0b8b5daa,512,512
data\binary\train\tumor\meningioma_Tr-me_934.jpg,train,tumor,meningioma,Training/meningioma/Tr-me_934.jpg,ff4b9518aed6d2da4779229a169d7439,512,512
data\binary\train\tumor\meningioma_Tr-me_375.jpg,train,tumor,meningioma,Training/meningioma/Tr-me_375.jpg,02416475cb99cda7d3ffeb4cd828a2a6,512,512
data\binary\train\no_tumor\notumor_Tr-no_1290.jpg,train,no_tumor,notumor,Training/notumor/Tr-no_1290.jpg,55bc232802b2c8122e875919c6ccbcfa,225,225
data\binary\train\tumor\meningioma_Tr-me_1091.jpg,train,tumor,meningioma,Training/meningioma/Tr-me_1091.jpg,8753a3c9f99245feb8615e3d8c98c26a,208,243
data\binary\train\tumor\meningioma_Tr-me_114.jpg,train,tumor,meningioma,Training/meningioma/Tr-me_114.jpg,6f8ac9bef506bc2dcc8788e1b4423ecc,512,512
data\binary\train\tumor\meningioma_Tr-aug-me_61.jpg,train,tumor,meningioma,Training/meningioma/Tr-aug-me_61.jpg,17e52f3013379dffc611ebe44fe9b307,512,512
data\binary\train\tumor\meningioma_Tr-aug-me_92.jpg,train,tumor,meningioma,Training/meningioma/Tr-aug-me_92.jpg,9120f19e559d9f509aa873b5d9b46909,512,512
data\binary\train\tumor\pituitary_Tr-pi_52.jpg,train,tumor,pituitary,Training/pituitary/Tr-pi_52.jpg,c9162fc066dbf2d22eeae1effe4c8ec7,512,512
data\binary\train\tumor\meningioma_Tr-me_357.jpg,train,tumor,meningioma,Training/meningioma/Tr-me_357.jpg,02ce190a311e14641b51bede1078c3ea,512,512
data\binary\train\tumor\pituitary_Tr-pi_324.jpg,train,tumor,pituitary,Training/pituitary/Tr-pi_324.jpg,bd7480361cbe469999a69a302818659c,512,512
data\binary\train\tumor\glioma_Tr-gl_821.jpg,train,tumor,glioma,Training/glioma/Tr-gl_821.jpg,ed9328ea9a16c7e89f4b650e22c8243b,512,512
data\binary\train\tumor\meningioma_Tr-me_99.jpg,train,tumor,meningioma,Training/meningioma/Tr-me_99.jpg,92f98ce99049e0f45368950818983be9,507,605
data\binary\train\tumor\glioma_Tr-gl_883.jpg,train,tumor,glioma,Training/glioma/Tr-gl_883.jpg,e09f2ae753e40784e32efbef6d88754e,512,512
data\binary\train\tumor\meningioma_Tr-me_1232.jpg,train,tumor,meningioma,Training/meningioma/Tr-me_1232.jpg,fb63a363d98fe32adca3e735b8a430a2,512,512
data\binary\train\no_tumor\notumor_Tr-no_150.jpg,train,no_tumor,notumor,Training/notumor/Tr-no_150.jpg,7cc3f40df3f7b00c6fa119ecfb93730f,502,513
data\binary\train\tumor\glioma_Tr-gl_164.jpg,train,tumor,glioma,Training/glioma/Tr-gl_164.jpg,fb493b89af38a609d8b301f61fa162b5,512,512
data\binary\train\tumor\pituitary_Tr-pi_637.jpg,train,tumor,pituitary,Training/pituitary/Tr-pi_637.jpg,995975e9381242f7186f0e9fdcff9eb9,512,512
data\binary\train\tumor\pituitary_Tr-pi_167.jpg,train,tumor,pituitary,Training/pituitary/Tr-pi_167.jpg,1e93be41f7799cf65e4ab14798c669e8,512,512
data\binary\train\tumor\meningioma_Tr-me_201.jpg,train,tumor,meningioma,Training/meningioma/Tr-me_201.jpg,f2c6954fbaab47edd5b7d209245ca00c,512,512
data\binary\train\tumor\pituitary_Tr-pi_854.jpg,train,tumor,pituitary,Training/pituitary/Tr-pi_854.jpg,cec769b29c12886554b8a36aab734dfe,512,512
data\binary\train\tumor\pituitary_Tr-pi_643.jpg,train,tumor,pituitary,Training/pituitary/Tr-pi_643.jpg,4a1814f9f7be0d5f71ef1e7f1bcdab8a,512,512
data\binary\train\tumor\meningioma_Tr-me_1118.jpg,train,tumor,meningioma,Training/meningioma/Tr-me_1118.jpg,ff24d729050063a610ef4125e2713f61,512,512
data\binary\train\no_tumor\notumor_Tr-no_163.jpg,train,no_tumor,notumor,Training/notumor/Tr-no_163.jpg,c079dccf65c802f71244b8b7c36e3b19,227,262
data\binary\train\tumor\meningioma_Tr-me_227.jpg,train,tumor,meningioma,Training/meningioma/Tr-me_227.jpg,8ad7273651c229d2232f1cdb0e471826,512,512
data\binary\train\tumor\glioma_Tr-gl_734.jpg,train,tumor,glioma,Training/glioma/Tr-gl_734.jpg,821d28091781dcfceee4b5a005ac2806,512,512
data\binary\train\tumor\glioma_Tr-gl_596.jpg,train,tumor,glioma,Training/glioma/Tr-gl_596.jpg,27f0ad11ffded4ec0ac8729480489a70,512,512
data\binary\train\tumor\glioma_Tr-gl_1094.jpg,train,tumor,glioma,Training/glioma/Tr-gl_1094.jpg,24d0b94dc745046c102df1e62fc2cc54,512,512
data\binary\train\tumor\meningioma_Tr-me_1220.jpg,train,tumor,meningioma,Training/meningioma/Tr-me_1220.jpg,e0b0221b6ce51300e5e6ffa252ea47a1,512,512
data\binary\train\tumor\meningioma_Tr-me_278.jpg,train,tumor,meningioma,Training/meningioma/Tr-me_278.jpg,8b031fea9b14a325eb239eb4631d55be,512,512
data\binary\train\tumor\glioma_Tr-gl_171.jpg,train,tumor,glioma,Training/glioma/Tr-gl_171.jpg,21d001e8427a1e9415661f07541288ae,512,512
data\binary\train\tumor\glioma_Tr-gl_791.jpg,train,tumor,glioma,Training/glioma/Tr-gl_791.jpg,4d12bdcef8dfedc93699df7371e0a1d2,512,512
data\binary\train\tumor\meningioma_Tr-me_9.jpg,train,tumor,meningioma,Training/meningioma/Tr-me_9.jpg,1eafd6b88cb13c91e01025d80ac4e363,512,512
data\binary\train\no_tumor\notumor_Tr-no_1144.jpg,train,no_tumor,notumor,Training/notumor/Tr-no_1144.jpg,e8d6da7fa9d7da189be935063c449481,630,630
data\binary\train\tumor\glioma_Tr-gl_1243.jpg,train,tumor,glioma,Training/glioma/Tr-gl_1243.jpg,c718e113722965ba7f5eb82b937886fd,512,512
data\binary\train\no_tumor\notumor_Tr-no_948.jpg,train,no_tumor,notumor,Training/notumor/Tr-no_948.jpg,56ddeddcfd4db1a6a4532c84c80ca995,227,222
data\binary\train\no_tumor\notumor_Tr-no_1317.jpg,train,no_tumor,notumor,Training/notumor/Tr-no_1317.jpg,df7e8a0bf66346074cdfd208dca5b0fd,234,234
data\binary\train\tumor\pituitary_Tr-pi_8.jpg,train,tumor,pituitary,Training/pituitary/Tr-pi_8.jpg,bd53cf2f12384a6a42794eb89fca35e2,256,256
data\binary\train\tumor\glioma_Tr-gl_336.jpg,train,tumor,glioma,Training/glioma/Tr-gl_336.jpg,25f030e0ad33e4298930a2e87eff8d6d,512,512
data\binary\train\tumor\pituitary_Tr-pi_1318.jpg,train,tumor,pituitary,Training/pituitary/Tr-pi_1318.jpg,b9db6f5584e584c60967cc986a8a09c6,512,512
data\binary\train\no_tumor\notumor_Tr-no_1319.jpg,train,no_tumor,notumor,Training/notumor/Tr-no_1319.jpg,2a24c37fe4b7a2244a110e1b0f759a64,236,270
data\binary\train\tumor\meningioma_Tr-me_544.jpg,train,tumor,meningioma,Training/meningioma/Tr-me_544.jpg,6d64327436e3dc0bfc3e51d1e9aa781a,512,512
data\binary\train\tumor\pituitary_Tr-pi_114.jpg,train,tumor,pituitary,Training/pituitary/Tr-pi_114.jpg,3029a8acc842a0f2447c57189b25ed86,512,512
data\binary\train\tumor\glioma_Tr-gl_109.jpg,train,tumor,glioma,Training/glioma/Tr-gl_109.jpg,c2f7a019e5ced546b6e0e816fcff1a48,512,512
data\binary\train\no_tumor\notumor_Tr-no_615.jpg,train,no_tumor,notumor,Training/notumor/Tr-no_615.jpg,b68f00de8137aed2ba5ffcf86bd07ccd,228,221
data\binary\train\tumor\glioma_Tr-gl_717.jpg,train,tumor,glioma,Training/glioma/Tr-gl_717.jpg,1c6dcbbdbea0a5780b8b8509418b09f8,512,512
data\binary\train\no_tumor\notumor_Tr-no_824.jpg,train,no_tumor,notumor,Training/notumor/Tr-no_824.jpg,b79029e193e7d4f9f9626ec8ccf93da0,230,282
data\binary\train\tumor\glioma_Tr-gl_119.jpg,train,tumor,glioma,Training/glioma/Tr-gl_119.jpg,8095fd3967a83f0893d8add14ce07ac5,512,512
data\binary\train\tumor\meningioma_Tr-me_588.jpg,train,tumor,meningioma,Training/meningioma/Tr-me_588.jpg,c290628766fcc2caa98fa57bf3c84ed7,512,512
data\binary\train\tumor\meningioma_Tr-me_1042.jpg,train,tumor,meningioma,Training/meningioma/Tr-me_1042.jpg,f67d62260a9337e21fc6631c9eb05ac4,512,512
data\binary\train\tumor\meningioma_Tr-me_117.jpg,train,tumor,meningioma,Training/meningioma/Tr-me_117.jpg,b648819b5e64228cc5b8371c9bbe2b03,512,512
data\binary\train\tumor\meningioma_Tr-me_1184.jpg,train,tumor,meningioma,Training/meningioma/Tr-me_1184.jpg,f93ddda61b6f5faf172af45070b976a2,512,512
data\binary\train\tumor\glioma_Tr-gl_566.jpg,train,tumor,glioma,Training/glioma/Tr-gl_566.jpg,5e757c841db25ecb74577ab6e86e96c8,512,512
data\binary\train\tumor\pituitary_Tr-pi_385.jpg,train,tumor,pituitary,Training/pituitary/Tr-pi_385.jpg,76089abf2d91cccc938010e30367fd59,512,512
data\binary\train\tumor\glioma_Tr-gl_1207.jpg,train,tumor,glioma,Training/glioma/Tr-gl_1207.jpg,6d3f84c7005a14ca8163aa29173b9384,512,512
data\binary\train\tumor\pituitary_Tr-pi_1025.jpg,train,tumor,pituitary,Training/pituitary/Tr-pi_1025.jpg,9bee5a881319dc69f5ca996ddea58e51,512,512
data\binary\train\tumor\pituitary_Tr-pi_141.jpg,train,tumor,pituitary,Training/pituitary/Tr-pi_141.jpg,3af281602007d5bcc671c930aca15be4,512,512
data\binary\train\tumor\meningioma_Tr-me_935.jpg,train,tumor,meningioma,Training/meningioma/Tr-me_935.jpg,cc31c01c8e60723fe48e6899b4e99ff3,512,512
data\binary\train\tumor\pituitary_Tr-pi_724.jpg,train,tumor,pituitary,Training/pituitary/Tr-pi_724.jpg,489aa82ec5d947c9c740e1c8aea2807f,512,512
data\binary\train\tumor\pituitary_Tr-pi_824.jpg,train,tumor,pituitary,Training/pituitary/Tr-pi_824.jpg,a31c0971129f460daf821e0c8ad7a8b4,512,512
data\binary\train\no_tumor\notumor_Tr-no_382.jpg,train,no_tumor,notumor,Training/notumor/Tr-no_382.jpg,2c92b773c1dd7f7d171d08bfcb1e486c,225,225
data\binary\train\tumor\meningioma_Tr-me_76.jpg,train,tumor,meningioma,Training/meningioma/Tr-me_76.jpg,6914e9744d6603ca02c5f2ab944c9a4a,512,512
data\binary\train\no_tumor\notumor_Tr-no_464.jpg,train,no_tumor,notumor,Training/notumor/Tr-no_464.jpg,5b32ba8aac328d3696db77036ce07a16,225,225
data\binary\train\no_tumor\notumor_Tr-no_164.jpg,train,no_tumor,notumor,Training/notumor/Tr-no_164.jpg,01175eea16b937c4aa669bb4dd7cd644,235,214
data\binary\train\tumor\pituitary_Tr-pi_1187.jpg,train,tumor,pituitary,Training/pituitary/Tr-pi_1187.jpg,6c9fee8d2f733b06b500a0ab9d0c3fd3,1335,1302
data\binary\train\no_tumor\notumor_Tr-no_659.jpg,train,no_tumor,notumor,Training/notumor/Tr-no_659.jpg,34fa0ee7e555165118e7e160ec78ac44,206,244
data\binary\train\tumor\pituitary_Tr-pi_227.jpg,train,tumor,pituitary,Training/pituitary/Tr-pi_227.jpg,14967d80278064a72ae1747de6b53364,512,512
data\binary\train\tumor\glioma_Tr-gl_783.jpg,train,tumor,glioma,Training/glioma/Tr-gl_783.jpg,895ef0bdd93ffa7f0f39f8ae84fa6c5e,512,512
data\binary\train\tumor\glioma_Tr-gl_416.jpg,train,tumor,glioma,Training/glioma/Tr-gl_416.jpg,0c517c00fed0a87e77dd197613190f18,512,512
data\binary\train\tumor\glioma_Tr-gl_846.jpg,train,tumor,glioma,Training/glioma/Tr-gl_846.jpg,a22d2c807b71f88d8d550b2e7ae39797,512,512
data\binary\train\tumor\glioma_Tr-gl_587.jpg,train,tumor,glioma,Training/glioma/Tr-gl_587.jpg,2ef052df74100331a63d82122e11dcca,512,512
data\binary\train\tumor\meningioma_Tr-me_1121.jpg,train,tumor,meningioma,Training/meningioma/Tr-me_1121.jpg,fa6de63c10b4d2e9e3dde7ea92cab7a7,256,256
data\binary\train\tumor\glioma_Tr-gl_780.jpg,train,tumor,glioma,Training/glioma/Tr-gl_780.jpg,2fe2f2e4c9923838fcc16957f72aa69b,512,512
data\binary\train\tumor\glioma_Tr-gl_990.jpg,train,tumor,glioma,Training/glioma/Tr-gl_990.jpg,812029bdabef7cc31b36f91107bcbf5d,512,512
data\binary\train\tumor\glioma_Tr-gl_340.jpg,train,tumor,glioma,Training/glioma/Tr-gl_340.jpg,89f72a9e980cda547c38bc083be4a0ff,512,512
data\binary\train\tumor\meningioma_Tr-me_839.jpg,train,tumor,meningioma,Training/meningioma/Tr-me_839.jpg,921a3fdde73b0ef7d5a72185c9e69e59,512,512
data\binary\train\tumor\meningioma_Tr-me_774.jpg,train,tumor,meningioma,Training/meningioma/Tr-me_774.jpg,ecf3cc76c20ad0da5f6a76dea4d153b3,512,512
data\binary\train\tumor\meningioma_Tr-me_492.jpg,train,tumor,meningioma,Training/meningioma/Tr-me_492.jpg,50b8d27c914caeb4fbd1c6410d8f4cca,512,512
data\binary\train\tumor\pituitary_Tr-pi_466.jpg,train,tumor,pituitary,Training/pituitary/Tr-pi_466.jpg,fba527f88cc514d7874760130a97d1fd,512,512
data\binary\train\tumor\meningioma_Tr-me_644.jpg,train,tumor,meningioma,Training/meningioma/Tr-me_644.jpg,e2e388f58c06ec3c97c356c88a9c9002,512,512
data\binary\train\tumor\meningioma_Tr-me_295.jpg,train,tumor,meningioma,Training/meningioma/Tr-me_295.jpg,462a912f9e4bdeb01cd2270b213ff3c3,512,512
data\binary\train\no_tumor\notumor_Tr-no_1384.jpg,train,no_tumor,notumor,Training/notumor/Tr-no_1384.jpg,b6f4f9af130a95c045a0e66424e70835,275,183
data\binary\train\tumor\pituitary_Tr-pi_1028.jpg,train,tumor,pituitary,Training/pituitary/Tr-pi_1028.jpg,f602648fd44d63837e7e55fd4804d3c5,512,512
data\binary\train\no_tumor\notumor_Tr-no_204.jpg,train,no_tumor,notumor,Training/notumor/Tr-no_204.jpg,8f9ec2113e9f7af3f7a2cb064d6a5219,512,512
data\binary\train\no_tumor\notumor_Tr-no_318.jpg,train,no_tumor,notumor,Training/notumor/Tr-no_318.jpg,43b6108d86dfaa83423ebaf38943b1d3,442,454
data\binary\train\tumor\meningioma_Tr-me_136.jpg,train,tumor,meningioma,Training/meningioma/Tr-me_136.jpg,7a21e0fdcb609fb368bf5105e6e75d8a,512,512
data\binary\train\tumor\meningioma_Tr-me_626.jpg,train,tumor,meningioma,Training/meningioma/Tr-me_626.jpg,36bf59acbff8c10cb2643eadd170dc86,512,512
data\binary\train\tumor\glioma_Tr-gl_175.jpg,train,tumor,glioma,Training/glioma/Tr-gl_175.jpg,4254d56afb0e5f818999bb71a6d69425,512,512
data\binary\train\no_tumor\notumor_Tr-no_358.jpg,train,no_tumor,notumor,Training/notumor/Tr-no_358.jpg,d7b8c5133dfd63f6de881062d5fc9f93,208,248
data\binary\train\tumor\meningioma_Tr-me_902.jpg,train,tumor,meningioma,Training/meningioma/Tr-me_902.jpg,3eebfd584e0a03e1e3bc4bed3d8bd189,512,512
data\binary\train\tumor\meningioma_Tr-me_31.jpg,train,tumor,meningioma,Training/meningioma/Tr-me_31.jpg,273f16d202e523090c7215890e1d492e,512,512
data\binary\train\tumor\meningioma_Tr-me_1020.jpg,train,tumor,meningioma,Training/meningioma/Tr-me_1020.jpg,2b553bb35ce01113ffd5893c73c4f619,512,512
data\binary\train\no_tumor\notumor_Tr-no_763.jpg,train,no_tumor,notumor,Training/notumor/Tr-no_763.jpg,bd12225700693c193b4f6a120e3eb4b1,235,227
data\binary\train\tumor\meningioma_Tr-aug-me_32.jpg,train,tumor,meningioma,Training/meningioma/Tr-aug-me_32.jpg,18a95bd284f28e894768c3e8613fee6e,512,512
data\binary\train\tumor\glioma_Tr-gl_503.jpg,train,tumor,glioma,Training/glioma/Tr-gl_503.jpg,ed1f548e8f149d4aaf365e6871a1cd19,512,512
data\binary\train\tumor\pituitary_Tr-pi_1152.jpg,train,tumor,pituitary,Training/pituitary/Tr-pi_1152.jpg,499e94ee4fc729e7ccb379dc7ea80da7,512,512
data\binary\train\tumor\glioma_Tr-gl_952.jpg,train,tumor,glioma,Training/glioma/Tr-gl_952.jpg,5f1f3db0d800970a2791d8639c0bb9b0,512,512
data\binary\train\tumor\glioma_Tr-gl_1399.jpg,train,tumor,glioma,Training/glioma/Tr-gl_1399.jpg,2fa998b747083aef4ca5c966624c199b,512,512
data\binary\train\tumor\glioma_Tr-gl_787.jpg,train,tumor,glioma,Training/glioma/Tr-gl_787.jpg,cfb5cb9f53f46737420e74f4f0c16b83,512,512
data\binary\train\tumor\pituitary_Tr-pi_1163.jpg,train,tumor,pituitary,Training/pituitary/Tr-pi_1163.jpg,0b66ab3d6be077a02b60e4d1557a9511,512,512
data\binary\train\no_tumor\notumor_Tr-no_1048.jpg,train,no_tumor,notumor,Training/notumor/Tr-no_1048.jpg,59e90cb112a04460c5980a90a54280bf,236,250
data\binary\train\tumor\pituitary_Tr-pi_1310.jpg,train,tumor,pituitary,Training/pituitary/Tr-pi_1310.jpg,84190d64c510fcf4fe8dce02efae5583,512,512
data\binary\train\no_tumor\notumor_Tr-no_119.jpg,train,no_tumor,notumor,Training/notumor/Tr-no_119.jpg,0ed774a3acf7075791e34f02712fde9d,201,251
data\binary\train\tumor\meningioma_Tr-me_979.jpg,train,tumor,meningioma,Training/meningioma/Tr-me_979.jpg,0fbed3028e43bbf023e7698491a5da8c,512,512
data\binary\train\tumor\meningioma_Tr-me_750.jpg,train,tumor,meningioma,Training/meningioma/Tr-me_750.jpg,af490a6476f9799d9f038ca6bf206681,512,512
data\binary\train\tumor\pituitary_Tr-pi_860.jpg,train,tumor,pituitary,Training/pituitary/Tr-pi_860.jpg,1bce31db73ba778fd9040a589a38ba7c,512,512
data\binary\train\tumor\pituitary_Tr-pi_156.jpg,train,tumor,pituitary,Training/pituitary/Tr-pi_156.jpg,e14e47aaaf3a94fd5dfa4fc6709e6457,512,512
data\binary\train\tumor\pituitary_Tr-pi_87.jpg,train,tumor,pituitary,Training/pituitary/Tr-pi_87.jpg,527e7d0222ba61716779d8f4b9b1592f,512,512
data\binary\train\tumor\meningioma_Tr-me_384.jpg,train,tumor,meningioma,Training/meningioma/Tr-me_384.jpg,cc2ee018abb8b87c50aa7dbdcd1395d9,512,512
data\binary\train\tumor\meningioma_Tr-me_850.jpg,train,tumor,meningioma,Training/meningioma/Tr-me_850.jpg,c1ea6da58c46ce8ceac9bb536d881fd0,512,512
data\binary\train\no_tumor\notumor_Tr-no_99.jpg,train,no_tumor,notumor,Training/notumor/Tr-no_99.jpg,4df066ee679c4157479bd3d31cfdd330,232,217
data\binary\train\tumor\glioma_Tr-gl_471.jpg,train,tumor,glioma,Training/glioma/Tr-gl_471.jpg,f29ace4c6e89633aaa5f6ba736d6f1b9,512,512
data\binary\train\tumor\glioma_Tr-gl_1095.jpg,train,tumor,glioma,Training/glioma/Tr-gl_1095.jpg,af5cb45df5072bae0aa9ea5391eee99d,512,512
data\binary\train\tumor\meningioma_Tr-me_1169.jpg,train,tumor,meningioma,Training/meningioma/Tr-me_1169.jpg,d21ce7abbfad42d0cd36adb03c5639bf,512,512
data\binary\train\tumor\meningioma_Tr-me_512.jpg,train,tumor,meningioma,Training/meningioma/Tr-me_512.jpg,6293f75621533ebf0823735fa863fecd,512,512
data\binary\train\tumor\glioma_Tr-gl_1395.jpg,train,tumor,glioma,Training/glioma/Tr-gl_1395.jpg,3b32ae80dc3fffa02e6f694a7d929aec,512,512
data\binary\train\tumor\glioma_Tr-gl_973.jpg,train,tumor,glioma,Training/glioma/Tr-gl_973.jpg,1b0481d539cb2de1549948621020e2c7,512,512
data\binary\train\no_tumor\notumor_Tr-no_665.jpg,train,no_tumor,notumor,Training/notumor/Tr-no_665.jpg,175ff0141836821e49f636d49a556efa,225,225
data\binary\train\tumor\meningioma_Tr-me_597.jpg,train,tumor,meningioma,Training/meningioma/Tr-me_597.jpg,46b82306828adb9ceb02045020147782,213,236
data\binary\train\tumor\pituitary_Tr-pi_442.jpg,train,tumor,pituitary,Training/pituitary/Tr-pi_442.jpg,20242fa10823eff2690bd94f3ad59e0d,512,512
data\binary\train\tumor\meningioma_Tr-me_1239.jpg,train,tumor,meningioma,Training/meningioma/Tr-me_1239.jpg,11acbd3ecbcc1fe0f241b7e8ba5d4a23,512,512
data\binary\train\tumor\meningioma_Tr-me_799.jpg,train,tumor,meningioma,Training/meningioma/Tr-me_799.jpg,cbdb9a5b45202d5dd374c92b252dac8c,224,219
data\binary\train\tumor\meningioma_Tr-me_210.jpg,train,tumor,meningioma,Training/meningioma/Tr-me_210.jpg,cdc9bd3545f360bfdd50b78a528c57d3,512,512
data\binary\train\tumor\glioma_Tr-gl_1154.jpg,train,tumor,glioma,Training/glioma/Tr-gl_1154.jpg,fcf910dc73dc79af39163e5c1a59f954,512,512
data\binary\train\tumor\glioma_Tr-gl_875.jpg,train,tumor,glioma,Training/glioma/Tr-gl_875.jpg,70ea71f24f02615b06433a7bb308eee7,512,512
data\binary\train\tumor\pituitary_Tr-pi_1071.jpg,train,tumor,pituitary,Training/pituitary/Tr-pi_1071.jpg,51e083128ee310d25cab89a4b175624b,512,512
data\binary\train\tumor\glioma_Tr-gl_759.jpg,train,tumor,glioma,Training/glioma/Tr-gl_759.jpg,0521202c9abf0e2361f8484c473943e6,512,512
data\binary\train\tumor\pituitary_Tr-pi_567.jpg,train,tumor,pituitary,Training/pituitary/Tr-pi_567.jpg,a21807ab933dfc8c7a94e4dd408cc75f,512,512
data\binary\train\tumor\glioma_Tr-gl_251.jpg,train,tumor,glioma,Training/glioma/Tr-gl_251.jpg,c6db1ad3ba3f5ae6c12e12849abdc0e9,512,512
data\binary\train\tumor\glioma_Tr-gl_774.jpg,train,tumor,glioma,Training/glioma/Tr-gl_774.jpg,750200138eb8490262397857e3291fa3,512,512
data\binary\train\tumor\pituitary_Tr-pi_1090.jpg,train,tumor,pituitary,Training/pituitary/Tr-pi_1090.jpg,5d9456087abb31e23dca928dfb7c9d5e,512,512
data\binary\train\tumor\meningioma_Tr-me_65.jpg,train,tumor,meningioma,Training/meningioma/Tr-me_65.jpg,3b937397866ea2135b1041c1e2aea906,512,512
data\binary\train\tumor\pituitary_Tr-pi_158.jpg,train,tumor,pituitary,Training/pituitary/Tr-pi_158.jpg,37aa30f92d7077068014f7f49f2e1a70,512,512
data\binary\train\tumor\meningioma_Tr-me_1043.jpg,train,tumor,meningioma,Training/meningioma/Tr-me_1043.jpg,ed8fa640935a999b936104210c56f196,512,512
data\binary\train\tumor\meningioma_Tr-me_1291.jpg,train,tumor,meningioma,Training/meningioma/Tr-me_1291.jpg,4b9f6295c139e963471db8091cc60049,512,512
data\binary\train\tumor\pituitary_Tr-pi_1203.jpg,train,tumor,pituitary,Training/pituitary/Tr-pi_1203.jpg,055cfb1fd574bf0a829d1bcb492af651,512,512
data\binary\train\tumor\meningioma_Tr-me_97.jpg,train,tumor,meningioma,Training/meningioma/Tr-me_97.jpg,4528125086f4969f4783233b2f369c22,512,512
data\binary\train\tumor\meningioma_Tr-me_755.jpg,train,tumor,meningioma,Training/meningioma/Tr-me_755.jpg,24924310999b3462a81cb441d7f54ba1,512,512
data\binary\train\tumor\pituitary_Tr-pi_1389.jpg,train,tumor,pituitary,Training/pituitary/Tr-pi_1389.jpg,139a60b82c99af927f2f320ba850843a,512,512
data\binary\train\tumor\pituitary_Tr-pi_621.jpg,train,tumor,pituitary,Training/pituitary/Tr-pi_621.jpg,c9a1a731fc01cd0657aa2a5efa2ff0d3,512,512
data\binary\train\tumor\meningioma_Tr-me_1131.jpg,train,tumor,meningioma,Training/meningioma/Tr-me_1131.jpg,64bc6d9f77d23ee01e17bb725368cdc8,512,512
data\binary\train\tumor\glioma_Tr-gl_1227.jpg,train,tumor,glioma,Training/glioma/Tr-gl_1227.jpg,0040cdb1fcacbc875732842826875882,512,512
data\binary\train\no_tumor\notumor_Tr-no_1047.jpg,train,no_tumor,notumor,Training/notumor/Tr-no_1047.jpg,8227756c4005ae1a3bc708d35b98f491,218,231
data\binary\train\tumor\pituitary_Tr-pi_31.jpg,train,tumor,pituitary,Training/pituitary/Tr-pi_31.jpg,37675664e769daa0a87a5bb618e861b9,512,512
data\binary\train\tumor\meningioma_Tr-me_1096.jpg,train,tumor,meningioma,Training/meningioma/Tr-me_1096.jpg,eab015eb79dea42fe2a5bd520d692476,512,512
data\binary\train\no_tumor\notumor_Tr-no_54.jpg,train,no_tumor,notumor,Training/notumor/Tr-no_54.jpg,60b3ea70a421c1ee180f5e0bd3eba33e,442,454
data\binary\train\tumor\glioma_Tr-gl_982.jpg,train,tumor,glioma,Training/glioma/Tr-gl_982.jpg,535932aa4d7baed43443cc8bd0e8172a,512,512
data\binary\train\no_tumor\notumor_Tr-no_746.jpg,train,no_tumor,notumor,Training/notumor/Tr-no_746.jpg,c4189111d357c0fd6c713633646a4eff,225,225
data\binary\train\tumor\pituitary_Tr-pi_1280.jpg,train,tumor,pituitary,Training/pituitary/Tr-pi_1280.jpg,2b4356cca38d27122197780886bea089,512,512
data\binary\train\tumor\glioma_Tr-gl_1160.jpg,train,tumor,glioma,Training/glioma/Tr-gl_1160.jpg,d9225ea92ae86111f8b9471551713878,512,512
data\binary\train\no_tumor\notumor_Tr-no_1027.jpg,train,no_tumor,notumor,Training/notumor/Tr-no_1027.jpg,fac2c3b12b72e230601d843baa3943c1,225,225
data\binary\train\tumor\pituitary_Tr-pi_62.jpg,train,tumor,pituitary,Training/pituitary/Tr-pi_62.jpg,ec6c95789bd838f8ab1864d334e054b6,512,512
data\binary\train\tumor\glioma_Tr-gl_1238.jpg,train,tumor,glioma,Training/glioma/Tr-gl_1238.jpg,05b79713b516f29cc8f2e295a35e54e4,512,512
data\binary\train\no_tumor\notumor_Tr-no_1396.jpg,train,no_tumor,notumor,Training/notumor/Tr-no_1396.jpg,a09a3ac86b9f48b057a9e9da476b1fb8,218,231
data\binary\train\tumor\glioma_Tr-gl_322.jpg,train,tumor,glioma,Training/glioma/Tr-gl_322.jpg,a575bf67d192ed3ecca97a2e28885a81,512,512
data\binary\train\no_tumor\notumor_Tr-no_23.jpg,train,no_tumor,notumor,Training/notumor/Tr-no_23.jpg,6e6a713e4973eedc2c1a71712aa23fd9,359,449
data\binary\train\tumor\meningioma_Tr-me_763.jpg,train,tumor,meningioma,Training/meningioma/Tr-me_763.jpg,e38060efa107c272d7240cfbd861ebab,512,512
data\binary\train\tumor\glioma_Tr-gl_243.jpg,train,tumor,glioma,Training/glioma/Tr-gl_243.jpg,b6236dc6ceb95930f2c2fe1505ade989,512,512
data\binary\train\tumor\glioma_Tr-gl_1072.jpg,train,tumor,glioma,Training/glioma/Tr-gl_1072.jpg,80431606ae5a64bb6e1a9f25dbd38218,512,512
data\binary\train\no_tumor\notumor_Tr-no_1393.jpg,train,no_tumor,notumor,Training/notumor/Tr-no_1393.jpg,05fe39a899414d2dab6cad25c301b32c,414,496
data\binary\train\tumor\meningioma_Tr-me_603.jpg,train,tumor,meningioma,Training/meningioma/Tr-me_603.jpg,b501d34c1f2ed41affe35a7278643120,512,512
data\binary\train\tumor\meningioma_Tr-me_966.jpg,train,tumor,meningioma,Training/meningioma/Tr-me_966.jpg,d3ee07481735315aa7226a175268ce3b,512,512
data\binary\train\no_tumor\notumor_Tr-no_1098.jpg,train,no_tumor,notumor,Training/notumor/Tr-no_1098.jpg,59ccdf9a3e3c37282827dceb101ceb53,200,252
data\binary\train\no_tumor\notumor_Tr-no_286.jpg,train,no_tumor,notumor,Training/notumor/Tr-no_286.jpg,8f28d62d4262b492f7838e8653bc6ee5,356,474
data\binary\train\tumor\meningioma_Tr-me_607.jpg,train,tumor,meningioma,Training/meningioma/Tr-me_607.jpg,009a823eceb6ec31b2b3417850c1e6f9,512,512
data\binary\train\tumor\glioma_Tr-gl_1365.jpg,train,tumor,glioma,Training/glioma/Tr-gl_1365.jpg,b44b29ddd91cef7a63498a3257eef51b,512,512
data\binary\train\tumor\pituitary_Tr-pi_1373.jpg,train,tumor,pituitary,Training/pituitary/Tr-pi_1373.jpg,a729dfce4b28da333b30b7969001c474,512,512
data\binary\train\tumor\meningioma_Tr-me_496.jpg,train,tumor,meningioma,Training/meningioma/Tr-me_496.jpg,11324a84515101a8c448b1bf18bebafe,512,512
data\binary\train\tumor\pituitary_Tr-pi_851.jpg,train,tumor,pituitary,Training/pituitary/Tr-pi_851.jpg,ddf454412f71eb80af956781d2c34268,512,512
data\binary\train\no_tumor\notumor_Tr-no_557.jpg,train,no_tumor,notumor,Training/notumor/Tr-no_557.jpg,e01a8a59a4952991d86dbedc77833c66,276,326
data\binary\train\tumor\pituitary_Tr-pi_243.jpg,train,tumor,pituitary,Training/pituitary/Tr-pi_243.jpg,b704cbb788b8efa608f8b3221552c69c,512,512
data\binary\train\tumor\pituitary_Tr-pi_213.jpg,train,tumor,pituitary,Training/pituitary/Tr-pi_213.jpg,2870bee0393c325b74405add48cb9661,512,512
data\binary\train\no_tumor\notumor_Tr-no_283.jpg,train,no_tumor,notumor,Training/notumor/Tr-no_283.jpg,d98d2fe003344120dcef8bfab42ecc2c,428,417
data\binary\train\tumor\pituitary_Tr-pi_745.jpg,train,tumor,pituitary,Training/pituitary/Tr-pi_745.jpg,d7d5c0ce36cd9332d6f7967ef732e7d9,512,512
data\binary\train\tumor\glioma_Tr-gl_1217.jpg,train,tumor,glioma,Training/glioma/Tr-gl_1217.jpg,5e94397f004b4a7a948e4d605aef5378,512,512
data\binary\train\tumor\pituitary_Tr-pi_1262.jpg,train,tumor,pituitary,Training/pituitary/Tr-pi_1262.jpg,327bf2dcaa285539452a75d80564ee75,512,512
data\binary\train\tumor\meningioma_Tr-me_524.jpg,train,tumor,meningioma,Training/meningioma/Tr-me_524.jpg,3f541ffee83deff715601bc95d12929e,512,512
data\binary\train\tumor\glioma_Tr-gl_852.jpg,train,tumor,glioma,Training/glioma/Tr-gl_852.jpg,a8758b5f1e5775c43ef94d40563a53f2,512,512
data\binary\train\no_tumor\notumor_Tr-no_1136.jpg,train,no_tumor,notumor,Training/notumor/Tr-no_1136.jpg,73c244cbac8fbf41713f24a54c4deff8,642,361
data\binary\train\no_tumor\notumor_Tr-no_505.jpg,train,no_tumor,notumor,Training/notumor/Tr-no_505.jpg,26db07a732a8dc8659b8a1e7d9df4d97,407,485
data\binary\train\tumor\pituitary_Tr-pi_459.jpg,train,tumor,pituitary,Training/pituitary/Tr-pi_459.jpg,42442bfad2bf705817b98bd96512bc31,512,512
data\binary\train\tumor\pituitary_Tr-pi_142.jpg,train,tumor,pituitary,Training/pituitary/Tr-pi_142.jpg,3a05ceb8f2c0e3128081aa5940cc4866,512,512
data\binary\train\tumor\glioma_Tr-gl_1189.jpg,train,tumor,glioma,Training/glioma/Tr-gl_1189.jpg,d5af32eb1d19b5df01d73cbf9ccf5c22,512,512
data\binary\train\tumor\pituitary_Tr-pi_727.jpg,train,tumor,pituitary,Training/pituitary/Tr-pi_727.jpg,2f81f66eed3ce92c4b1806b82190c299,512,512
data\binary\train\tumor\pituitary_Tr-pi_1363.jpg,train,tumor,pituitary,Training/pituitary/Tr-pi_1363.jpg,dd6cf7c1aa4daae580136ac38438132a,512,512
data\binary\train\tumor\meningioma_Tr-me_663.jpg,train,tumor,meningioma,Training/meningioma/Tr-me_663.jpg,a1a2bccd718b2d392b32d06af724ad72,512,512
data\binary\train\tumor\glioma_Tr-gl_129.jpg,train,tumor,glioma,Training/glioma/Tr-gl_129.jpg,37d009d8e3169dda4c9d047e32515de1,512,512
data\binary\train\tumor\meningioma_Tr-me_646.jpg,train,tumor,meningioma,Training/meningioma/Tr-me_646.jpg,68fea912c18fb9635a182f5cd1e9e1b9,512,512
data\binary\train\tumor\pituitary_Tr-pi_859.jpg,train,tumor,pituitary,Training/pituitary/Tr-pi_859.jpg,7c912aba7cfa5bb3fc361637231dd4e0,512,512
data\binary\train\tumor\glioma_Tr-gl_83.jpg,train,tumor,glioma,Training/glioma/Tr-gl_83.jpg,c20ff03ed70840fd56281e3bb9b0496b,512,512
data\binary\train\tumor\meningioma_Tr-me_387.jpg,train,tumor,meningioma,Training/meningioma/Tr-me_387.jpg,b6a7e993dcb08274d4354db087b5948f,512,512
data\binary\train\tumor\meningioma_Tr-me_380.jpg,train,tumor,meningioma,Training/meningioma/Tr-me_380.jpg,3391c97b05cea4a8db15c4dc584270eb,512,512
data\binary\train\tumor\meningioma_Tr-me_258.jpg,train,tumor,meningioma,Training/meningioma/Tr-me_258.jpg,accc19126a7a686d21a13c95e11802c8,512,512
data\binary\train\tumor\meningioma_Tr-me_684.jpg,train,tumor,meningioma,Training/meningioma/Tr-me_684.jpg,33cf7be1f0f6d5e7cc54064875ffef28,313,393
data\binary\train\tumor\meningioma_Tr-me_1055.jpg,train,tumor,meningioma,Training/meningioma/Tr-me_1055.jpg,2a28652d3d044b0b189bc395378ec35e,512,512
data\binary\train\tumor\glioma_Tr-gl_996.jpg,train,tumor,glioma,Training/glioma/Tr-gl_996.jpg,302520b792dbd8f2d5d479201aa40aae,512,512
data\binary\train\tumor\meningioma_Tr-me_811.jpg,train,tumor,meningioma,Training/meningioma/Tr-me_811.jpg,d2fb5cad74f7edae75409d26f6a9b2da,420,264
data\binary\train\no_tumor\notumor_Tr-no_449.jpg,train,no_tumor,notumor,Training/notumor/Tr-no_449.jpg,2808e8a37a4ee88efd039aa9ab1f853b,225,225
data\binary\train\tumor\glioma_Tr-gl_230.jpg,train,tumor,glioma,Training/glioma/Tr-gl_230.jpg,868bd5afa2c833f857c382b6b9cac918,512,512
data\binary\train\tumor\pituitary_Tr-pi_1031.jpg,train,tumor,pituitary,Training/pituitary/Tr-pi_1031.jpg,dfd08870678db9fe608488fa5d9c5c63,512,512
data\binary\train\tumor\pituitary_Tr-pi_285.jpg,train,tumor,pituitary,Training/pituitary/Tr-pi_285.jpg,15cf7ebeefbbb7e57abf759acc3af7ef,512,512
data\binary\train\tumor\glioma_Tr-gl_639.jpg,train,tumor,glioma,Training/glioma/Tr-gl_639.jpg,53d01e530faa0807d05d74ef37ee391c,512,512
data\binary\train\no_tumor\notumor_Tr-no_1386.jpg,train,no_tumor,notumor,Training/notumor/Tr-no_1386.jpg,b592098cdbf51462723470716807c340,225,225
data\binary\train\tumor\glioma_Tr-gl_1299.jpg,train,tumor,glioma,Training/glioma/Tr-gl_1299.jpg,4fbc7e2f019aed6376623be142cb0647,512,512
data\binary\train\no_tumor\notumor_Tr-no_1269.jpg,train,no_tumor,notumor,Training/notumor/Tr-no_1269.jpg,ac3206f48a79bfeaba900827bf1511f8,442,442
data\binary\train\tumor\pituitary_Tr-pi_524.jpg,train,tumor,pituitary,Training/pituitary/Tr-pi_524.jpg,c640b774824faa9c7019ec068567a743,512,512
data\binary\train\tumor\meningioma_Tr-me_523.jpg,train,tumor,meningioma,Training/meningioma/Tr-me_523.jpg,22f635ab2502334f2e3774d8efdc64af,512,512
data\binary\train\tumor\pituitary_Tr-pi_612.jpg,train,tumor,pituitary,Training/pituitary/Tr-pi_612.jpg,9bd98fe81c35e9798412ec50c2a86fd6,256,256
data\binary\train\tumor\meningioma_Tr-me_789.jpg,train,tumor,meningioma,Training/meningioma/Tr-me_789.jpg,4c1d55e4ed16ed2f7ccfed8be935c530,512,512
data\binary\train\tumor\glioma_Tr-gl_751.jpg,train,tumor,glioma,Training/glioma/Tr-gl_751.jpg,2c642dbed7515026f7a3d6fa38a18cce,512,512
data\binary\train\tumor\glioma_Tr-gl_1123.jpg,train,tumor,glioma,Training/glioma/Tr-gl_1123.jpg,c9ab745131b20d719dde7ca4c00675e0,512,512
data\binary\train\tumor\glioma_Tr-gl_477.jpg,train,tumor,glioma,Training/glioma/Tr-gl_477.jpg,5b47c77b198ef25ce9e27ae65f97ec1c,512,512
data\binary\train\tumor\glioma_Tr-gl_1070.jpg,train,tumor,glioma,Training/glioma/Tr-gl_1070.jpg,0206271cee6e82789d02bd7992e858e8,512,512
data\binary\train\tumor\glioma_Tr-gl_90.jpg,train,tumor,glioma,Training/glioma/Tr-gl_90.jpg,19a9a5e670e2377dd3f5a5332363aa14,512,512
data\binary\train\tumor\meningioma_Tr-me_1116.jpg,train,tumor,meningioma,Training/meningioma/Tr-me_1116.jpg,1be83ee6d972151985fc883d668b24aa,512,512
data\binary\train\tumor\glioma_Tr-gl_422.jpg,train,tumor,glioma,Training/glioma/Tr-gl_422.jpg,a845a7cb9594a699fe6de27f7e05d1c1,512,512
data\binary\train\tumor\meningioma_Tr-me_1177.jpg,train,tumor,meningioma,Training/meningioma/Tr-me_1177.jpg,97c5f35d51c27a35bcb52320d6b249b2,512,512
data\binary\train\no_tumor\notumor_Tr-no_1060.jpg,train,no_tumor,notumor,Training/notumor/Tr-no_1060.jpg,076d89056521b295a8a28f79b31b58c3,225,225
data\binary\train\tumor\meningioma_Tr-me_1245.jpg,train,tumor,meningioma,Training/meningioma/Tr-me_1245.jpg,b3071eb84d7888560f94ac77d20e7fa7,512,512
data\binary\train\no_tumor\notumor_Tr-no_945.jpg,train,no_tumor,notumor,Training/notumor/Tr-no_945.jpg,b92d91f6a6eceebb4836b21e4df11524,236,213
data\binary\train\tumor\glioma_Tr-gl_1103.jpg,train,tumor,glioma,Training/glioma/Tr-gl_1103.jpg,367f714faf81c46897e6b9899a1bebb1,512,512
data\binary\train\tumor\glioma_Tr-gl_461.jpg,train,tumor,glioma,Training/glioma/Tr-gl_461.jpg,1573315680c694992a08c8b682aecb9f,512,512
data\binary\train\tumor\meningioma_Tr-me_884.jpg,train,tumor,meningioma,Training/meningioma/Tr-me_884.jpg,a62066a449ff3200d71eaf3aa6fe14c0,512,512
data\binary\train\tumor\glioma_Tr-gl_954.jpg,train,tumor,glioma,Training/glioma/Tr-gl_954.jpg,e391c6f72f573b24894d42637d6190b5,512,512
data\binary\train\tumor\pituitary_Tr-pi_1193.jpg,train,tumor,pituitary,Training/pituitary/Tr-pi_1193.jpg,1794877e464791a2e8cabcde2ab45f49,512,512
data\binary\train\tumor\pituitary_Tr-pi_1351.jpg,train,tumor,pituitary,Training/pituitary/Tr-pi_1351.jpg,56564ce72b4ede4a2dfeed628bb5320d,512,512
data\binary\train\tumor\meningioma_Tr-me_477.jpg,train,tumor,meningioma,Training/meningioma/Tr-me_477.jpg,b1bcec1d77b5cd24d731212c979762a0,512,512
data\binary\train\tumor\glioma_Tr-gl_863.jpg,train,tumor,glioma,Training/glioma/Tr-gl_863.jpg,b26e0e957a4f0594851bd30f76a7f891,512,512
data\binary\train\tumor\meningioma_Tr-me_1170.jpg,train,tumor,meningioma,Training/meningioma/Tr-me_1170.jpg,0cf318d27bbb5ccf29c0b58cfba87762,512,512
data\binary\train\tumor\glioma_Tr-gl_1147.jpg,train,tumor,glioma,Training/glioma/Tr-gl_1147.jpg,8af18ac382030f4e1a749aed13452a61,512,512
data\binary\train\tumor\glioma_Tr-gl_1111.jpg,train,tumor,glioma,Training/glioma/Tr-gl_1111.jpg,ff66cac896e883a03043b35c14c5cab7,512,512
data\binary\train\tumor\meningioma_Tr-aug-me_38.jpg,train,tumor,meningioma,Training/meningioma/Tr-aug-me_38.jpg,566f24fc687fe27b1663dc62e6da8f55,512,512
data\binary\train\no_tumor\notumor_Tr-no_157.jpg,train,no_tumor,notumor,Training/notumor/Tr-no_157.jpg,dbef0dcda2ca0faa6889750f65c426bc,214,236
data\binary\train\tumor\pituitary_Tr-pi_1279.jpg,train,tumor,pituitary,Training/pituitary/Tr-pi_1279.jpg,d26bc14a6fd4b3c5846ebdf142f66968,512,512
data\binary\train\tumor\meningioma_Tr-me_667.jpg,train,tumor,meningioma,Training/meningioma/Tr-me_667.jpg,86e6ac2f71603e4aecb8b708626bd2fe,512,512
data\binary\train\tumor\pituitary_Tr-pi_779.jpg,train,tumor,pituitary,Training/pituitary/Tr-pi_779.jpg,7c819715145c48277c7fe24916f385f9,512,512
data\binary\train\tumor\pituitary_Tr-pi_1057.jpg,train,tumor,pituitary,Training/pituitary/Tr-pi_1057.jpg,12e251a28ec487987e2a50b13abd809f,512,512
data\binary\train\tumor\pituitary_Tr-pi_544.jpg,train,tumor,pituitary,Training/pituitary/Tr-pi_544.jpg,a2a6e39ddcc54aeca96fcffd5b95d898,512,512
data\binary\train\no_tumor\notumor_Tr-no_760.jpg,train,no_tumor,notumor,Training/notumor/Tr-no_760.jpg,1b0b5e95c978a932741e084838811246,236,236
data\binary\train\no_tumor\notumor_Tr-no_68.jpg,train,no_tumor,notumor,Training/notumor/Tr-no_68.jpg,1e2e3bd21c8c9d5a1543d2e12e926931,232,217
data\binary\train\tumor\pituitary_Tr-pi_856.jpg,train,tumor,pituitary,Training/pituitary/Tr-pi_856.jpg,a212502411049ea5b1f13ccf7097f4c9,512,512
data\binary\train\tumor\glioma_Tr-gl_632.jpg,train,tumor,glioma,Training/glioma/Tr-gl_632.jpg,8cf91e71e39d017746a0ab926ee276c4,512,512
data\binary\train\tumor\glioma_Tr-gl_240.jpg,train,tumor,glioma,Training/glioma/Tr-gl_240.jpg,452d1a4baf02c50532e8a6addb317c2f,512,512
data\binary\train\tumor\glioma_Tr-gl_1393.jpg,train,tumor,glioma,Training/glioma/Tr-gl_1393.jpg,0c4bc7c0227b9b1aaca456ea7ef16772,512,512
data\binary\train\tumor\pituitary_Tr-pi_437.jpg,train,tumor,pituitary,Training/pituitary/Tr-pi_437.jpg,1d411f129b60552c5bf66240b2619a32,512,512
data\binary\train\no_tumor\notumor_Tr-no_752.jpg,train,no_tumor,notumor,Training/notumor/Tr-no_752.jpg,cb1985b9ecaeb7943a39f8f2e95f65bd,356,474
data\binary\train\no_tumor\notumor_Tr-no_574.jpg,train,no_tumor,notumor,Training/notumor/Tr-no_574.jpg,9b9fa81d482dca915115130705ff8633,225,225
data\binary\train\tumor\meningioma_Tr-me_436.jpg,train,tumor,meningioma,Training/meningioma/Tr-me_436.jpg,2a293a5fa409359ecb79e694be58da2f,512,512
data\binary\train\tumor\glioma_Tr-gl_1245.jpg,train,tumor,glioma,Training/glioma/Tr-gl_1245.jpg,6abe7dd9649dbbb06a849db1e63e77b4,512,512
data\binary\train\no_tumor\notumor_Tr-no_562.jpg,train,no_tumor,notumor,Training/notumor/Tr-no_562.jpg,879cb1806c88af383eb66731e8559585,434,512
data\binary\train\no_tumor\notumor_Tr-no_612.jpg,train,no_tumor,notumor,Training/notumor/Tr-no_612.jpg,a0cf78c17b7d5af66b1248afdb69a1cd,630,630
data\binary\train\tumor\glioma_Tr-gl_568.jpg,train,tumor,glioma,Training/glioma/Tr-gl_568.jpg,a78dd426631f9f7be3d4b1526456f9bb,512,512
data\binary\train\tumor\pituitary_Tr-pi_446.jpg,train,tumor,pituitary,Training/pituitary/Tr-pi_446.jpg,e7f0d773486f6e5940a58b15913caf41,512,512
data\binary\train\tumor\meningioma_Tr-me_390.jpg,train,tumor,meningioma,Training/meningioma/Tr-me_390.jpg,dd9a4ad4080bd6a959008b4adfb2028f,512,512
data\binary\train\tumor\glioma_Tr-gl_299.jpg,train,tumor,glioma,Training/glioma/Tr-gl_299.jpg,c1c66dd349da9e05beb346dd5c40eb8b,512,512
data\binary\train\tumor\meningioma_Tr-me_1149.jpg,train,tumor,meningioma,Training/meningioma/Tr-me_1149.jpg,1fd091646c59840b25ad17768dabe001,512,512
data\binary\train\tumor\glioma_Tr-gl_14.jpg,train,tumor,glioma,Training/glioma/Tr-gl_14.jpg,273d6df213a902c35acd85542ba9008d,512,512
data\binary\train\no_tumor\notumor_Tr-no_13.jpg,train,no_tumor,notumor,Training/notumor/Tr-no_13.jpg,ea47353cbe2d300c44c1c50b9a31706e,208,242
data\binary\train\no_tumor\notumor_Tr-no_957.jpg,train,no_tumor,notumor,Training/notumor/Tr-no_957.jpg,9e1ea2649433876a28b158eba91ffece,214,236
data\binary\train\tumor\meningioma_Tr-me_280.jpg,train,tumor,meningioma,Training/meningioma/Tr-me_280.jpg,dc7f62c6744afa00726648b2d00f8542,512,512
data\binary\train\no_tumor\notumor_Tr-no_1077.jpg,train,no_tumor,notumor,Training/notumor/Tr-no_1077.jpg,7c17b4d2dae9f464590fd5ede35aa935,208,278
data\binary\train\tumor\glioma_Tr-gl_381.jpg,train,tumor,glioma,Training/glioma/Tr-gl_381.jpg,135ac65f52dfa623de1edd2922c26c3e,512,512
data\binary\train\tumor\glioma_Tr-gl_930.jpg,train,tumor,glioma,Training/glioma/Tr-gl_930.jpg,6567c628e07d77e055d93c0b76c2fbb8,512,512
data\binary\train\tumor\pituitary_Tr-pi_958.jpg,train,tumor,pituitary,Training/pituitary/Tr-pi_958.jpg,3a883e16cfb247a869eb1f7aa0cec9f5,512,512
data\binary\train\no_tumor\notumor_Tr-no_1159.jpg,train,no_tumor,notumor,Training/notumor/Tr-no_1159.jpg,94befc72844da08528c20269758f31fb,192,192
data\binary\train\no_tumor\notumor_Tr-no_1197.jpg,train,no_tumor,notumor,Training/notumor/Tr-no_1197.jpg,33b2d802fee882d771f27d16823bbf4c,1000,714
data\binary\train\tumor\glioma_Tr-gl_161.jpg,train,tumor,glioma,Training/glioma/Tr-gl_161.jpg,77b501c8f8412d4d2a00596b8a8603db,512,512
data\binary\train\tumor\glioma_Tr-gl_745.jpg,train,tumor,glioma,Training/glioma/Tr-gl_745.jpg,554ef94643c8842fa5972111c3c11a05,512,512
data\binary\train\tumor\glioma_Tr-gl_1047.jpg,train,tumor,glioma,Training/glioma/Tr-gl_1047.jpg,cc44fe89be414705faa116481dd71338,512,512
data\binary\train\tumor\glioma_Tr-gl_452.jpg,train,tumor,glioma,Training/glioma/Tr-gl_452.jpg,814cd3caeb600b847ce76fd07ff7323c,512,512
data\binary\train\tumor\pituitary_Tr-pi_875.jpg,train,tumor,pituitary,Training/pituitary/Tr-pi_875.jpg,ff90bc5bbdf94733049ce3228346ba61,512,512
data\binary\train\tumor\glioma_Tr-gl_866.jpg,train,tumor,glioma,Training/glioma/Tr-gl_866.jpg,5f022d6c3c6ca8fb3618ac77fe368937,512,512
data\binary\train\no_tumor\notumor_Tr-no_30.jpg,train,no_tumor,notumor,Training/notumor/Tr-no_30.jpg,9b45493bb19ef42b7c01ba2a8249c6ce,200,210
data\binary\train\tumor\pituitary_Tr-pi_85.jpg,train,tumor,pituitary,Training/pituitary/Tr-pi_85.jpg,fd3d5f357f50d70c3dc8852c85cb620f,512,512
data\binary\train\no_tumor\notumor_Tr-no_1284.jpg,train,no_tumor,notumor,Training/notumor/Tr-no_1284.jpg,88ae2a46c4c881c57231a5239aecab91,225,225
data\binary\train\tumor\glioma_Tr-gl_837.jpg,train,tumor,glioma,Training/glioma/Tr-gl_837.jpg,51e080f025a4adde914274471abb2aff,512,512
data\binary\train\tumor\glioma_Tr-gl_603.jpg,train,tumor,glioma,Training/glioma/Tr-gl_603.jpg,2bbe3f4aebd49c6fb0e7731af37bee3c,512,512
data\binary\train\tumor\meningioma_Tr-me_422.jpg,train,tumor,meningioma,Training/meningioma/Tr-me_422.jpg,5f31772e4080c27ad5ece20139f7f0a3,512,512
data\binary\train\tumor\pituitary_Tr-pi_909.jpg,train,tumor,pituitary,Training/pituitary/Tr-pi_909.jpg,063fc0b0e6b19668420fa0ec08539ffe,512,512
data\binary\train\tumor\glioma_Tr-gl_981.jpg,train,tumor,glioma,Training/glioma/Tr-gl_981.jpg,57e78899a682ea9673243bfc5b2b299f,512,512
data\binary\train\tumor\glioma_Tr-gl_1190.jpg,train,tumor,glioma,Training/glioma/Tr-gl_1190.jpg,9116e817666822876a47733171d85bb0,512,512
data\binary\train\tumor\meningioma_Tr-me_645.jpg,train,tumor,meningioma,Training/meningioma/Tr-me_645.jpg,86618e91f3903ade658a07421a96293a,512,512
data\binary\train\tumor\meningioma_Tr-aug-me_67.jpg,train,tumor,meningioma,Training/meningioma/Tr-aug-me_67.jpg,84da24e1ad0e974114bc4fd0a3a51418,512,512
data\binary\train\tumor\glioma_Tr-gl_468.jpg,train,tumor,glioma,Training/glioma/Tr-gl_468.jpg,d6d5ecd9f5a9475a046f8f0b0fdbceca,512,512
data\binary\train\tumor\pituitary_Tr-pi_436.jpg,train,tumor,pituitary,Training/pituitary/Tr-pi_436.jpg,5053509134a1b4f892623bf950a1b2a2,512,512
data\binary\train\tumor\meningioma_Tr-me_132.jpg,train,tumor,meningioma,Training/meningioma/Tr-me_132.jpg,bba1e7e7c68f9d4e0699f1e75e764b98,512,512
data\binary\train\tumor\pituitary_Tr-pi_838.jpg,train,tumor,pituitary,Training/pituitary/Tr-pi_838.jpg,9046cdaa862e3b037a5ef2a407d7a2e2,512,512
data\binary\train\tumor\meningioma_Tr-me_469.jpg,train,tumor,meningioma,Training/meningioma/Tr-me_469.jpg,f37bb4baf0ac94d9190904bbbd878235,512,512
data\binary\train\tumor\meningioma_Tr-me_96.jpg,train,tumor,meningioma,Training/meningioma/Tr-me_96.jpg,14b0416ad0889d8026c31713fb5c12a5,512,512
data\binary\train\tumor\pituitary_Tr-pi_70.jpg,train,tumor,pituitary,Training/pituitary/Tr-pi_70.jpg,a127331d8eb16a3476ae8d68c25e792c,512,512
data\binary\train\tumor\pituitary_Tr-pi_569.jpg,train,tumor,pituitary,Training/pituitary/Tr-pi_569.jpg,b1d1eabf2094c27e65e3cd551c4fbb6d,512,512
data\binary\train\tumor\glioma_Tr-gl_1385.jpg,train,tumor,glioma,Training/glioma/Tr-gl_1385.jpg,693276d63ae65f1ef6e0dd3b8b97a7e9,512,512
data\binary\train\tumor\glioma_Tr-gl_1140.jpg,train,tumor,glioma,Training/glioma/Tr-gl_1140.jpg,ca2ee2a6f9a96e31c6fc7cf9eff0545f,512,512
data\binary\train\tumor\meningioma_Tr-me_619.jpg,train,tumor,meningioma,Training/meningioma/Tr-me_619.jpg,73d34d2bbc11f11689688d84d81b519e,512,512
data\binary\train\tumor\pituitary_Tr-pi_1009.jpg,train,tumor,pituitary,Training/pituitary/Tr-pi_1009.jpg,2fa3f0e11defe03f46f9e3e03cb0f1fc,512,512
data\binary\train\tumor\meningioma_Tr-me_427.jpg,train,tumor,meningioma,Training/meningioma/Tr-me_427.jpg,40f25ec3edda5ad2e744d1b0ffd438cc,512,512
data\binary\train\tumor\meningioma_Tr-me_452.jpg,train,tumor,meningioma,Training/meningioma/Tr-me_452.jpg,6cb6d06aaf462d15c18bdf5f992b077a,512,512
data\binary\train\tumor\pituitary_Tr-pi_1151.jpg,train,tumor,pituitary,Training/pituitary/Tr-pi_1151.jpg,03758622e188059eea56a3db78aca28e,512,512
data\binary\train\tumor\glioma_Tr-gl_911.jpg,train,tumor,glioma,Training/glioma/Tr-gl_911.jpg,11284d30382a2230128dc56cba74f393,512,512
data\binary\train\no_tumor\notumor_Tr-no_39.jpg,train,no_tumor,notumor,Training/notumor/Tr-no_39.jpg,507b8cce35345774276e288c48b575ef,400,442
data\binary\train\tumor\meningioma_Tr-me_374.jpg,train,tumor,meningioma,Training/meningioma/Tr-me_374.jpg,8b4ed246d1a78862574ae3c7f9ba1801,512,512
data\binary\train\tumor\pituitary_Tr-pi_286.jpg,train,tumor,pituitary,Training/pituitary/Tr-pi_286.jpg,00748c6aaa5c199b07f8fa7140fc19c1,350,400
data\binary\train\no_tumor\notumor_Tr-no_493.jpg,train,no_tumor,notumor,Training/notumor/Tr-no_493.jpg,6142acdc1f1b32e31ea0f73324b5f356,233,210
data\binary\train\no_tumor\notumor_Tr-no_348.jpg,train,no_tumor,notumor,Training/notumor/Tr-no_348.jpg,c447fd25166699ce8984ddf18b0f55a2,236,236
data\binary\train\no_tumor\notumor_Tr-no_921.jpg,train,no_tumor,notumor,Training/notumor/Tr-no_921.jpg,e9070c100fb307754582c4b3bbaa8e16,442,454
data\binary\train\tumor\meningioma_Tr-aug-me_62.jpg,train,tumor,meningioma,Training/meningioma/Tr-aug-me_62.jpg,a0c2df0164907ff88d1479d5e2b23190,512,512
data\binary\train\tumor\pituitary_Tr-pi_1321.jpg,train,tumor,pituitary,Training/pituitary/Tr-pi_1321.jpg,28ad8ecbbe60b4a6c32de9d7a9a26968,512,512
data\binary\train\tumor\pituitary_Tr-pi_337.jpg,train,tumor,pituitary,Training/pituitary/Tr-pi_337.jpg,b5ff5cd00b48f1120c6260d958e0ee3e,512,512
data\binary\train\no_tumor\notumor_Tr-no_940.jpg,train,no_tumor,notumor,Training/notumor/Tr-no_940.jpg,73631e4a7298c51db6fc249e3c03a367,225,225
data\binary\train\tumor\glioma_Tr-gl_1170.jpg,train,tumor,glioma,Training/glioma/Tr-gl_1170.jpg,131f273f088d24b370af2eed4c6b72d5,512,512
data\binary\train\tumor\glioma_Tr-gl_652.jpg,train,tumor,glioma,Training/glioma/Tr-gl_652.jpg,d968953a206cf82e26408ebff5f98fac,512,512
data\binary\train\tumor\pituitary_Tr-pi_602.jpg,train,tumor,pituitary,Training/pituitary/Tr-pi_602.jpg,ed8861eeff5c91a04c01f4f7f5a00a9c,512,512
data\binary\train\tumor\glioma_Tr-gl_124.jpg,train,tumor,glioma,Training/glioma/Tr-gl_124.jpg,2af254ec034d326afbb592a442df9b4f,512,512
data\binary\train\tumor\pituitary_Tr-pi_842.jpg,train,tumor,pituitary,Training/pituitary/Tr-pi_842.jpg,b6b62cb09aa75a54d07b33a6abd01bf5,512,512
data\binary\train\tumor\glioma_Tr-gl_1144.jpg,train,tumor,glioma,Training/glioma/Tr-gl_1144.jpg,d1e4a41add8733e3b15b8db9a12497fd,512,512
data\binary\train\tumor\pituitary_Tr-pi_552.jpg,train,tumor,pituitary,Training/pituitary/Tr-pi_552.jpg,cecbe26c4f85228c92b698662f8bf733,512,512
data\binary\train\tumor\meningioma_Tr-me_855.jpg,train,tumor,meningioma,Training/meningioma/Tr-me_855.jpg,6afbcd1089cecebd0ef2472fa5c5678e,512,512
data\binary\train\tumor\pituitary_Tr-pi_694.jpg,train,tumor,pituitary,Training/pituitary/Tr-pi_694.jpg,a685702040d1acacf901ddf700cfe0be,512,512
data\binary\train\no_tumor\notumor_Tr-no_847.jpg,train,no_tumor,notumor,Training/notumor/Tr-no_847.jpg,4b827a115009aee4cf3ffc8c2f7028ae,225,225
data\binary\train\tumor\pituitary_Tr-pi_292.jpg,train,tumor,pituitary,Training/pituitary/Tr-pi_292.jpg,08edcaa3d9fc46b98e09e6dc22b5a9dd,512,512
data\binary\train\tumor\meningioma_Tr-me_992.jpg,train,tumor,meningioma,Training/meningioma/Tr-me_992.jpg,6f7ffb83095ca208d838e8b85b7efc28,512,512
data\binary\train\tumor\meningioma_Tr-me_558.jpg,train,tumor,meningioma,Training/meningioma/Tr-me_558.jpg,b0046550e049064dcf0be42812af9e82,512,512
data\binary\train\tumor\meningioma_Tr-me_489.jpg,train,tumor,meningioma,Training/meningioma/Tr-me_489.jpg,fe7b3a2c74be0c970c4a514d7f6bee5f,295,394
data\binary\train\tumor\meningioma_Tr-me_666.jpg,train,tumor,meningioma,Training/meningioma/Tr-me_666.jpg,97d3a1d6b6648be75e2f3eb132f16e75,212,237
data\binary\train\tumor\pituitary_Tr-pi_937.jpg,train,tumor,pituitary,Training/pituitary/Tr-pi_937.jpg,77f4e5fd7b7cc761feaddec43bb792a1,512,512
data\binary\train\tumor\glioma_Tr-gl_140.jpg,train,tumor,glioma,Training/glioma/Tr-gl_140.jpg,724e7331ec439982410b68c84aee5f3a,512,512
data\binary\train\tumor\glioma_Tr-gl_1019.jpg,train,tumor,glioma,Training/glioma/Tr-gl_1019.jpg,205a1c226ada39501c49deb747bafb54,512,512
data\binary\train\tumor\pituitary_Tr-pi_1091.jpg,train,tumor,pituitary,Training/pituitary/Tr-pi_1091.jpg,9220ca9023e74a57fd1f0535d12373fa,512,512
data\binary\train\tumor\glioma_Tr-gl_1283.jpg,train,tumor,glioma,Training/glioma/Tr-gl_1283.jpg,b346ebc68d5f1f74e929e1f5e307a659,512,512
data\binary\train\no_tumor\notumor_Tr-no_1184.jpg,train,no_tumor,notumor,Training/notumor/Tr-no_1184.jpg,a5d4ae0d7be2c432928fd293679cf447,192,192
data\binary\train\tumor\meningioma_Tr-me_246.jpg,train,tumor,meningioma,Training/meningioma/Tr-me_246.jpg,746044e708c7363b5d1ede437103bba0,512,512
data\binary\train\no_tumor\notumor_Tr-no_300.jpg,train,no_tumor,notumor,Training/notumor/Tr-no_300.jpg,1f8e24f187a6ccdeb6cf9ff4122f1227,212,280
data\binary\train\tumor\pituitary_Tr-pi_164.jpg,train,tumor,pituitary,Training/pituitary/Tr-pi_164.jpg,208199f836f52ee6ef5a1f7a14768d77,512,512
data\binary\train\no_tumor\notumor_Tr-no_2.jpg,train,no_tumor,notumor,Training/notumor/Tr-no_2.jpg,de6b4576d48cfce186903181bf0ed6ea,201,251
data\binary\train\tumor\meningioma_Tr-me_1179.jpg,train,tumor,meningioma,Training/meningioma/Tr-me_1179.jpg,cc6107eed0f5076bf82da13ce81f5765,512,512
data\binary\train\tumor\pituitary_Tr-pi_1368.jpg,train,tumor,pituitary,Training/pituitary/Tr-pi_1368.jpg,209de8d8dcd6fb5fa9c5f71ebac03c0f,512,512
data\binary\train\tumor\glioma_Tr-gl_413.jpg,train,tumor,glioma,Training/glioma/Tr-gl_413.jpg,72cafd905228998db6c0f02e98909507,512,512
data\binary\train\tumor\pituitary_Tr-pi_994.jpg,train,tumor,pituitary,Training/pituitary/Tr-pi_994.jpg,76194ae90db0d5712093d92e3b78d2c9,512,512
data\binary\train\tumor\glioma_Tr-gl_1242.jpg,train,tumor,glioma,Training/glioma/Tr-gl_1242.jpg,74787bf423492d767fde078b2d5f103d,512,512
data\binary\train\tumor\meningioma_Tr-me_963.jpg,train,tumor,meningioma,Training/meningioma/Tr-me_963.jpg,f617d7c99a49456dc00cbc7c74b90216,512,512
data\binary\train\tumor\pituitary_Tr-pi_735.jpg,train,tumor,pituitary,Training/pituitary/Tr-pi_735.jpg,74fe4ad86e500461b379c94a05be0c9c,512,512
data\binary\train\no_tumor\notumor_Tr-no_544.jpg,train,no_tumor,notumor,Training/notumor/Tr-no_544.jpg,c2b260033b80845f3c6fc9ade495a5a1,200,252
data\binary\train\tumor\meningioma_Tr-me_634.jpg,train,tumor,meningioma,Training/meningioma/Tr-me_634.jpg,7a754e129f4b726671a34905681f44dd,512,512
data\binary\train\tumor\meningioma_Tr-me_957.jpg,train,tumor,meningioma,Training/meningioma/Tr-me_957.jpg,dc3df669de55c11542df0a986ba3e1e8,341,377
data\binary\train\tumor\pituitary_Tr-pi_626.jpg,train,tumor,pituitary,Training/pituitary/Tr-pi_626.jpg,a95af5857ac3b52bf7f79d179acc8214,512,512
data\binary\train\no_tumor\notumor_Tr-no_1221.jpg,train,no_tumor,notumor,Training/notumor/Tr-no_1221.jpg,43ce4328e82a1749faa31391795b49eb,215,234
data\binary\train\tumor\pituitary_Tr-pi_1395.jpg,train,tumor,pituitary,Training/pituitary/Tr-pi_1395.jpg,2068b06f88a0fb766bb04e3f1e7ed765,512,512
data\binary\train\tumor\meningioma_Tr-aug-me_5.jpg,train,tumor,meningioma,Training/meningioma/Tr-aug-me_5.jpg,b5a6b0ef5ceb71152f6a204a507fb19b,512,512
data\binary\train\tumor\pituitary_Tr-pi_441.jpg,train,tumor,pituitary,Training/pituitary/Tr-pi_441.jpg,3ffee433f297021ef2f8e89596a14a74,1365,1365
data\binary\train\tumor\glioma_Tr-gl_1163.jpg,train,tumor,glioma,Training/glioma/Tr-gl_1163.jpg,99c5bb752eedfd551de2b788cb6dbfec,512,512
data\binary\train\tumor\meningioma_Tr-me_251.jpg,train,tumor,meningioma,Training/meningioma/Tr-me_251.jpg,eba0ed2801d86ec97673e62311f12797,512,512
data\binary\train\no_tumor\notumor_Tr-no_526.jpg,train,no_tumor,notumor,Training/notumor/Tr-no_526.jpg,c0a8ddebb2a06cb7d2df33ce51f18459,192,192
data\binary\train\tumor\meningioma_Tr-aug-me_15.jpg,train,tumor,meningioma,Training/meningioma/Tr-aug-me_15.jpg,b40bba8cf677c1495b6986f8141bd34e,512,512
data\binary\train\tumor\pituitary_Tr-pi_1128.jpg,train,tumor,pituitary,Training/pituitary/Tr-pi_1128.jpg,49d3da4b7d8cb4049abf0fcb7c24fc89,512,512
data\binary\train\tumor\pituitary_Tr-pi_127.jpg,train,tumor,pituitary,Training/pituitary/Tr-pi_127.jpg,f28fb68eca5667bc8d6e641b8d1b2f58,512,512
data\binary\train\tumor\meningioma_Tr-me_243.jpg,train,tumor,meningioma,Training/meningioma/Tr-me_243.jpg,304bde0c13207ae239bf88dc9c528c4d,512,512
data\binary\train\tumor\glioma_Tr-gl_295.jpg,train,tumor,glioma,Training/glioma/Tr-gl_295.jpg,a728f00cc8b65bb6a32f72ea5d3bb5a2,512,512
data\binary\train\no_tumor\notumor_Tr-no_1063.jpg,train,no_tumor,notumor,Training/notumor/Tr-no_1063.jpg,6b3c032ec42efd24bdeb87534f6ce0bd,225,225
data\binary\train\tumor\pituitary_Tr-pi_767.jpg,train,tumor,pituitary,Training/pituitary/Tr-pi_767.jpg,b976a789404e353f92d72dd66dcd0534,512,512
data\binary\train\tumor\glioma_Tr-gl_1065.jpg,train,tumor,glioma,Training/glioma/Tr-gl_1065.jpg,1cb3c7164f45e71a7b872534ea039d4c,512,512
data\binary\train\tumor\pituitary_Tr-pi_926.jpg,train,tumor,pituitary,Training/pituitary/Tr-pi_926.jpg,536f922de5a2cba70a81552decd84fb2,512,512
data\binary\train\no_tumor\notumor_Tr-no_992.jpg,train,no_tumor,notumor,Training/notumor/Tr-no_992.jpg,93bf6dcc43b49602afe49a0580d84d8f,225,225
data\binary\train\tumor\pituitary_Tr-pi_475.jpg,train,tumor,pituitary,Training/pituitary/Tr-pi_475.jpg,f18d8e96d5b5219ddf85595363647e20,512,512
data\binary\train\tumor\glioma_Tr-gl_775.jpg,train,tumor,glioma,Training/glioma/Tr-gl_775.jpg,554379dd45137b6e06981f80eb46874c,512,512
data\binary\train\tumor\meningioma_Tr-me_152.jpg,train,tumor,meningioma,Training/meningioma/Tr-me_152.jpg,453521f5bfb44de00ee4b410414c8f1e,512,512
data\binary\train\tumor\glioma_Tr-gl_361.jpg,train,tumor,glioma,Training/glioma/Tr-gl_361.jpg,446179184ae62d9609f3d95de9b2f759,512,512
data\binary\train\tumor\pituitary_Tr-pi_681.jpg,train,tumor,pituitary,Training/pituitary/Tr-pi_681.jpg,d1fb1c38007526473dd3c55b7c470e29,512,512
data\binary\train\no_tumor\notumor_Tr-no_342.jpg,train,no_tumor,notumor,Training/notumor/Tr-no_342.jpg,f77a4a5753806915e692e24626e54300,393,400
data\binary\train\tumor\glioma_Tr-gl_157.jpg,train,tumor,glioma,Training/glioma/Tr-gl_157.jpg,bd645eb0df0000d8def23b69882efa3a,512,512
data\binary\train\tumor\glioma_Tr-gl_262.jpg,train,tumor,glioma,Training/glioma/Tr-gl_262.jpg,a2930f54095efa5cff67e2db9b4db90f,512,512
data\binary\train\tumor\pituitary_Tr-pi_1215.jpg,train,tumor,pituitary,Training/pituitary/Tr-pi_1215.jpg,6e75179cf2dbe8466272da06b584f986,512,512
data\binary\train\tumor\meningioma_Tr-me_1050.jpg,train,tumor,meningioma,Training/meningioma/Tr-me_1050.jpg,50e15aaa5423f410692c593cb434b08c,512,512
data\binary\train\tumor\glioma_Tr-gl_209.jpg,train,tumor,glioma,Training/glioma/Tr-gl_209.jpg,9fbdd388ba1f84313728d3503d2d61f3,512,512
data\binary\train\tumor\glioma_Tr-gl_41.jpg,train,tumor,glioma,Training/glioma/Tr-gl_41.jpg,be10ffd473ed3baae7578d4b32aeacd8,512,512
data\binary\train\tumor\pituitary_Tr-pi_921.jpg,train,tumor,pituitary,Training/pituitary/Tr-pi_921.jpg,8c995b7c105da33062f4725437f6cf29,512,512
data\binary\train\tumor\pituitary_Tr-pi_457.jpg,train,tumor,pituitary,Training/pituitary/Tr-pi_457.jpg,705ac673d2e5dce44bbc37fdebbf7d6a,512,512
data\binary\train\no_tumor\notumor_Tr-no_347.jpg,train,no_tumor,notumor,Training/notumor/Tr-no_347.jpg,7ad8460ca454f9b05aa869952c5f1063,225,225
data\binary\train\no_tumor\notumor_Tr-no_826.jpg,train,no_tumor,notumor,Training/notumor/Tr-no_826.jpg,6fb57a4bd089cbd4d38411b262c1717b,208,242
data\binary\train\tumor\glioma_Tr-gl_133.jpg,train,tumor,glioma,Training/glioma/Tr-gl_133.jpg,50f5b3aeb49c7cc0dfae43c89174ff40,512,512
data\binary\train\no_tumor\notumor_Tr-no_1388.jpg,train,no_tumor,notumor,Training/notumor/Tr-no_1388.jpg,1fc310b3407acf5b6becb3e4514c6dd7,236,213
data\binary\train\tumor\pituitary_Tr-pi_182.jpg,train,tumor,pituitary,Training/pituitary/Tr-pi_182.jpg,9a15c1f3ec35e209f17c34a5b5af6340,512,512
data\binary\train\tumor\meningioma_Tr-me_181.jpg,train,tumor,meningioma,Training/meningioma/Tr-me_181.jpg,73d393516aea7134148b07ab69e90c3c,512,512
data\binary\train\tumor\pituitary_Tr-pi_971.jpg,train,tumor,pituitary,Training/pituitary/Tr-pi_971.jpg,b19b25501be24288dc5c82c0c80291b6,512,512
data\binary\train\no_tumor\notumor_Tr-no_566.jpg,train,no_tumor,notumor,Training/notumor/Tr-no_566.jpg,6e3bb624c6533521b19ac43617fe490e,420,280
data\binary\train\no_tumor\notumor_Tr-no_231.jpg,train,no_tumor,notumor,Training/notumor/Tr-no_231.jpg,b4abf2bb615049dd7c8159232aab79d1,400,442
data\binary\train\tumor\meningioma_Tr-me_942.jpg,train,tumor,meningioma,Training/meningioma/Tr-me_942.jpg,af8655fa7cbdcf1c9fcbc913770bfc8b,180,218
data\binary\train\tumor\pituitary_Tr-pi_853.jpg,train,tumor,pituitary,Training/pituitary/Tr-pi_853.jpg,faca9659f282286c78c681286ccfcc0c,360,378
data\binary\train\tumor\glioma_Tr-gl_1009.jpg,train,tumor,glioma,Training/glioma/Tr-gl_1009.jpg,d11522582974a55bf24d6de79e8b9b15,512,512
data\binary\train\tumor\glioma_Tr-gl_435.jpg,train,tumor,glioma,Training/glioma/Tr-gl_435.jpg,23ba488fcd897bc3f193976025805ef7,512,512
data\binary\train\tumor\pituitary_Tr-pi_411.jpg,train,tumor,pituitary,Training/pituitary/Tr-pi_411.jpg,7b229d67b5d96fb9f890ece71eab67a0,512,512
data\binary\train\no_tumor\notumor_Tr-no_947.jpg,train,no_tumor,notumor,Training/notumor/Tr-no_947.jpg,b87cc7dfddced616844b0c0808083223,218,231
data\binary\train\tumor\glioma_Tr-gl_203.jpg,train,tumor,glioma,Training/glioma/Tr-gl_203.jpg,a270fe6308298a91577912d0840cfd6d,512,512
data\binary\train\no_tumor\notumor_Tr-no_1121.jpg,train,no_tumor,notumor,Training/notumor/Tr-no_1121.jpg,75eb6f287cd816706e0e0f5a5eef3894,206,244
data\binary\train\no_tumor\notumor_Tr-no_530.jpg,train,no_tumor,notumor,Training/notumor/Tr-no_530.jpg,e20205920c3a24a53d1cc7ddede1ec8f,225,225
data\binary\train\no_tumor\notumor_Tr-no_431.jpg,train,no_tumor,notumor,Training/notumor/Tr-no_431.jpg,f2e57480e883eac631a4f46db36d135c,232,217
data\binary\train\tumor\meningioma_Tr-me_1165.jpg,train,tumor,meningioma,Training/meningioma/Tr-me_1165.jpg,ecd4fc846c5d0fed586c1e971d6eef19,512,512
data\binary\train\tumor\pituitary_Tr-pi_12.jpg,train,tumor,pituitary,Training/pituitary/Tr-pi_12.jpg,7479a359845f522f2de3cb17bbde33ed,512,512
data\binary\train\no_tumor\notumor_Tr-no_1361.jpg,train,no_tumor,notumor,Training/notumor/Tr-no_1361.jpg,511b723a1596eb407ad326044a92c564,201,250
data\binary\train\tumor\pituitary_Tr-pi_1369.jpg,train,tumor,pituitary,Training/pituitary/Tr-pi_1369.jpg,5611278166eb617cc0aa1d12ca42d523,512,512
data\binary\train\tumor\meningioma_Tr-me_848.jpg,train,tumor,meningioma,Training/meningioma/Tr-me_848.jpg,9f2aa0388f7ed3c66c7f4287ef4cad85,512,512
data\binary\train\no_tumor\notumor_Tr-no_592.jpg,train,no_tumor,notumor,Training/notumor/Tr-no_592.jpg,c4f747d9f250191c247eb718137ebe8f,232,217
data\binary\train\no_tumor\notumor_Tr-no_1210.jpg,train,no_tumor,notumor,Training/notumor/Tr-no_1210.jpg,8e843db6827579ba56a39ea0ff73eff4,468,444
data\binary\train\tumor\pituitary_Tr-pi_1390.jpg,train,tumor,pituitary,Training/pituitary/Tr-pi_1390.jpg,6fde83aa40a3f10dfc3e511b79590b73,512,512
data\binary\train\no_tumor\notumor_Tr-no_1092.jpg,train,no_tumor,notumor,Training/notumor/Tr-no_1092.jpg,e7ebaf95fdd260034ff7a56e00f4b916,150,198
data\binary\train\tumor\glioma_Tr-gl_1372.jpg,train,tumor,glioma,Training/glioma/Tr-gl_1372.jpg,71637f203b3e58c97d3cfecfcd1e2a49,512,512
data\binary\train\tumor\meningioma_Tr-me_369.jpg,train,tumor,meningioma,Training/meningioma/Tr-me_369.jpg,bb095af7e79495d262879ea9e45c1562,512,512
data\binary\train\no_tumor\notumor_Tr-no_1168.jpg,train,no_tumor,notumor,Training/notumor/Tr-no_1168.jpg,085ef243d950892e7f2c83e3b87113f2,442,454
data\binary\train\tumor\glioma_Tr-gl_666.jpg,train,tumor,glioma,Training/glioma/Tr-gl_666.jpg,4be69c4c78de1d1bbffbd31ac8d251ef,512,512
data\binary\train\tumor\meningioma_Tr-me_611.jpg,train,tumor,meningioma,Training/meningioma/Tr-me_611.jpg,d693c2dae601c96e748bbadb559c96ce,512,512
data\binary\train\tumor\meningioma_Tr-me_1119.jpg,train,tumor,meningioma,Training/meningioma/Tr-me_1119.jpg,0561277ee709b55b4e95d99009c4306d,512,512
data\binary\train\tumor\pituitary_Tr-pi_1278.jpg,train,tumor,pituitary,Training/pituitary/Tr-pi_1278.jpg,28b32c3afdcfd5e9595f194e5cdcb861,512,512
data\binary\train\tumor\pituitary_Tr-pi_332.jpg,train,tumor,pituitary,Training/pituitary/Tr-pi_332.jpg,f1d2f63e1daab93081e0a0bf71f51d20,512,512
data\binary\train\tumor\pituitary_Tr-pi_484.jpg,train,tumor,pituitary,Training/pituitary/Tr-pi_484.jpg,5056de9e2daf29a0b2f68c2cfbcacecb,512,512
data\binary\train\no_tumor\notumor_Tr-no_587.jpg,train,no_tumor,notumor,Training/notumor/Tr-no_587.jpg,70b25c8a31ccbabd27933c0e9771bf0a,225,225
data\binary\train\tumor\meningioma_Tr-me_593.jpg,train,tumor,meningioma,Training/meningioma/Tr-me_593.jpg,e2ba56425d5e02b372e0764db37a2fd6,512,512
data\binary\train\tumor\glioma_Tr-gl_1000.jpg,train,tumor,glioma,Training/glioma/Tr-gl_1000.jpg,9119e893f98b5c37041123300fdca487,512,512
data\binary\train\tumor\meningioma_Tr-me_1216.jpg,train,tumor,meningioma,Training/meningioma/Tr-me_1216.jpg,a988352ee935e979a6127adc74ea95c9,512,512
data\binary\train\tumor\pituitary_Tr-pi_452.jpg,train,tumor,pituitary,Training/pituitary/Tr-pi_452.jpg,44496ac4c8122ef09d6026acb6b6887f,512,512
data\binary\train\tumor\meningioma_Tr-me_1017.jpg,train,tumor,meningioma,Training/meningioma/Tr-me_1017.jpg,30360ef3b3acba01a37169ed9d9fd826,512,512
data\binary\train\no_tumor\notumor_Tr-no_832.jpg,train,no_tumor,notumor,Training/notumor/Tr-no_832.jpg,ce6001ef0d44e80eccd0e52011cb62ab,236,236
data\binary\train\tumor\glioma_Tr-gl_1313.jpg,train,tumor,glioma,Training/glioma/Tr-gl_1313.jpg,5dcbcca48fa8ce5ed87b4ce10a910029,512,512
data\binary\train\tumor\meningioma_Tr-me_1099.jpg,train,tumor,meningioma,Training/meningioma/Tr-me_1099.jpg,525b7915ced006004bdf9f8d5c5aac66,512,512
data\binary\train\tumor\meningioma_Tr-me_531.jpg,train,tumor,meningioma,Training/meningioma/Tr-me_531.jpg,2e704ad3cbbcc5a2bd208bf7c74a0da8,512,512
data\binary\train\no_tumor\notumor_Tr-no_1043.jpg,train,no_tumor,notumor,Training/notumor/Tr-no_1043.jpg,8df99593495ab9d3a24629400c78a4b1,196,257
data\binary\train\tumor\glioma_Tr-gl_517.jpg,train,tumor,glioma,Training/glioma/Tr-gl_517.jpg,b38d5ade9789414eb824150f922435ba,512,512
data\binary\train\tumor\meningioma_Tr-me_620.jpg,train,tumor,meningioma,Training/meningioma/Tr-me_620.jpg,7eb9a21b2572a200380d669deec10093,512,512
data\binary\train\tumor\meningioma_Tr-me_720.jpg,train,tumor,meningioma,Training/meningioma/Tr-me_720.jpg,a6609b4cf7fa7588326dda026b0641d6,512,512
data\binary\train\tumor\glioma_Tr-gl_1387.jpg,train,tumor,glioma,Training/glioma/Tr-gl_1387.jpg,b73e37d87d6209df304e84ab36ac24a0,512,512
data\binary\train\tumor\glioma_Tr-gl_204.jpg,train,tumor,glioma,Training/glioma/Tr-gl_204.jpg,1d64106abec76a7f95b236cb969f2763,512,512
data\binary\train\tumor\glioma_Tr-gl_989.jpg,train,tumor,glioma,Training/glioma/Tr-gl_989.jpg,7706238b71a19423c4dcb1b786c635d3,512,512
data\binary\train\tumor\glioma_Tr-gl_1311.jpg,train,tumor,glioma,Training/glioma/Tr-gl_1311.jpg,b2b2ba3ec72a4549b6d050b3f17da93b,512,512
data\binary\train\tumor\pituitary_Tr-pi_972.jpg,train,tumor,pituitary,Training/pituitary/Tr-pi_972.jpg,e9c1ab3a887913bec73f2cd1bf3b5ed8,512,512
data\binary\train\tumor\meningioma_Tr-me_351.jpg,train,tumor,meningioma,Training/meningioma/Tr-me_351.jpg,e9e192b86d6149bee88871d56cea12ff,512,512
data\binary\train\no_tumor\notumor_Tr-no_841.jpg,train,no_tumor,notumor,Training/notumor/Tr-no_841.jpg,f845ac5512c4131c93fd549f1d5f76f8,359,449
data\binary\train\no_tumor\notumor_Tr-no_424.jpg,train,no_tumor,notumor,Training/notumor/Tr-no_424.jpg,700d8f4b3372056e74eeeeca8320202e,173,201
data\binary\train\no_tumor\notumor_Tr-no_55.jpg,train,no_tumor,notumor,Training/notumor/Tr-no_55.jpg,ff14362d5185c9218ad29278b9a6b29f,215,234
data\binary\train\no_tumor\notumor_Tr-no_1151.jpg,train,no_tumor,notumor,Training/notumor/Tr-no_1151.jpg,967cd8cd5fe34396e690fbc4505b4c1f,225,225
data\binary\train\tumor\glioma_Tr-gl_1370.jpg,train,tumor,glioma,Training/glioma/Tr-gl_1370.jpg,6af93e4332b92712d6e7b514a81faaf0,512,512
data\binary\train\tumor\glioma_Tr-gl_549.jpg,train,tumor,glioma,Training/glioma/Tr-gl_549.jpg,004a443b3551d474cccc050afc0d8f60,512,512
data\binary\train\tumor\glioma_Tr-gl_1224.jpg,train,tumor,glioma,Training/glioma/Tr-gl_1224.jpg,5e65aaff0a83bae5c1a08bd4ccbbb8f0,512,512
data\binary\train\tumor\pituitary_Tr-pi_997.jpg,train,tumor,pituitary,Training/pituitary/Tr-pi_997.jpg,f4d5a7e763b2668268cebb8edc64c176,256,256
data\binary\train\tumor\pituitary_Tr-pi_565.jpg,train,tumor,pituitary,Training/pituitary/Tr-pi_565.jpg,eab2d8f0b8abc424e0916cbb42392866,512,512
data\binary\train\no_tumor\notumor_Tr-no_104.jpg,train,no_tumor,notumor,Training/notumor/Tr-no_104.jpg,301742a5f7953131bf0cd48449bfd3a4,196,257
data\binary\train\tumor\meningioma_Tr-me_738.jpg,train,tumor,meningioma,Training/meningioma/Tr-me_738.jpg,4047171cb89c617b14ea7149c9932342,512,512
data\binary\train\tumor\pituitary_Tr-pi_539.jpg,train,tumor,pituitary,Training/pituitary/Tr-pi_539.jpg,a818b6c86278b6f521d9dd40953626f9,512,512
data\binary\train\tumor\glioma_Tr-gl_934.jpg,train,tumor,glioma,Training/glioma/Tr-gl_934.jpg,2d3d6355ed708597b4cdf888bc0ce494,512,512
data\binary\train\tumor\meningioma_Tr-me_970.jpg,train,tumor,meningioma,Training/meningioma/Tr-me_970.jpg,c2f9ecc28fc3f005d656cea99c117add,512,512
data\binary\train\tumor\pituitary_Tr-pi_574.jpg,train,tumor,pituitary,Training/pituitary/Tr-pi_574.jpg,234c3f8acc6382e4f73b99984dbe3540,512,512
data\binary\train\tumor\pituitary_Tr-pi_584.jpg,train,tumor,pituitary,Training/pituitary/Tr-pi_584.jpg,1048d3d14b3056b1fa0fd6e90931a899,512,512
data\binary\train\no_tumor\notumor_Tr-no_792.jpg,train,no_tumor,notumor,Training/notumor/Tr-no_792.jpg,c50db8a8e0cc9b5e9f216b5cee9b4b41,232,217
data\binary\train\tumor\glioma_Tr-gl_922.jpg,train,tumor,glioma,Training/glioma/Tr-gl_922.jpg,54e544a966743c4962c0f5b80693d859,512,512
data\binary\train\tumor\glioma_Tr-gl_1390.jpg,train,tumor,glioma,Training/glioma/Tr-gl_1390.jpg,dc76deea21b8fd587606eb50ba4d4fd4,512,512
data\binary\train\tumor\pituitary_Tr-pi_1023.jpg,train,tumor,pituitary,Training/pituitary/Tr-pi_1023.jpg,970272f54e887040ee2d6baab7f5afd0,512,512
data\binary\train\tumor\pituitary_Tr-pi_922.jpg,train,tumor,pituitary,Training/pituitary/Tr-pi_922.jpg,64f64fe797b24accaf7fb9e854fd9f30,512,512
data\binary\train\tumor\meningioma_Tr-me_1016.jpg,train,tumor,meningioma,Training/meningioma/Tr-me_1016.jpg,53e4f388773148d330702055332821e8,512,512
data\binary\train\tumor\glioma_Tr-gl_1124.jpg,train,tumor,glioma,Training/glioma/Tr-gl_1124.jpg,fff92119a7316ca2e06dc7acd30e6a30,512,512
data\binary\train\tumor\glioma_Tr-gl_147.jpg,train,tumor,glioma,Training/glioma/Tr-gl_147.jpg,533ee743b999e38aec9f57777cf8933f,512,512
data\binary\train\tumor\meningioma_Tr-me_728.jpg,train,tumor,meningioma,Training/meningioma/Tr-me_728.jpg,8dc4ad174f3be04f6e304dbf0bf3980f,512,512
data\binary\train\no_tumor\notumor_Tr-no_166.jpg,train,no_tumor,notumor,Training/notumor/Tr-no_166.jpg,42e06a1398060931e5f7490470f50954,750,750
data\binary\train\tumor\glioma_Tr-gl_52.jpg,train,tumor,glioma,Training/glioma/Tr-gl_52.jpg,ae243aed30bf5e5d68ca4948003709c6,512,512
data\binary\train\tumor\glioma_Tr-gl_1278.jpg,train,tumor,glioma,Training/glioma/Tr-gl_1278.jpg,dd95a1b2a04fb5b508ecb65354a2a6fe,512,512
data\binary\train\tumor\glioma_Tr-gl_1329.jpg,train,tumor,glioma,Training/glioma/Tr-gl_1329.jpg,f4e2f84b7cc08ac7a804376ffbaa9ba8,512,512
data\binary\train\tumor\glioma_Tr-gl_401.jpg,train,tumor,glioma,Training/glioma/Tr-gl_401.jpg,1f83046b7659968913da453b146f9e9e,512,512
data\binary\train\no_tumor\notumor_Tr-no_1254.jpg,train,no_tumor,notumor,Training/notumor/Tr-no_1254.jpg,69384c44c679eb8d9dafe8f3e5332b5f,356,474
data\binary\train\tumor\glioma_Tr-gl_754.jpg,train,tumor,glioma,Training/glioma/Tr-gl_754.jpg,9aa0c7d1936141407dbbff90159f8f1d,512,512
data\binary\train\tumor\meningioma_Tr-me_920.jpg,train,tumor,meningioma,Training/meningioma/Tr-me_920.jpg,1e9c82b69946d55ab098429eeed6a3f9,262,308
data\binary\train\tumor\meningioma_Tr-me_166.jpg,train,tumor,meningioma,Training/meningioma/Tr-me_166.jpg,784e014dd517dbaf904521e994a5a782,512,512
data\binary\train\tumor\pituitary_Tr-pi_1049.jpg,train,tumor,pituitary,Training/pituitary/Tr-pi_1049.jpg,96cac39f9a8cd0d4ad053ebecc64a7c7,538,548
data\binary\train\tumor\glioma_Tr-gl_38.jpg,train,tumor,glioma,Training/glioma/Tr-gl_38.jpg,b20d0ccd38992bca4af1508808474489,512,512
data\binary\train\tumor\meningioma_Tr-me_1252.jpg,train,tumor,meningioma,Training/meningioma/Tr-me_1252.jpg,6471ca23ce3e811352e484c943b83b9d,512,512
data\binary\train\no_tumor\notumor_Tr-no_207.jpg,train,no_tumor,notumor,Training/notumor/Tr-no_207.jpg,f539e630c910f5948bf83d4f1a7a9026,225,225
data\binary\train\tumor\meningioma_Tr-me_648.jpg,train,tumor,meningioma,Training/meningioma/Tr-me_648.jpg,b2c2c904ec993450dc50fe75398ff587,512,512
data\binary\train\no_tumor\notumor_Tr-no_821.jpg,train,no_tumor,notumor,Training/notumor/Tr-no_821.jpg,d017c4e724b25cb69d7f0b560e5f826d,680,680
data\binary\train\tumor\pituitary_Tr-pi_246.jpg,train,tumor,pituitary,Training/pituitary/Tr-pi_246.jpg,b7f875bedfac719015cc81bc888151b3,225,225
data\binary\train\tumor\meningioma_Tr-me_851.jpg,train,tumor,meningioma,Training/meningioma/Tr-me_851.jpg,0052c398399075925e0fad61910613b0,512,512
data\binary\train\no_tumor\notumor_Tr-no_510.jpg,train,no_tumor,notumor,Training/notumor/Tr-no_510.jpg,ed8aff1da3e7690a2451afa38acfc3aa,212,238
data\binary\train\tumor\glioma_Tr-gl_627.jpg,train,tumor,glioma,Training/glioma/Tr-gl_627.jpg,ab6affba327cc9d05b9f958aed704d9b,512,512
data\binary\train\tumor\meningioma_Tr-me_910.jpg,train,tumor,meningioma,Training/meningioma/Tr-me_910.jpg,f75d93484cec34eac6394f0db37cd647,512,512
data\binary\train\tumor\meningioma_Tr-me_62.jpg,train,tumor,meningioma,Training/meningioma/Tr-me_62.jpg,0a3ad2f1de74df2454f494dd0760cb3f,512,512
data\binary\train\tumor\pituitary_Tr-pi_1139.jpg,train,tumor,pituitary,Training/pituitary/Tr-pi_1139.jpg,b2f46088cb8b97bad9455d452dfadd96,512,512
data\binary\train\no_tumor\notumor_Tr-no_146.jpg,train,no_tumor,notumor,Training/notumor/Tr-no_146.jpg,9a2aae72768f93c9e0742b436bd05c5f,194,259
data\binary\train\tumor\meningioma_Tr-me_596.jpg,train,tumor,meningioma,Training/meningioma/Tr-me_596.jpg,b782613ec00aba4115ba28db209131ac,512,512
data\binary\train\tumor\meningioma_Tr-me_537.jpg,train,tumor,meningioma,Training/meningioma/Tr-me_537.jpg,db5a54663b2c5f3956ee2b78b13760cb,512,512
data\binary\train\tumor\glioma_Tr-gl_1338.jpg,train,tumor,glioma,Training/glioma/Tr-gl_1338.jpg,4bfbabe6de1430d2a0252e04db662011,512,512
data\binary\train\tumor\pituitary_Tr-pi_296.jpg,train,tumor,pituitary,Training/pituitary/Tr-pi_296.jpg,d1e8d3bfa9ecfabd2aed83dfa047600a,512,512
data\binary\train\tumor\meningioma_Tr-me_1235.jpg,train,tumor,meningioma,Training/meningioma/Tr-me_1235.jpg,cd5e0288071ce28a595ffcc18193d7d9,512,512
data\binary\train\tumor\glioma_Tr-gl_859.jpg,train,tumor,glioma,Training/glioma/Tr-gl_859.jpg,9bfb252966a709f9de72ff950447d82a,512,512
data\binary\train\tumor\pituitary_Tr-pi_1384.jpg,train,tumor,pituitary,Training/pituitary/Tr-pi_1384.jpg,2bd6a059962700c1e6140ad564c0e252,512,512
data\binary\train\tumor\meningioma_Tr-me_790.jpg,train,tumor,meningioma,Training/meningioma/Tr-me_790.jpg,884572c37f39278a3abe1b21df6d414e,512,512
data\binary\train\no_tumor\notumor_Tr-no_1273.jpg,train,no_tumor,notumor,Training/notumor/Tr-no_1273.jpg,ad68853a02f87def3ab7346f0b3b109f,225,225
data\binary\train\tumor\glioma_Tr-gl_494.jpg,train,tumor,glioma,Training/glioma/Tr-gl_494.jpg,f63129b0f07c84004e1a3da911c93215,512,512
data\binary\train\tumor\meningioma_Tr-me_318.jpg,train,tumor,meningioma,Training/meningioma/Tr-me_318.jpg,df1f65547f853652b3691e2688324ab8,485,510
data\binary\train\tumor\glioma_Tr-gl_260.jpg,train,tumor,glioma,Training/glioma/Tr-gl_260.jpg,ecb81671c0bcf33205f726cc4b1f2bbb,512,512
data\binary\train\tumor\glioma_Tr-gl_840.jpg,train,tumor,glioma,Training/glioma/Tr-gl_840.jpg,c721f9a37840cb46e868280584ded160,512,512
data\binary\train\tumor\pituitary_Tr-pi_559.jpg,train,tumor,pituitary,Training/pituitary/Tr-pi_559.jpg,bd5053e65e788dc23bdf278cc7fc7e2f,512,512
data\binary\train\tumor\glioma_Tr-gl_394.jpg,train,tumor,glioma,Training/glioma/Tr-gl_394.jpg,9e295d806b37355883bc4c8de26f6b82,512,512
data\binary\train\tumor\pituitary_Tr-pi_606.jpg,train,tumor,pituitary,Training/pituitary/Tr-pi_606.jpg,b6a897f99fd36cb39ac8641309c8a0a9,512,512
data\binary\train\tumor\glioma_Tr-gl_689.jpg,train,tumor,glioma,Training/glioma/Tr-gl_689.jpg,d857ae841f5ca6b68a6b4c3f3af611bc,512,512
data\binary\train\no_tumor\notumor_Tr-no_480.jpg,train,no_tumor,notumor,Training/notumor/Tr-no_480.jpg,39ac4c135f71aa21f1e251269560f80d,300,168
data\binary\train\tumor\meningioma_Tr-me_727.jpg,train,tumor,meningioma,Training/meningioma/Tr-me_727.jpg,c14ce4336be24aca29f1f2cf58a04af2,512,512
data\binary\train\tumor\glioma_Tr-gl_184.jpg,train,tumor,glioma,Training/glioma/Tr-gl_184.jpg,46643324ff1943ad373a92c25c82eb92,512,512
data\binary\train\tumor\pituitary_Tr-pi_718.jpg,train,tumor,pituitary,Training/pituitary/Tr-pi_718.jpg,6d71d5f5b091ad74ae95b44ae641a0a8,512,512
data\binary\train\tumor\meningioma_Tr-me_144.jpg,train,tumor,meningioma,Training/meningioma/Tr-me_144.jpg,13a1751155244a9f3e3af1d1870669fd,512,512
data\binary\train\tumor\meningioma_Tr-aug-me_52.jpg,train,tumor,meningioma,Training/meningioma/Tr-aug-me_52.jpg,847220574901d65c80b58c9a0bc53fed,512,512
data\binary\val\tumor\glioma_Tr-gl_145.jpg,val,tumor,glioma,Training/glioma/Tr-gl_145.jpg,912cccfd2d9df2dbf7d3c14550c542fa,512,512
data\binary\val\tumor\pituitary_Tr-pi_1268.jpg,val,tumor,pituitary,Training/pituitary/Tr-pi_1268.jpg,b6d6b4a9af66e1c2a2e8f9ef97234529,512,512
data\binary\val\tumor\pituitary_Tr-pi_37.jpg,val,tumor,pituitary,Training/pituitary/Tr-pi_37.jpg,fde434a345d437c0dc7a52e2e129e809,512,512
data\binary\val\tumor\meningioma_Tr-me_17.jpg,val,tumor,meningioma,Training/meningioma/Tr-me_17.jpg,2483f9df39e6e886ce41b8f79a5e00a7,512,512
data\binary\val\no_tumor\notumor_Tr-no_1321.jpg,val,no_tumor,notumor,Training/notumor/Tr-no_1321.jpg,f8e2eaf5e8f55676bda561816b900644,225,225
data\binary\val\no_tumor\notumor_Tr-no_975.jpg,val,no_tumor,notumor,Training/notumor/Tr-no_975.jpg,d622afbfb7c33690172e0369252ca76c,680,680
data\binary\val\tumor\glioma_Tr-gl_198.jpg,val,tumor,glioma,Training/glioma/Tr-gl_198.jpg,38c02b5c551a4b61921b6359b435b5db,512,512
data\binary\val\tumor\pituitary_Tr-pi_420.jpg,val,tumor,pituitary,Training/pituitary/Tr-pi_420.jpg,c804ad2d51a219866a1e3cc91df8230e,512,512
data\binary\val\tumor\glioma_Tr-gl_391.jpg,val,tumor,glioma,Training/glioma/Tr-gl_391.jpg,0d4c4cae1509562110fa881885766d46,512,512
data\binary\val\tumor\meningioma_Tr-me_363.jpg,val,tumor,meningioma,Training/meningioma/Tr-me_363.jpg,f41df35345798cfa999d774a88fb1975,512,512
data\binary\val\tumor\meningioma_Tr-me_1228.jpg,val,tumor,meningioma,Training/meningioma/Tr-me_1228.jpg,412290c84830fcf14f1f131aa0cc342d,512,512
data\binary\val\tumor\pituitary_Tr-pi_257.jpg,val,tumor,pituitary,Training/pituitary/Tr-pi_257.jpg,a1a4da2064d72997e1817bfbe38c13f9,512,512
data\binary\val\tumor\pituitary_Tr-pi_622.jpg,val,tumor,pituitary,Training/pituitary/Tr-pi_622.jpg,59cd27f52f5b0598fb35d03c1097fa83,512,512
data\binary\val\tumor\meningioma_Tr-me_1093.jpg,val,tumor,meningioma,Training/meningioma/Tr-me_1093.jpg,0645be565c8e5d9b44824e790b983f4e,512,512
data\binary\val\no_tumor\notumor_Tr-no_194.jpg,val,no_tumor,notumor,Training/notumor/Tr-no_194.jpg,fe2231f523d6d1cabd4670f11b829773,420,280
data\binary\val\tumor\meningioma_Tr-aug-me_63.jpg,val,tumor,meningioma,Training/meningioma/Tr-aug-me_63.jpg,b9ee626720fdf95375502b3b77b47df1,512,512
data\binary\val\tumor\pituitary_Tr-pi_431.jpg,val,tumor,pituitary,Training/pituitary/Tr-pi_431.jpg,4a0898d6a0e8bff6724122635ef55212,512,512
data\binary\val\tumor\pituitary_Tr-pi_1108.jpg,val,tumor,pituitary,Training/pituitary/Tr-pi_1108.jpg,c1cc2605e757cb2a95922ffc3eb764de,512,512
data\binary\val\tumor\meningioma_Tr-aug-me_82.jpg,val,tumor,meningioma,Training/meningioma/Tr-aug-me_82.jpg,06af6e731bd7f02a584d2440ddf009d4,512,512
data\binary\val\tumor\pituitary_Tr-pi_69.jpg,val,tumor,pituitary,Training/pituitary/Tr-pi_69.jpg,105b8b0c29ff614a6b92e0f4ea203a1f,512,512
data\binary\val\tumor\glioma_Tr-gl_906.jpg,val,tumor,glioma,Training/glioma/Tr-gl_906.jpg,8ee22cf0c77c84134a1f5de4ef2e3a23,512,512
data\binary\val\no_tumor\notumor_Tr-no_842.jpg,val,no_tumor,notumor,Training/notumor/Tr-no_842.jpg,1cd4b52baf686e010b8581dc290edb74,196,257
data\binary\val\no_tumor\notumor_Tr-no_15.jpg,val,no_tumor,notumor,Training/notumor/Tr-no_15.jpg,eebc325944ed08f43ba3dcdabc9d43e6,600,450
data\binary\val\tumor\pituitary_Tr-pi_696.jpg,val,tumor,pituitary,Training/pituitary/Tr-pi_696.jpg,eac1f3a475137d0066730875376b1463,512,512
data\binary\val\tumor\pituitary_Tr-pi_1112.jpg,val,tumor,pituitary,Training/pituitary/Tr-pi_1112.jpg,0536dde08435cbea17d7e4841ebe2f88,512,512
data\binary\val\tumor\glioma_Tr-gl_6.jpg,val,tumor,glioma,Training/glioma/Tr-gl_6.jpg,b564701dea08992f299ee0bd473c9ae2,512,512
data\binary\val\no_tumor\notumor_Tr-no_487.jpg,val,no_tumor,notumor,Training/notumor/Tr-no_487.jpg,f1277f9ee45d44187523901cc1008eed,224,262
data\binary\val\tumor\meningioma_Tr-me_683.jpg,val,tumor,meningioma,Training/meningioma/Tr-me_683.jpg,b758510b2b24f327208d3b0e89035020,512,512
data\binary\val\tumor\meningioma_Tr-me_60.jpg,val,tumor,meningioma,Training/meningioma/Tr-me_60.jpg,5f7953b5c72c9a8158724cc4634eb324,512,512
data\binary\val\tumor\meningioma_Tr-me_388.jpg,val,tumor,meningioma,Training/meningioma/Tr-me_388.jpg,99c11b4f131657625221b25e26175764,512,512
data\binary\val\tumor\pituitary_Tr-pi_106.jpg,val,tumor,pituitary,Training/pituitary/Tr-pi_106.jpg,f873d81569d77d26abc9cff93c6dc734,512,512
data\binary\val\no_tumor\notumor_Tr-no_106.jpg,val,no_tumor,notumor,Training/notumor/Tr-no_106.jpg,9e45e1332e8649e2d6df6c73947ca42c,225,225
data\binary\val\tumor\meningioma_Tr-me_476.jpg,val,tumor,meningioma,Training/meningioma/Tr-me_476.jpg,5cb3f2f39459d56abfe62044a6cf519a,512,512
data\binary\val\no_tumor\notumor_Tr-no_399.jpg,val,no_tumor,notumor,Training/notumor/Tr-no_399.jpg,d82fae270c9f77fb5f8b21fa3eb9965b,393,400
data\binary\val\tumor\pituitary_Tr-pi_360.jpg,val,tumor,pituitary,Training/pituitary/Tr-pi_360.jpg,f73a4078defeaf0fec7f36accb7a0ae5,512,512
data\binary\val\tumor\pituitary_Tr-pi_143.jpg,val,tumor,pituitary,Training/pituitary/Tr-pi_143.jpg,0ac77c7814bb4f5c54738c7d2f9d9cdc,512,512
data\binary\val\tumor\meningioma_Tr-me_1154.jpg,val,tumor,meningioma,Training/meningioma/Tr-me_1154.jpg,6188ecd7995b6868674758d44889780b,512,512
data\binary\val\no_tumor\notumor_Tr-no_1117.jpg,val,no_tumor,notumor,Training/notumor/Tr-no_1117.jpg,1d95a00356e42a09738c2d2f6c5775e4,225,225
data\binary\val\tumor\pituitary_Tr-pi_741.jpg,val,tumor,pituitary,Training/pituitary/Tr-pi_741.jpg,f95950292a15ec52aa26852abf81ab36,512,512
data\binary\val\tumor\pituitary_Tr-pi_998.jpg,val,tumor,pituitary,Training/pituitary/Tr-pi_998.jpg,ea800cb7660b98aae4a0f3d065e67081,512,512
data\binary\val\tumor\meningioma_Tr-aug-me_28.jpg,val,tumor,meningioma,Training/meningioma/Tr-aug-me_28.jpg,f479633c65953696eb4a9aa9e50a4a7b,512,512
data\binary\val\no_tumor\notumor_Tr-no_1177.jpg,val,no_tumor,notumor,Training/notumor/Tr-no_1177.jpg,a337088f0b279da7c4e621f63957821b,200,252
data\binary\val\tumor\pituitary_Tr-pi_1016.jpg,val,tumor,pituitary,Training/pituitary/Tr-pi_1016.jpg,2888c566c6f8838aaec9dd80b29e296c,512,512
data\binary\val\tumor\meningioma_Tr-me_631.jpg,val,tumor,meningioma,Training/meningioma/Tr-me_631.jpg,8cf11db703e74570ed4aadb4d3fd1da0,512,512
data\binary\val\tumor\glioma_Tr-gl_810.jpg,val,tumor,glioma,Training/glioma/Tr-gl_810.jpg,8d64cdf7868a027a155e061abaec1f7b,512,512
data\binary\val\tumor\glioma_Tr-gl_266.jpg,val,tumor,glioma,Training/glioma/Tr-gl_266.jpg,0497de1102ab6a0eff55e69d0102d937,512,512
data\binary\val\tumor\meningioma_Tr-me_456.jpg,val,tumor,meningioma,Training/meningioma/Tr-me_456.jpg,1719d9e1b3db8cb9715b34e93f086d8a,512,512
data\binary\val\tumor\glioma_Tr-gl_724.jpg,val,tumor,glioma,Training/glioma/Tr-gl_724.jpg,664248ccd51c9e3e82f7b86a9e1a5122,512,512
data\binary\val\tumor\meningioma_Tr-me_277.jpg,val,tumor,meningioma,Training/meningioma/Tr-me_277.jpg,075b0386dc97d72bf6b05561c5695318,512,512
data\binary\val\tumor\meningioma_Tr-me_8.jpg,val,tumor,meningioma,Training/meningioma/Tr-me_8.jpg,e2221bb8ee5eeaccfd57bd15fc0cc35d,512,512
data\binary\val\no_tumor\notumor_Tr-no_1355.jpg,val,no_tumor,notumor,Training/notumor/Tr-no_1355.jpg,2a431ec8cc14ccbb74555a7a70b2ffd7,227,222
data\binary\val\tumor\pituitary_Tr-pi_237.jpg,val,tumor,pituitary,Training/pituitary/Tr-pi_237.jpg,3b4774f5debca296f33daf6f368d1fcb,512,512
data\binary\val\tumor\glioma_Tr-gl_521.jpg,val,tumor,glioma,Training/glioma/Tr-gl_521.jpg,f389bd7de17398d43090a8bc17a93a49,512,512
data\binary\val\tumor\pituitary_Tr-pi_514.jpg,val,tumor,pituitary,Training/pituitary/Tr-pi_514.jpg,a9251941c6898cda3df4710ff8fa0b80,512,512
data\binary\val\no_tumor\notumor_Tr-no_486.jpg,val,no_tumor,notumor,Training/notumor/Tr-no_486.jpg,564d3b81b447a6a62883e7a8bc5476cf,227,300
data\binary\val\no_tumor\notumor_Tr-no_78.jpg,val,no_tumor,notumor,Training/notumor/Tr-no_78.jpg,aef85a4ec8d5b7dd3d08aa977e88fd8d,226,213
data\binary\val\tumor\glioma_Tr-gl_924.jpg,val,tumor,glioma,Training/glioma/Tr-gl_924.jpg,4941b264db559d8ab1b88a7e7cf12e29,512,512
data\binary\val\no_tumor\notumor_Tr-no_1248.jpg,val,no_tumor,notumor,Training/notumor/Tr-no_1248.jpg,53706d21755245c6f3d4d925ecf1be89,201,244
data\binary\val\tumor\glioma_Tr-gl_1360.jpg,val,tumor,glioma,Training/glioma/Tr-gl_1360.jpg,fb67f621b3dd86370d79ac496c1ea34e,512,512
data\binary\val\tumor\pituitary_Tr-pi_722.jpg,val,tumor,pituitary,Training/pituitary/Tr-pi_722.jpg,94ddb2d3488d2fe781348f2668da27db,512,512
data\binary\val\tumor\meningioma_Tr-me_46.jpg,val,tumor,meningioma,Training/meningioma/Tr-me_46.jpg,0ee298d4c70ea7cab905dad49f60b5f6,512,512
data\binary\val\tumor\pituitary_Tr-pi_273.jpg,val,tumor,pituitary,Training/pituitary/Tr-pi_273.jpg,951bf968ca99ca54f82a0d6561fdc6f8,512,512
data\binary\val\no_tumor\notumor_Tr-no_303.jpg,val,no_tumor,notumor,Training/notumor/Tr-no_303.jpg,da1f6dc0235a585e6b719c3ad0977012,630,630
data\binary\val\tumor\pituitary_Tr-pi_50.jpg,val,tumor,pituitary,Training/pituitary/Tr-pi_50.jpg,d25254d5e73aff087eb32f8588ca9b4c,512,512
data\binary\val\no_tumor\notumor_Tr-no_350.jpg,val,no_tumor,notumor,Training/notumor/Tr-no_350.jpg,2fbb196a5602a19b707418bf5a1c56bf,225,225
data\binary\val\tumor\glioma_Tr-gl_980.jpg,val,tumor,glioma,Training/glioma/Tr-gl_980.jpg,f82959b189f388209908562799533e81,512,512
data\binary\val\no_tumor\notumor_Tr-no_884.jpg,val,no_tumor,notumor,Training/notumor/Tr-no_884.jpg,47413aa8d97afe63156ca0cd890628e2,208,248
data\binary\val\no_tumor\notumor_Tr-no_1.jpg,val,no_tumor,notumor,Training/notumor/Tr-no_1.jpg,bc77b5699966f57f079ea9cc34aaa863,201,251
data\binary\val\tumor\glioma_Tr-gl_905.jpg,val,tumor,glioma,Training/glioma/Tr-gl_905.jpg,d8d1da66821903d39dc2d09df77460db,512,512
data\binary\val\no_tumor\notumor_Tr-no_366.jpg,val,no_tumor,notumor,Training/notumor/Tr-no_366.jpg,9019bae22d5b28c30f75e148f9bbff1e,228,221
data\binary\val\tumor\glioma_Tr-gl_967.jpg,val,tumor,glioma,Training/glioma/Tr-gl_967.jpg,f5bb0f342cb36f5a6df151e7079cfff2,512,512
data\binary\val\no_tumor\notumor_Tr-no_686.jpg,val,no_tumor,notumor,Training/notumor/Tr-no_686.jpg,536683a3268a40e970d63d2a83f58c6e,504,488
data\binary\val\tumor\glioma_Tr-gl_316.jpg,val,tumor,glioma,Training/glioma/Tr-gl_316.jpg,6e90002a5b3f9856742fee6d39a143bf,512,512
data\binary\val\tumor\meningioma_Tr-me_1221.jpg,val,tumor,meningioma,Training/meningioma/Tr-me_1221.jpg,67102e3892e01311d68bd42a86dfd3b9,512,512
data\binary\val\tumor\glioma_Tr-gl_478.jpg,val,tumor,glioma,Training/glioma/Tr-gl_478.jpg,542987abaa56f76fe135de0789c31e48,512,512
data\binary\val\tumor\meningioma_Tr-me_256.jpg,val,tumor,meningioma,Training/meningioma/Tr-me_256.jpg,710afcbe1c8d11df172059d9ef94cb7a,512,512
data\binary\val\tumor\meningioma_Tr-me_758.jpg,val,tumor,meningioma,Training/meningioma/Tr-me_758.jpg,200f4278ce81be3b51d84df85c16ff1c,201,251
data\binary\val\tumor\pituitary_Tr-pi_675.jpg,val,tumor,pituitary,Training/pituitary/Tr-pi_675.jpg,65db25c3012313fe0e967588263bc887,512,512
data\binary\val\tumor\glioma_Tr-gl_1351.jpg,val,tumor,glioma,Training/glioma/Tr-gl_1351.jpg,b726430a21a07672193ca6d48ec6fda3,512,512
data\binary\val\no_tumor\notumor_Tr-no_1200.jpg,val,no_tumor,notumor,Training/notumor/Tr-no_1200.jpg,56d8cf7a35c0e1ce58bf9d77817c03d3,393,400
data\binary\val\tumor\pituitary_Tr-pi_1150.jpg,val,tumor,pituitary,Training/pituitary/Tr-pi_1150.jpg,69734cadea1d067a4e1350444788f1f7,512,512
data\binary\val\tumor\meningioma_Tr-me_536.jpg,val,tumor,meningioma,Training/meningioma/Tr-me_536.jpg,d1c0ea864fe21b94546ada7bd65e348a,512,512
data\binary\val\no_tumor\notumor_Tr-no_631.jpg,val,no_tumor,notumor,Training/notumor/Tr-no_631.jpg,6e7a2ddb031834c7d061977d0296f6b7,225,225
data\binary\val\tumor\pituitary_Tr-pi_412.jpg,val,tumor,pituitary,Training/pituitary/Tr-pi_412.jpg,2687ce6af07bb3a9b1a378a3b3352af1,512,512
data\binary\val\tumor\glioma_Tr-gl_320.jpg,val,tumor,glioma,Training/glioma/Tr-gl_320.jpg,28b3a5c367e93ba9e80b2faf773f2f41,512,512
data\binary\val\no_tumor\notumor_Tr-no_1363.jpg,val,no_tumor,notumor,Training/notumor/Tr-no_1363.jpg,0a9bed3130b077b3892bb79c159ffb43,208,242
data\binary\val\tumor\pituitary_Tr-pi_607.jpg,val,tumor,pituitary,Training/pituitary/Tr-pi_607.jpg,750a9de05c8969fac6482996f3fbfadc,512,512
data\binary\val\tumor\glioma_Tr-gl_1262.jpg,val,tumor,glioma,Training/glioma/Tr-gl_1262.jpg,5b01ca6e34dcbdae5c29605914c9782e,512,512
data\binary\val\tumor\pituitary_Tr-pi_301.jpg,val,tumor,pituitary,Training/pituitary/Tr-pi_301.jpg,f6414f0e2245d3c12a4270313e17b286,512,512
data\binary\val\tumor\glioma_Tr-gl_357.jpg,val,tumor,glioma,Training/glioma/Tr-gl_357.jpg,45ed58b58c9c13ef4cd0f752f1834c0c,512,512
data\binary\val\no_tumor\notumor_Tr-no_1397.jpg,val,no_tumor,notumor,Training/notumor/Tr-no_1397.jpg,c6aa58f0d3713e5aec0cf8b373ba02e5,411,496
data\binary\val\no_tumor\notumor_Tr-no_698.jpg,val,no_tumor,notumor,Training/notumor/Tr-no_698.jpg,cd055b6d7034c48351ea16440d65cfd6,236,260
data\binary\val\tumor\pituitary_Tr-pi_1289.jpg,val,tumor,pituitary,Training/pituitary/Tr-pi_1289.jpg,9dc60fda9bf2e7181526ac14d94a716f,512,512
data\binary\val\tumor\pituitary_Tr-pi_1334.jpg,val,tumor,pituitary,Training/pituitary/Tr-pi_1334.jpg,3575cd7cc8df80e23c54405e1a603c30,512,512
data\binary\val\tumor\glioma_Tr-gl_1108.jpg,val,tumor,glioma,Training/glioma/Tr-gl_1108.jpg,86bf090bd8d71e3d68d2abcf060a29e6,512,512
data\binary\val\tumor\pituitary_Tr-pi_733.jpg,val,tumor,pituitary,Training/pituitary/Tr-pi_733.jpg,f46d95e3b47b861da13083937c7f4301,512,512
data\binary\val\tumor\meningioma_Tr-me_25.jpg,val,tumor,meningioma,Training/meningioma/Tr-me_25.jpg,c310bd0ee4320af0be1b109295ca5188,512,512
data\binary\val\tumor\glioma_Tr-gl_777.jpg,val,tumor,glioma,Training/glioma/Tr-gl_777.jpg,655dfef8eada4225da03b47baa685689,512,512
data\binary\val\tumor\meningioma_Tr-me_797.jpg,val,tumor,meningioma,Training/meningioma/Tr-me_797.jpg,ba66e0983ed063c7accd4f6fb9be7120,512,512
data\binary\val\tumor\meningioma_Tr-me_599.jpg,val,tumor,meningioma,Training/meningioma/Tr-me_599.jpg,e37333b388d021a4c0253b1fa0a75c34,512,512
data\binary\val\tumor\pituitary_Tr-pi_13.jpg,val,tumor,pituitary,Training/pituitary/Tr-pi_13.jpg,e71ae7bbb3386646a1459e5ed4655c75,512,512
data\binary\val\tumor\meningioma_Tr-me_766.jpg,val,tumor,meningioma,Training/meningioma/Tr-me_766.jpg,9d60c96f76c3035e0060780a57c7c3f1,512,512
data\binary\val\no_tumor\notumor_Tr-no_611.jpg,val,no_tumor,notumor,Training/notumor/Tr-no_611.jpg,610228d7967b27c0eade9452a8677c6b,630,630
data\binary\val\tumor\pituitary_Tr-pi_210.jpg,val,tumor,pituitary,Training/pituitary/Tr-pi_210.jpg,5192cbd5c7ca564a9e7ee98752c391ee,512,512
data\binary\val\tumor\meningioma_Tr-me_1076.jpg,val,tumor,meningioma,Training/meningioma/Tr-me_1076.jpg,2dae9e677189b4e2471d61ee8222c447,512,512
data\binary\val\tumor\pituitary_Tr-pi_474.jpg,val,tumor,pituitary,Training/pituitary/Tr-pi_474.jpg,47a9438c7eb6cc684a13bca4b363346a,512,512
data\binary\val\tumor\pituitary_Tr-pi_488.jpg,val,tumor,pituitary,Training/pituitary/Tr-pi_488.jpg,2e6074938c4209cf9015dd05c6aa8326,512,512
data\binary\val\tumor\glioma_Tr-gl_10.jpg,val,tumor,glioma,Training/glioma/Tr-gl_10.jpg,3284bf3d5c27d6877020381a9c7fa8c9,512,512
data\binary\val\tumor\glioma_Tr-gl_453.jpg,val,tumor,glioma,Training/glioma/Tr-gl_453.jpg,0252b519888de9be022789c89fc23d1b,512,512
data\binary\val\tumor\meningioma_Tr-me_1202.jpg,val,tumor,meningioma,Training/meningioma/Tr-me_1202.jpg,a98ead0e00960ad58404491632b407f5,512,512
data\binary\val\tumor\meningioma_Tr-me_891.jpg,val,tumor,meningioma,Training/meningioma/Tr-me_891.jpg,6fb8955fe385eeb12d85e6b9b7c2c2bc,512,512
data\binary\val\tumor\meningioma_Tr-me_1087.jpg,val,tumor,meningioma,Training/meningioma/Tr-me_1087.jpg,af16cc79795e0ee4ce1e530ef222eaea,512,512
data\binary\val\tumor\pituitary_Tr-pi_1257.jpg,val,tumor,pituitary,Training/pituitary/Tr-pi_1257.jpg,8a46d6e74f880a82df895e9b14758e21,512,512
data\binary\val\tumor\pituitary_Tr-pi_529.jpg,val,tumor,pituitary,Training/pituitary/Tr-pi_529.jpg,73e70e2b35f369accf63632ad66a5fca,512,512
data\binary\val\tumor\glioma_Tr-gl_507.jpg,val,tumor,glioma,Training/glioma/Tr-gl_507.jpg,b5d7db0784d7bc46d525c5d17f5a29e0,512,512
data\binary\val\tumor\pituitary_Tr-pi_162.jpg,val,tumor,pituitary,Training/pituitary/Tr-pi_162.jpg,f72b79dc923211364acedb111f3c3f9d,512,512
data\binary\val\no_tumor\notumor_Tr-no_354.jpg,val,no_tumor,notumor,Training/notumor/Tr-no_354.jpg,3b6ef5512b42228d412c5247f9f53ff5,228,221
data\binary\val\tumor\glioma_Tr-gl_114.jpg,val,tumor,glioma,Training/glioma/Tr-gl_114.jpg,6d8e37951d4da5b3ed9c56c414e8a784,512,512
data\binary\val\tumor\meningioma_Tr-me_613.jpg,val,tumor,meningioma,Training/meningioma/Tr-me_613.jpg,c9049e3111fa38e95dbdb548fdc7b721,512,512
data\binary\val\tumor\meningioma_Tr-me_875.jpg,val,tumor,meningioma,Training/meningioma/Tr-me_875.jpg,a328d929ba436ca4c907c7357fd5df2d,512,512
data\binary\val\tumor\meningioma_Tr-me_1266.jpg,val,tumor,meningioma,Training/meningioma/Tr-me_1266.jpg,2c10726a171c82634d599783fe368862,512,512
data\binary\val\tumor\glioma_Tr-gl_737.jpg,val,tumor,glioma,Training/glioma/Tr-gl_737.jpg,7cfac01181875d27050a700d8fcf380c,512,512
data\binary\val\tumor\glioma_Tr-gl_395.jpg,val,tumor,glioma,Training/glioma/Tr-gl_395.jpg,f56106d2622db45e54201223b8d844e8,512,512
data\binary\val\tumor\meningioma_Tr-me_1060.jpg,val,tumor,meningioma,Training/meningioma/Tr-me_1060.jpg,1f527936508193b2577f19fe0df36323,512,512
data\binary\val\tumor\meningioma_Tr-me_426.jpg,val,tumor,meningioma,Training/meningioma/Tr-me_426.jpg,377b9820cbf564a6b96dab40c6d8ec96,512,512
data\binary\val\tumor\meningioma_Tr-me_919.jpg,val,tumor,meningioma,Training/meningioma/Tr-me_919.jpg,340d0504d254076350cfb39185a1fabd,512,512
data\binary\val\tumor\pituitary_Tr-pi_930.jpg,val,tumor,pituitary,Training/pituitary/Tr-pi_930.jpg,da37c230d56e8b50295e1919292a1ff5,512,512
data\binary\val\no_tumor\notumor_Tr-no_1358.jpg,val,no_tumor,notumor,Training/notumor/Tr-no_1358.jpg,51deaae698ce5ef826679a4b243219b1,550,664
data\binary\val\no_tumor\notumor_Tr-no_912.jpg,val,no_tumor,notumor,Training/notumor/Tr-no_912.jpg,d7d9c66e4d2c772d6900dcc443c840f0,1024,1024
data\binary\val\tumor\glioma_Tr-gl_712.jpg,val,tumor,glioma,Training/glioma/Tr-gl_712.jpg,742b39c931a375a3b56a778f6c33aca0,512,512
data\binary\val\tumor\pituitary_Tr-pi_1267.jpg,val,tumor,pituitary,Training/pituitary/Tr-pi_1267.jpg,51956bd278363d396d24dee6f63276f5,512,512
data\binary\val\no_tumor\notumor_Tr-no_225.jpg,val,no_tumor,notumor,Training/notumor/Tr-no_225.jpg,da5fc0ba9cc27144719fdc27d3a3cc11,225,225
data\binary\val\no_tumor\notumor_Tr-no_482.jpg,val,no_tumor,notumor,Training/notumor/Tr-no_482.jpg,2608f46aeb3065c5c7a2486baf99e6c1,421,486
data\binary\val\no_tumor\notumor_Tr-no_433.jpg,val,no_tumor,notumor,Training/notumor/Tr-no_433.jpg,bc7e75fa5d8cff54b445b79275272d54,630,630
data\binary\val\tumor\glioma_Tr-gl_271.jpg,val,tumor,glioma,Training/glioma/Tr-gl_271.jpg,62bd99fed476540904cdb2206cd5ce06,512,512
data\binary\val\tumor\pituitary_Tr-pi_1096.jpg,val,tumor,pituitary,Training/pituitary/Tr-pi_1096.jpg,6d626726516f781c78aa1f7ec58631c8,512,512
data\binary\val\tumor\pituitary_Tr-pi_845.jpg,val,tumor,pituitary,Training/pituitary/Tr-pi_845.jpg,27fde7830074fc1066fad80bba841333,512,512
data\binary\val\tumor\pituitary_Tr-pi_21.jpg,val,tumor,pituitary,Training/pituitary/Tr-pi_21.jpg,8b65e0c1349eb59e83ca06795050a8f2,512,512
data\binary\val\tumor\glioma_Tr-gl_165.jpg,val,tumor,glioma,Training/glioma/Tr-gl_165.jpg,a162187cd72e813cf49cc877ca5834a6,512,512
data\binary\val\tumor\meningioma_Tr-me_1140.jpg,val,tumor,meningioma,Training/meningioma/Tr-me_1140.jpg,87b00d50a3c1e0137e505a7f07bf0df8,512,512
data\binary\val\tumor\meningioma_Tr-me_6.jpg,val,tumor,meningioma,Training/meningioma/Tr-me_6.jpg,4a7a0241f329fd3a77e85af3c52277f4,512,512
data\binary\val\no_tumor\notumor_Tr-no_197.jpg,val,no_tumor,notumor,Training/notumor/Tr-no_197.jpg,2506c25a45d1377af6fbaf7d9d8c5c0a,206,244
data\binary\val\tumor\meningioma_Tr-me_196.jpg,val,tumor,meningioma,Training/meningioma/Tr-me_196.jpg,d9a0f60c35e2dff5d93a7ab19d51d47d,512,512
data\binary\val\tumor\meningioma_Tr-me_121.jpg,val,tumor,meningioma,Training/meningioma/Tr-me_121.jpg,c1879542ddaf5854c11b17a4b939da3c,512,512
data\binary\val\tumor\meningioma_Tr-me_1171.jpg,val,tumor,meningioma,Training/meningioma/Tr-me_1171.jpg,2e49f68fe9277a9963e0dcf664a16229,512,512
data\binary\val\tumor\pituitary_Tr-pi_1120.jpg,val,tumor,pituitary,Training/pituitary/Tr-pi_1120.jpg,1404fba6327f6ddfb03d80dfe2a2d838,512,512
data\binary\val\no_tumor\notumor_Tr-no_312.jpg,val,no_tumor,notumor,Training/notumor/Tr-no_312.jpg,73437eabee6b1ae4723b444c9271b2a5,214,236
data\binary\val\tumor\glioma_Tr-gl_428.jpg,val,tumor,glioma,Training/glioma/Tr-gl_428.jpg,b5ae1dab8799c6e32cb637afd747fe72,512,512
data\binary\val\no_tumor\notumor_Tr-no_1241.jpg,val,no_tumor,notumor,Training/notumor/Tr-no_1241.jpg,0172e7c662451af8f192e8349ead1d10,173,201
data\binary\val\no_tumor\notumor_Tr-no_191.jpg,val,no_tumor,notumor,Training/notumor/Tr-no_191.jpg,b6235bd2b7275a4f9113a217e08e1885,380,530
data\binary\val\tumor\pituitary_Tr-pi_911.jpg,val,tumor,pituitary,Training/pituitary/Tr-pi_911.jpg,b99cf9cde08554cd02396e894ec2f23f,512,512
data\binary\val\tumor\meningioma_Tr-me_909.jpg,val,tumor,meningioma,Training/meningioma/Tr-me_909.jpg,c955345cf8c1c369dfab192f723225b3,512,512
data\binary\val\tumor\glioma_Tr-gl_8.jpg,val,tumor,glioma,Training/glioma/Tr-gl_8.jpg,dc23ef2c935864862571da26847a0184,512,512
data\binary\val\tumor\glioma_Tr-gl_1284.jpg,val,tumor,glioma,Training/glioma/Tr-gl_1284.jpg,2e46fb3f8043d7242e8d4c3f4f6ef9e3,512,512
data\binary\val\tumor\pituitary_Tr-pi_205.jpg,val,tumor,pituitary,Training/pituitary/Tr-pi_205.jpg,e17042907ec6ff34d10ccf647bafd6c4,512,512
data\binary\val\tumor\meningioma_Tr-me_661.jpg,val,tumor,meningioma,Training/meningioma/Tr-me_661.jpg,09bd38f7c50e865d4220c345612089fb,225,225
data\binary\val\tumor\pituitary_Tr-pi_955.jpg,val,tumor,pituitary,Training/pituitary/Tr-pi_955.jpg,3152dac756505391188bf6cfb2bbda07,512,512
data\binary\val\tumor\glioma_Tr-gl_1179.jpg,val,tumor,glioma,Training/glioma/Tr-gl_1179.jpg,1d287609c73b16e66059e44dbb4ea522,512,512
data\binary\val\tumor\meningioma_Tr-me_1039.jpg,val,tumor,meningioma,Training/meningioma/Tr-me_1039.jpg,75741c5fb29fc7eeb7d3018378c020fb,512,512
data\binary\val\tumor\pituitary_Tr-pi_918.jpg,val,tumor,pituitary,Training/pituitary/Tr-pi_918.jpg,b46d4a2aa009700927797fcb02d1adc3,512,512
data\binary\val\tumor\glioma_Tr-gl_964.jpg,val,tumor,glioma,Training/glioma/Tr-gl_964.jpg,768680543f065fea28db97da620880ad,512,512
data\binary\val\tumor\pituitary_Tr-pi_1212.jpg,val,tumor,pituitary,Training/pituitary/Tr-pi_1212.jpg,fa9e3c7b9e7b6d1623a8840c0d4d3ad3,512,512
data\binary\val\no_tumor\notumor_Tr-no_551.jpg,val,no_tumor,notumor,Training/notumor/Tr-no_551.jpg,75e36bb4b78541fa7070b5dbc17a3acd,227,222
data\binary\val\tumor\glioma_Tr-gl_509.jpg,val,tumor,glioma,Training/glioma/Tr-gl_509.jpg,64380c57440ccd137c6030a2d2804755,512,512
data\binary\val\tumor\pituitary_Tr-pi_1100.jpg,val,tumor,pituitary,Training/pituitary/Tr-pi_1100.jpg,4fc28a49b2fe045a07261215df81918e,512,512
data\binary\val\tumor\glioma_Tr-gl_685.jpg,val,tumor,glioma,Training/glioma/Tr-gl_685.jpg,f3b2d5414ab865abe927878166b5cedf,512,512
data\binary\val\no_tumor\notumor_Tr-no_95.jpg,val,no_tumor,notumor,Training/notumor/Tr-no_95.jpg,b7b02ec6477248657f6a2718f3541495,225,225
data\binary\val\tumor\meningioma_Tr-me_1251.jpg,val,tumor,meningioma,Training/meningioma/Tr-me_1251.jpg,19599b466c2de0fcf3c3308e6cbba9de,512,512
data\binary\val\tumor\pituitary_Tr-pi_242.jpg,val,tumor,pituitary,Training/pituitary/Tr-pi_242.jpg,f2d3bf8bfa7c7377598e5361f9252080,512,512
data\binary\val\tumor\pituitary_Tr-pi_542.jpg,val,tumor,pituitary,Training/pituitary/Tr-pi_542.jpg,37467cc9d034a9213e185a0790a0a6b3,225,225
data\binary\val\tumor\glioma_Tr-gl_824.jpg,val,tumor,glioma,Training/glioma/Tr-gl_824.jpg,230a4fcaa1d0ec811856efabc1813da4,512,512
data\binary\val\tumor\pituitary_Tr-pi_1176.jpg,val,tumor,pituitary,Training/pituitary/Tr-pi_1176.jpg,dae956b8593298f240e2626abe856de9,512,512
data\binary\val\no_tumor\notumor_Tr-no_282.jpg,val,no_tumor,notumor,Training/notumor/Tr-no_282.jpg,06918f190df4f021470c0d636b30cee5,550,664
data\binary\val\tumor\pituitary_Tr-pi_834.jpg,val,tumor,pituitary,Training/pituitary/Tr-pi_834.jpg,0cc3096dcf5eacfab0ce71258a9cef6c,512,512
data\binary\val\tumor\pituitary_Tr-pi_533.jpg,val,tumor,pituitary,Training/pituitary/Tr-pi_533.jpg,0174189eb63b6f373dcf0cb6881d9b76,512,512
data\binary\val\tumor\meningioma_Tr-me_1282.jpg,val,tumor,meningioma,Training/meningioma/Tr-me_1282.jpg,414159e7f2f9959e3d57abe139c9e5c3,480,480
data\binary\val\no_tumor\notumor_Tr-no_153.jpg,val,no_tumor,notumor,Training/notumor/Tr-no_153.jpg,ac721778aa23419cfae74c8fabd34ac7,225,225
data\binary\val\tumor\pituitary_Tr-pi_180.jpg,val,tumor,pituitary,Training/pituitary/Tr-pi_180.jpg,796b9c7a43b02d8342fbf6251c56fc0e,512,512
data\binary\val\tumor\meningioma_Tr-me_464.jpg,val,tumor,meningioma,Training/meningioma/Tr-me_464.jpg,e9fe1389c9e1e80933dffe5f2420dbe4,591,650
data\binary\val\tumor\glioma_Tr-gl_818.jpg,val,tumor,glioma,Training/glioma/Tr-gl_818.jpg,2aae8c0877c9f270705088e344b4e2f4,512,512
data\binary\val\tumor\glioma_Tr-gl_1169.jpg,val,tumor,glioma,Training/glioma/Tr-gl_1169.jpg,38856ac9f0383a560e00f7d49c5dffa0,512,512
data\binary\val\tumor\meningioma_Tr-me_364.jpg,val,tumor,meningioma,Training/meningioma/Tr-me_364.jpg,bd33cf5f77468f56dd88ec81a73a2543,512,512
data\binary\val\tumor\pituitary_Tr-pi_328.jpg,val,tumor,pituitary,Training/pituitary/Tr-pi_328.jpg,790cb427a58b2f112e686cfb9ba2a33e,512,512
data\binary\val\tumor\glioma_Tr-gl_463.jpg,val,tumor,glioma,Training/glioma/Tr-gl_463.jpg,061d85aae9bf11fcc368152ea9b7925e,512,512
data\binary\val\tumor\meningioma_Tr-me_15.jpg,val,tumor,meningioma,Training/meningioma/Tr-me_15.jpg,bcbaccdcdf5fab739212f50c89d06824,512,512
data\binary\val\tumor\glioma_Tr-gl_697.jpg,val,tumor,glioma,Training/glioma/Tr-gl_697.jpg,14fbeefc32e6ec24062e8ed3e340daa9,512,512
data\binary\val\no_tumor\notumor_Tr-no_595.jpg,val,no_tumor,notumor,Training/notumor/Tr-no_595.jpg,8b4b5c62f084ff63f9a28175bec42b4b,201,251
data\binary\val\tumor\glioma_Tr-gl_1017.jpg,val,tumor,glioma,Training/glioma/Tr-gl_1017.jpg,8a3cdc6cc01bd40723b949aa0c1efed9,512,512
data\binary\val\tumor\pituitary_Tr-pi_742.jpg,val,tumor,pituitary,Training/pituitary/Tr-pi_742.jpg,faf6112459e30a532b28ee70bb07599c,512,512
data\binary\val\tumor\glioma_Tr-gl_239.jpg,val,tumor,glioma,Training/glioma/Tr-gl_239.jpg,2e32c1e1d4cdf250709f351420688996,512,512
data\binary\val\tumor\meningioma_Tr-me_1249.jpg,val,tumor,meningioma,Training/meningioma/Tr-me_1249.jpg,28288e89575a009d245c575d2c031731,211,239
data\binary\val\tumor\meningioma_Tr-me_1147.jpg,val,tumor,meningioma,Training/meningioma/Tr-me_1147.jpg,f1ae1a4a4f1d7c5a9ac8bf1a1b4e7207,512,512
data\binary\val\no_tumor\notumor_Tr-no_970.jpg,val,no_tumor,notumor,Training/notumor/Tr-no_970.jpg,51a5e95616d54cea8a38a54e0dbbb73b,236,236
data\binary\val\tumor\meningioma_Tr-me_108.jpg,val,tumor,meningioma,Training/meningioma/Tr-me_108.jpg,64b65481ced9a71ebe5a3cb3ebbe71a8,512,512
data\binary\val\tumor\meningioma_Tr-me_208.jpg,val,tumor,meningioma,Training/meningioma/Tr-me_208.jpg,72add5b23db95cd3c8905814eb18b76c,512,512
data\binary\val\tumor\meningioma_Tr-me_873.jpg,val,tumor,meningioma,Training/meningioma/Tr-me_873.jpg,b4c5d04d2093c702cfeeae4aef7b6214,512,512
data\binary\val\tumor\meningioma_Tr-me_800.jpg,val,tumor,meningioma,Training/meningioma/Tr-me_800.jpg,5575f2ac7618f715d2ef3f0b4ce004bb,512,512
data\binary\val\tumor\pituitary_Tr-pi_1206.jpg,val,tumor,pituitary,Training/pituitary/Tr-pi_1206.jpg,6133a9d86ea885865759f3250be2c78c,512,512
data\binary\val\tumor\meningioma_Tr-me_1257.jpg,val,tumor,meningioma,Training/meningioma/Tr-me_1257.jpg,0ca2b26025051cf78626f3327ed61220,512,512
data\binary\val\tumor\glioma_Tr-gl_1264.jpg,val,tumor,glioma,Training/glioma/Tr-gl_1264.jpg,1bdbb6d2532fa72fcb11f8da0420f212,512,512
data\binary\val\tumor\glioma_Tr-gl_178.jpg,val,tumor,glioma,Training/glioma/Tr-gl_178.jpg,479653edf4f4242ddfc7c8bb047fc36c,512,512
data\binary\val\tumor\meningioma_Tr-me_989.jpg,val,tumor,meningioma,Training/meningioma/Tr-me_989.jpg,c43441371b6770c03a5a4fe7663f28b5,512,512
data\binary\val\no_tumor\notumor_Tr-no_27.jpg,val,no_tumor,notumor,Training/notumor/Tr-no_27.jpg,d702b168018233bc60b1407368f448ad,177,197
data\binary\val\tumor\pituitary_Tr-pi_445.jpg,val,tumor,pituitary,Training/pituitary/Tr-pi_445.jpg,2e1c834554bf466c0cb1b752532de538,512,512
data\binary\val\tumor\glioma_Tr-gl_512.jpg,val,tumor,glioma,Training/glioma/Tr-gl_512.jpg,baccdd9d1978bbad46b13a43fbbe9cc0,512,512
data\binary\val\tumor\pituitary_Tr-pi_473.jpg,val,tumor,pituitary,Training/pituitary/Tr-pi_473.jpg,74b7c8ec1bb6d4ae01fde0779ff4e32c,512,512
data\binary\val\tumor\meningioma_Tr-me_821.jpg,val,tumor,meningioma,Training/meningioma/Tr-me_821.jpg,e7561f9bfe23cdb0f6748b8ebb7a4fc2,512,512
data\binary\val\tumor\glioma_Tr-gl_68.jpg,val,tumor,glioma,Training/glioma/Tr-gl_68.jpg,ca0d6da297cfc274f7aef2ee475f0806,512,512
data\binary\val\no_tumor\notumor_Tr-no_1283.jpg,val,no_tumor,notumor,Training/notumor/Tr-no_1283.jpg,87e3454030fc6d077711f14b9f450119,630,630
data\binary\val\tumor\glioma_Tr-gl_894.jpg,val,tumor,glioma,Training/glioma/Tr-gl_894.jpg,499d7a682b9ad9fa0d9370eeedb6d21b,512,512
data\binary\val\tumor\meningioma_Tr-me_1231.jpg,val,tumor,meningioma,Training/meningioma/Tr-me_1231.jpg,a60842f852d4f2d038f0afa86638ab36,512,512
data\binary\val\no_tumor\notumor_Tr-no_57.jpg,val,no_tumor,notumor,Training/notumor/Tr-no_57.jpg,86c1457eb0cec6fd05353d9fb6215370,201,251
data\binary\val\tumor\pituitary_Tr-pi_199.jpg,val,tumor,pituitary,Training/pituitary/Tr-pi_199.jpg,7912950ce96728c38ce5ac89b5b11bfc,512,512
data\binary\val\tumor\meningioma_Tr-me_1010.jpg,val,tumor,meningioma,Training/meningioma/Tr-me_1010.jpg,0996ef5a1317d1b27fa4e3db0a9c43dc,512,512
data\binary\val\tumor\pituitary_Tr-pi_755.jpg,val,tumor,pituitary,Training/pituitary/Tr-pi_755.jpg,1c6dc8ee56d049fb9abdd815884353e5,512,512
data\binary\val\no_tumor\notumor_Tr-no_489.jpg,val,no_tumor,notumor,Training/notumor/Tr-no_489.jpg,a83d2926ffcf0eeae9da3599bc3cf72c,228,221
data\binary\val\no_tumor\notumor_Tr-no_193.jpg,val,no_tumor,notumor,Training/notumor/Tr-no_193.jpg,d63904bd7e22b46b6d143e3f0b5453da,192,192
data\binary\val\tumor\pituitary_Tr-pi_1354.jpg,val,tumor,pituitary,Training/pituitary/Tr-pi_1354.jpg,bf740a9d66fdc6fcbdde086f550d89e2,512,512
data\binary\val\tumor\glioma_Tr-gl_1167.jpg,val,tumor,glioma,Training/glioma/Tr-gl_1167.jpg,e0450c41f98d2a38895bad6d598dc7f0,512,512
data\binary\val\no_tumor\notumor_Tr-no_635.jpg,val,no_tumor,notumor,Training/notumor/Tr-no_635.jpg,a30745a6072cdd29bb873243e7a81bf3,225,225
data\binary\val\tumor\pituitary_Tr-pi_1192.jpg,val,tumor,pituitary,Training/pituitary/Tr-pi_1192.jpg,b5e66a74ec492be497f59a08e2450ba6,512,512
data\binary\val\tumor\glioma_Tr-gl_899.jpg,val,tumor,glioma,Training/glioma/Tr-gl_899.jpg,30f60d1b212f1d52ab5952252f5e0583,512,512
data\binary\val\tumor\pituitary_Tr-pi_510.jpg,val,tumor,pituitary,Training/pituitary/Tr-pi_510.jpg,463164f59ff5c6ca30e7edb6cadd199c,512,512
data\binary\val\tumor\pituitary_Tr-pi_234.jpg,val,tumor,pituitary,Training/pituitary/Tr-pi_234.jpg,afee890067211fcce7951ab45be147bc,512,512
data\binary\val\tumor\glioma_Tr-gl_495.jpg,val,tumor,glioma,Training/glioma/Tr-gl_495.jpg,a902e08efba2222689c50d47a52aa602,512,512
data\binary\val\tumor\meningioma_Tr-me_765.jpg,val,tumor,meningioma,Training/meningioma/Tr-me_765.jpg,763d7bd3e6d10ac420f4a632ed1a870e,512,512
data\binary\val\tumor\meningioma_Tr-aug-me_22.jpg,val,tumor,meningioma,Training/meningioma/Tr-aug-me_22.jpg,318dee23f9157cd1a5ac09394ccaecdd,512,512
data\binary\val\tumor\pituitary_Tr-pi_168.jpg,val,tumor,pituitary,Training/pituitary/Tr-pi_168.jpg,a5a784533eafd8af1bb42d671c3bd6e3,512,512
data\binary\val\tumor\meningioma_Tr-me_507.jpg,val,tumor,meningioma,Training/meningioma/Tr-me_507.jpg,a7b9a22bfb35115b4326750bc94682d8,512,512
data\binary\val\tumor\pituitary_Tr-pi_676.jpg,val,tumor,pituitary,Training/pituitary/Tr-pi_676.jpg,a56b1412b28b6e5e5ae673836c2d743c,512,512
data\binary\val\tumor\glioma_Tr-gl_997.jpg,val,tumor,glioma,Training/glioma/Tr-gl_997.jpg,45c85d07f5ea6f8f8c074608ec9f31f6,512,512
data\binary\val\tumor\pituitary_Tr-pi_343.jpg,val,tumor,pituitary,Training/pituitary/Tr-pi_343.jpg,9965f31f00ced76942dd4884d277e1a0,512,512
data\binary\val\tumor\glioma_Tr-gl_932.jpg,val,tumor,glioma,Training/glioma/Tr-gl_932.jpg,de0c987eb87c9eb8628ee51e09248ccf,512,512
data\binary\val\tumor\meningioma_Tr-me_13.jpg,val,tumor,meningioma,Training/meningioma/Tr-me_13.jpg,26f174da324fb69510f72eafa3969a33,512,512
data\binary\val\tumor\meningioma_Tr-me_780.jpg,val,tumor,meningioma,Training/meningioma/Tr-me_780.jpg,07bb7dd186d9c55d7aa73b579beb6811,512,512
data\binary\val\tumor\pituitary_Tr-pi_778.jpg,val,tumor,pituitary,Training/pituitary/Tr-pi_778.jpg,b97fff98e32a50d87dd2a0fbb33379d7,512,512
data\binary\val\tumor\pituitary_Tr-pi_501.jpg,val,tumor,pituitary,Training/pituitary/Tr-pi_501.jpg,965cb0c68f6753be2b26069709e81744,512,512
data\binary\val\tumor\glioma_Tr-gl_436.jpg,val,tumor,glioma,Training/glioma/Tr-gl_436.jpg,ed340abc48a92b026eba8a11364f2ba3,512,512
data\binary\val\tumor\meningioma_Tr-me_416.jpg,val,tumor,meningioma,Training/meningioma/Tr-me_416.jpg,cd1a5497cb652e241bb888887a95652a,512,512
data\binary\val\tumor\meningioma_Tr-me_1203.jpg,val,tumor,meningioma,Training/meningioma/Tr-me_1203.jpg,6ea4e2fcc69e8394ce34c8256cabe049,512,512
data\binary\val\tumor\glioma_Tr-gl_1034.jpg,val,tumor,glioma,Training/glioma/Tr-gl_1034.jpg,888b3d251473dfa83982123d411932e4,512,512
data\binary\val\tumor\glioma_Tr-gl_155.jpg,val,tumor,glioma,Training/glioma/Tr-gl_155.jpg,0cabe731b954062c03bd257517477026,512,512
data\binary\val\tumor\pituitary_Tr-pi_810.jpg,val,tumor,pituitary,Training/pituitary/Tr-pi_810.jpg,7ada963d0bed1422db9a051c63682bfe,256,256
data\binary\val\tumor\meningioma_Tr-me_314.jpg,val,tumor,meningioma,Training/meningioma/Tr-me_314.jpg,305cfe4edd44780f241e91611b8de8b0,512,512
data\binary\val\tumor\glioma_Tr-gl_1344.jpg,val,tumor,glioma,Training/glioma/Tr-gl_1344.jpg,51ad04072e5f94ec9fee3af2f42cc9ab,512,512
data\binary\val\tumor\glioma_Tr-gl_456.jpg,val,tumor,glioma,Training/glioma/Tr-gl_456.jpg,578f5db9948738974fe19431b32a4b8b,512,512
data\binary\val\no_tumor\notumor_Tr-no_644.jpg,val,no_tumor,notumor,Training/notumor/Tr-no_644.jpg,927035e3e5deaa90414d1219e3b37b64,200,252
data\binary\val\tumor\pituitary_Tr-pi_305.jpg,val,tumor,pituitary,Training/pituitary/Tr-pi_305.jpg,80af9489f127f846cd6c7deb9acfff36,512,512
data\binary\val\tumor\glioma_Tr-gl_113.jpg,val,tumor,glioma,Training/glioma/Tr-gl_113.jpg,064a5d15b173c07d08d57d37297dc5ab,512,512
data\binary\val\tumor\meningioma_Tr-me_1097.jpg,val,tumor,meningioma,Training/meningioma/Tr-me_1097.jpg,debf7d6f5caa924046b4e7af0d6f31e6,512,512
data\binary\val\tumor\meningioma_Tr-me_513.jpg,val,tumor,meningioma,Training/meningioma/Tr-me_513.jpg,40c6018b2375244a2dcb798b718e2bf4,512,512
data\binary\val\tumor\meningioma_Tr-me_999.jpg,val,tumor,meningioma,Training/meningioma/Tr-me_999.jpg,63812df2f50cf71fc8c0d91ac0c74410,512,512
data\binary\val\tumor\meningioma_Tr-me_350.jpg,val,tumor,meningioma,Training/meningioma/Tr-me_350.jpg,0ed14a4bf5d6d2e73841983d7288acc6,512,512
data\binary\val\tumor\meningioma_Tr-me_1128.jpg,val,tumor,meningioma,Training/meningioma/Tr-me_1128.jpg,5c38dd101460d4ba0c861074ec24c025,512,512
data\binary\val\tumor\glioma_Tr-gl_1080.jpg,val,tumor,glioma,Training/glioma/Tr-gl_1080.jpg,e6281ab182d92e3da6a64567b2f18e7e,512,512
data\binary\val\no_tumor\notumor_Tr-no_807.jpg,val,no_tumor,notumor,Training/notumor/Tr-no_807.jpg,e32eb1f0607fdfc71cc1f9d22487559b,232,217
data\binary\val\tumor\pituitary_Tr-pi_671.jpg,val,tumor,pituitary,Training/pituitary/Tr-pi_671.jpg,ca7257f3e174eebbd22f9a649e65e2c5,512,512
data\binary\val\no_tumor\notumor_Tr-no_882.jpg,val,no_tumor,notumor,Training/notumor/Tr-no_882.jpg,4bd4119de88ed218a00e207b45ea84c3,207,243
data\binary\val\tumor\meningioma_Tr-me_27.jpg,val,tumor,meningioma,Training/meningioma/Tr-me_27.jpg,1cb678ad9d0b5e77ee0fdf8378813c3f,512,512
data\binary\val\tumor\meningioma_Tr-me_921.jpg,val,tumor,meningioma,Training/meningioma/Tr-me_921.jpg,2d4ceb86bdc017e22436737436861dcc,512,512
data\binary\val\tumor\glioma_Tr-gl_657.jpg,val,tumor,glioma,Training/glioma/Tr-gl_657.jpg,80a26f1964fd633f4b0edd123b225fdd,512,512
data\binary\val\tumor\meningioma_Tr-aug-me_57.jpg,val,tumor,meningioma,Training/meningioma/Tr-aug-me_57.jpg,8a98ec0ef8a6fce3ce0a17704e3f9177,512,512
data\binary\val\tumor\pituitary_Tr-pi_1231.jpg,val,tumor,pituitary,Training/pituitary/Tr-pi_1231.jpg,8eff79f4cbfa690ca5e0bf96c8b6928a,512,512
data\binary\val\tumor\glioma_Tr-gl_1183.jpg,val,tumor,glioma,Training/glioma/Tr-gl_1183.jpg,1e0ec51723c260a8b11677d4e3a259bd,512,512
data\binary\val\tumor\pituitary_Tr-pi_1012.jpg,val,tumor,pituitary,Training/pituitary/Tr-pi_1012.jpg,3d6c535bd7b6dc68fc163e67c7932828,512,512
data\binary\val\tumor\pituitary_Tr-pi_331.jpg,val,tumor,pituitary,Training/pituitary/Tr-pi_331.jpg,205060dc7b00b7badf2d42088ce66011,512,512
data\binary\val\tumor\pituitary_Tr-pi_1236.jpg,val,tumor,pituitary,Training/pituitary/Tr-pi_1236.jpg,b0f906af4030b88ce84fcd238f486086,512,512
data\binary\val\tumor\glioma_Tr-gl_1200.jpg,val,tumor,glioma,Training/glioma/Tr-gl_1200.jpg,80c5e8d0700d566a609365414c7dbc3f,512,512
data\binary\val\tumor\glioma_Tr-gl_353.jpg,val,tumor,glioma,Training/glioma/Tr-gl_353.jpg,842f70d6342e1c3ec373bdfed0ed42e8,512,512
data\binary\val\tumor\pituitary_Tr-pi_757.jpg,val,tumor,pituitary,Training/pituitary/Tr-pi_757.jpg,be89ca0a4d1fe5c25f76865de4d50c33,512,512
data\binary\val\tumor\meningioma_Tr-me_167.jpg,val,tumor,meningioma,Training/meningioma/Tr-me_167.jpg,03ed7aa5155e3b6bbf657de60514ada8,416,395
data\binary\val\tumor\pituitary_Tr-pi_1195.jpg,val,tumor,pituitary,Training/pituitary/Tr-pi_1195.jpg,38a61cb73d628ea66cf20b40c5fb9aed,512,512
data\binary\val\tumor\pituitary_Tr-pi_865.jpg,val,tumor,pituitary,Training/pituitary/Tr-pi_865.jpg,84873298f87b3d7c90ade57d01d48e34,512,512
data\binary\val\tumor\meningioma_Tr-me_348.jpg,val,tumor,meningioma,Training/meningioma/Tr-me_348.jpg,94fe1f3af6a7254882a7017260df2684,512,512
data\binary\val\tumor\pituitary_Tr-pi_1291.jpg,val,tumor,pituitary,Training/pituitary/Tr-pi_1291.jpg,3a56a764e142878e8b335117faafe621,512,512
data\binary\val\tumor\pituitary_Tr-pi_499.jpg,val,tumor,pituitary,Training/pituitary/Tr-pi_499.jpg,764120ebfe1f88d65fed8ca01f7f8e88,512,512
data\binary\val\no_tumor\notumor_Tr-no_1247.jpg,val,no_tumor,notumor,Training/notumor/Tr-no_1247.jpg,9b87e110859c001e0683c3b049316858,225,225
data\binary\val\no_tumor\notumor_Tr-no_721.jpg,val,no_tumor,notumor,Training/notumor/Tr-no_721.jpg,43a7b114cc14ecb127e3feb427e8a2dc,225,225
data\binary\val\tumor\meningioma_Tr-me_460.jpg,val,tumor,meningioma,Training/meningioma/Tr-me_460.jpg,9d4062029c63399121d87ab8be36e902,512,512
data\binary\val\tumor\meningioma_Tr-me_1259.jpg,val,tumor,meningioma,Training/meningioma/Tr-me_1259.jpg,b3c18af7f88aa07cc66f25ced71218d3,512,512
data\binary\val\tumor\meningioma_Tr-aug-me_41.jpg,val,tumor,meningioma,Training/meningioma/Tr-aug-me_41.jpg,d0709dcc6562b44e05fe2ec8595634bc,512,512
data\binary\val\no_tumor\notumor_Tr-no_1116.jpg,val,no_tumor,notumor,Training/notumor/Tr-no_1116.jpg,80d39b41bbf882e40950c35a81d9fba3,393,400
data\binary\val\tumor\glioma_Tr-gl_793.jpg,val,tumor,glioma,Training/glioma/Tr-gl_793.jpg,6ac1fcadb3ada577b281905f878f152a,512,512
data\binary\val\tumor\pituitary_Tr-pi_479.jpg,val,tumor,pituitary,Training/pituitary/Tr-pi_479.jpg,6c9b1a041f37529274dcd923d3045c1e,512,512
data\binary\val\tumor\glioma_Tr-gl_938.jpg,val,tumor,glioma,Training/glioma/Tr-gl_938.jpg,703e9435514800cdcdad440ef2206ca7,512,512
data\binary\val\no_tumor\notumor_Tr-no_797.jpg,val,no_tumor,notumor,Training/notumor/Tr-no_797.jpg,db8aba4a5df982db4387cbe8b7ec0e6e,630,630
data\binary\val\tumor\meningioma_Tr-me_273.jpg,val,tumor,meningioma,Training/meningioma/Tr-me_273.jpg,428a4407d53376ec2a2a9f731f0c8791,512,512
data\binary\val\tumor\pituitary_Tr-pi_1355.jpg,val,tumor,pituitary,Training/pituitary/Tr-pi_1355.jpg,a81d27e74c9ded89c75a3dc57eca2662,512,512
data\binary\val\tumor\glioma_Tr-gl_1345.jpg,val,tumor,glioma,Training/glioma/Tr-gl_1345.jpg,fbb86336b528d5186f8b752d9a1c89ca,512,512
data\binary\val\tumor\pituitary_Tr-pi_646.jpg,val,tumor,pituitary,Training/pituitary/Tr-pi_646.jpg,d52ddc6182d9646b406d3dbdf913eb8f,512,512
data\binary\val\tumor\pituitary_Tr-pi_434.jpg,val,tumor,pituitary,Training/pituitary/Tr-pi_434.jpg,400b026a273252f4d3c46ce5db961ce5,512,512
data\binary\val\no_tumor\notumor_Tr-no_960.jpg,val,no_tumor,notumor,Training/notumor/Tr-no_960.jpg,4c9e077bed70122f42f112431db556b2,177,197
data\binary\val\no_tumor\notumor_Tr-no_213.jpg,val,no_tumor,notumor,Training/notumor/Tr-no_213.jpg,16a3efd686e5518d8c2dfb0ccd85d2b8,173,201
data\binary\val\tumor\pituitary_Tr-pi_932.jpg,val,tumor,pituitary,Training/pituitary/Tr-pi_932.jpg,7a645e109f71c179017ad4c36b7020a4,512,512
data\binary\val\no_tumor\notumor_Tr-no_469.jpg,val,no_tumor,notumor,Training/notumor/Tr-no_469.jpg,2a8d44e3bcaaa7429c99e8af2a6fd934,428,417
data\binary\val\no_tumor\notumor_Tr-no_173.jpg,val,no_tumor,notumor,Training/notumor/Tr-no_173.jpg,c03743fd455214695410b07a45445df6,210,234
data\binary\val\tumor\glioma_Tr-gl_1225.jpg,val,tumor,glioma,Training/glioma/Tr-gl_1225.jpg,df640b0ddcca12cf28668c418bed33aa,512,512
data\binary\val\tumor\pituitary_Tr-pi_816.jpg,val,tumor,pituitary,Training/pituitary/Tr-pi_816.jpg,48a4bb491885b72be52a734fb39ec57a,512,512
data\binary\val\tumor\meningioma_Tr-me_709.jpg,val,tumor,meningioma,Training/meningioma/Tr-me_709.jpg,c7be046e697a720f76932842c45f4832,512,512
data\binary\val\no_tumor\notumor_Tr-no_167.jpg,val,no_tumor,notumor,Training/notumor/Tr-no_167.jpg,35136c80edf569bed6960e8db1d6f6bd,225,225
data\binary\val\no_tumor\notumor_Tr-no_1202.jpg,val,no_tumor,notumor,Training/notumor/Tr-no_1202.jpg,548e33ed869f17e827138225845df8e2,173,201
data\binary\val\no_tumor\notumor_Tr-no_114.jpg,val,no_tumor,notumor,Training/notumor/Tr-no_114.jpg,a979991c24980be5b4369ab4eb330885,228,221
data\binary\val\tumor\glioma_Tr-gl_134.jpg,val,tumor,glioma,Training/glioma/Tr-gl_134.jpg,d83a7284c900e17366a2eb77c176b5c5,512,512
data\binary\val\tumor\meningioma_Tr-me_1027.jpg,val,tumor,meningioma,Training/meningioma/Tr-me_1027.jpg,ae0bab7a51d961ac076cac7677d41310,512,512
data\binary\val\no_tumor\notumor_Tr-no_267.jpg,val,no_tumor,notumor,Training/notumor/Tr-no_267.jpg,43c78211c6e1a083d7107c12bfb2d76a,225,225
data\binary\val\no_tumor\notumor_Tr-no_1020.jpg,val,no_tumor,notumor,Training/notumor/Tr-no_1020.jpg,2f35b768985c28a9db52a8885761ef1d,262,244
data\binary\val\tumor\meningioma_Tr-me_770.jpg,val,tumor,meningioma,Training/meningioma/Tr-me_770.jpg,5b1466a269e45a3a12dbe3fffa5993e4,512,512
data\binary\val\tumor\glioma_Tr-gl_60.jpg,val,tumor,glioma,Training/glioma/Tr-gl_60.jpg,21138193142f10b3040f29957410697f,512,512
data\binary\val\tumor\meningioma_Tr-me_1109.jpg,val,tumor,meningioma,Training/meningioma/Tr-me_1109.jpg,f9a2e62e781ac29910e8fc1805eb6ef6,512,512
data\binary\val\tumor\meningioma_Tr-me_968.jpg,val,tumor,meningioma,Training/meningioma/Tr-me_968.jpg,049eac76a0f55ec90c607bbd0d2db33b,512,512
data\binary\val\tumor\glioma_Tr-gl_386.jpg,val,tumor,glioma,Training/glioma/Tr-gl_386.jpg,0cda52f4c6c167f78326cacd34ce8974,512,512
data\binary\val\tumor\pituitary_Tr-pi_1328.jpg,val,tumor,pituitary,Training/pituitary/Tr-pi_1328.jpg,b33d4fa77291be18e9872626161f6427,512,512
data\binary\val\tumor\meningioma_Tr-me_540.jpg,val,tumor,meningioma,Training/meningioma/Tr-me_540.jpg,f2b9817c0424c944cc041d46e8546883,512,512
data\binary\val\tumor\glioma_Tr-gl_755.jpg,val,tumor,glioma,Training/glioma/Tr-gl_755.jpg,102fac7b189a8b593c337c981b232dde,512,512
data\binary\val\tumor\glioma_Tr-gl_634.jpg,val,tumor,glioma,Training/glioma/Tr-gl_634.jpg,1778e50cbd86c50909ceb53de9ad30b8,512,512
data\binary\val\tumor\glioma_Tr-gl_942.jpg,val,tumor,glioma,Training/glioma/Tr-gl_942.jpg,341754e6f90e17203773924584ca70bf,512,512
data\binary\val\tumor\pituitary_Tr-pi_706.jpg,val,tumor,pituitary,Training/pituitary/Tr-pi_706.jpg,c3d9801bba9cb823773f18d803b269b7,512,512
data\binary\val\tumor\pituitary_Tr-pi_1042.jpg,val,tumor,pituitary,Training/pituitary/Tr-pi_1042.jpg,96db9d1c9fd4d343fac3223958c794a6,512,512
data\binary\val\tumor\meningioma_Tr-me_674.jpg,val,tumor,meningioma,Training/meningioma/Tr-me_674.jpg,325457ee3de8de4d6c6b845c2dd253ee,512,512
data\binary\val\tumor\meningioma_Tr-me_149.jpg,val,tumor,meningioma,Training/meningioma/Tr-me_149.jpg,182536b9cabf118b26e2b99c8c705610,512,512
data\binary\val\tumor\meningioma_Tr-me_887.jpg,val,tumor,meningioma,Training/meningioma/Tr-me_887.jpg,ac890e68f4f32a72b5a03cbdb6232d72,512,512
data\binary\val\tumor\glioma_Tr-gl_1180.jpg,val,tumor,glioma,Training/glioma/Tr-gl_1180.jpg,dd98e0cc29432ecd45c8197c79c3eeaf,512,512
data\binary\val\no_tumor\notumor_Tr-no_1377.jpg,val,no_tumor,notumor,Training/notumor/Tr-no_1377.jpg,291c63c1a39ff4e4f8991d3cbd0584e8,201,251
data\binary\val\no_tumor\notumor_Tr-no_585.jpg,val,no_tumor,notumor,Training/notumor/Tr-no_585.jpg,2393c9bad06d58125406dc92306ffe0c,227,222
data\binary\val\tumor\glioma_Tr-gl_813.jpg,val,tumor,glioma,Training/glioma/Tr-gl_813.jpg,8877bc54e2d170b015cdfdc115531931,512,512
data\binary\val\tumor\glioma_Tr-gl_749.jpg,val,tumor,glioma,Training/glioma/Tr-gl_749.jpg,20cfbfc54e13f2ebdcb96fe6abf21f8b,512,512
data\binary\val\tumor\pituitary_Tr-pi_1066.jpg,val,tumor,pituitary,Training/pituitary/Tr-pi_1066.jpg,5ad94b5699e4bf777aeff977b0492098,512,512
data\binary\val\no_tumor\notumor_Tr-no_124.jpg,val,no_tumor,notumor,Training/notumor/Tr-no_124.jpg,5a4d851748a37166340f438a6c29c54f,393,400
data\binary\val\tumor\glioma_Tr-gl_886.jpg,val,tumor,glioma,Training/glioma/Tr-gl_886.jpg,d4627c65dde002a8660221866158720d,512,512
data\binary\val\no_tumor\notumor_Tr-no_223.jpg,val,no_tumor,notumor,Training/notumor/Tr-no_223.jpg,f8ea84d196ada1792d87d4bd3333f0a4,227,222
data\binary\val\tumor\pituitary_Tr-pi_1046.jpg,val,tumor,pituitary,Training/pituitary/Tr-pi_1046.jpg,8265e7d7aae4663d22ba93651d32f4bb,512,512
data\binary\val\tumor\pituitary_Tr-pi_19.jpg,val,tumor,pituitary,Training/pituitary/Tr-pi_19.jpg,0feb0dd26a0851cbd39a69fce8042271,512,512
data\binary\val\tumor\meningioma_Tr-me_1152.jpg,val,tumor,meningioma,Training/meningioma/Tr-me_1152.jpg,afea7c9bb78fe874fc6dffccb536bb87,512,512
data\binary\val\tumor\meningioma_Tr-me_1133.jpg,val,tumor,meningioma,Training/meningioma/Tr-me_1133.jpg,d6cc6865f67f5a5758c7d6bb287599aa,512,512
data\binary\val\no_tumor\notumor_Tr-no_268.jpg,val,no_tumor,notumor,Training/notumor/Tr-no_268.jpg,ebe6d5d8286f71fa992ed715554ee0ca,339,340
data\binary\val\tumor\meningioma_Tr-me_261.jpg,val,tumor,meningioma,Training/meningioma/Tr-me_261.jpg,9e12af4fa751b42bc7b852a6fae32c4a,512,512
data\binary\val\no_tumor\notumor_Tr-no_311.jpg,val,no_tumor,notumor,Training/notumor/Tr-no_311.jpg,ae7c8111179cb144c6ab362b77ac7d65,150,198
data\binary\val\no_tumor\notumor_Tr-no_1067.jpg,val,no_tumor,notumor,Training/notumor/Tr-no_1067.jpg,c921d7f6620c88b5c5414b33a6e39f28,236,236
data\binary\val\tumor\pituitary_Tr-pi_956.jpg,val,tumor,pituitary,Training/pituitary/Tr-pi_956.jpg,0581e59052dfb57046fddeb4d1878faa,512,512
data\binary\val\no_tumor\notumor_Tr-no_683.jpg,val,no_tumor,notumor,Training/notumor/Tr-no_683.jpg,5858cf40a10ec185becbe5f84c295ea0,680,680
data\binary\val\tumor\meningioma_Tr-me_1248.jpg,val,tumor,meningioma,Training/meningioma/Tr-me_1248.jpg,dbfe7a428ac3b03448a759aeed2d6a01,512,512
data\binary\val\tumor\meningioma_Tr-me_43.jpg,val,tumor,meningioma,Training/meningioma/Tr-me_43.jpg,8e9decdd80e06cb8e8ca1e5e13390052,512,512
data\binary\val\tumor\pituitary_Tr-pi_804.jpg,val,tumor,pituitary,Training/pituitary/Tr-pi_804.jpg,8037f8382a605d831b3a1b378fa31095,512,512
data\binary\val\tumor\glioma_Tr-gl_1361.jpg,val,tumor,glioma,Training/glioma/Tr-gl_1361.jpg,bc645ce629ccbf1666287065466fb1d4,512,512
data\binary\val\no_tumor\notumor_Tr-no_673.jpg,val,no_tumor,notumor,Training/notumor/Tr-no_673.jpg,0abe34033d22367d0fe55445050a6f7e,442,442
data\binary\val\tumor\meningioma_Tr-me_1080.jpg,val,tumor,meningioma,Training/meningioma/Tr-me_1080.jpg,9bbd61b3b8ea544f39e7dd1d2d305640,512,512
data\binary\val\no_tumor\notumor_Tr-no_85.jpg,val,no_tumor,notumor,Training/notumor/Tr-no_85.jpg,37bd24249462db354ca545d74fa77915,468,444
data\binary\val\tumor\glioma_Tr-gl_1247.jpg,val,tumor,glioma,Training/glioma/Tr-gl_1247.jpg,a1dcee6ea46d5b6e081f72a7b3901ad7,512,512
data\binary\val\tumor\pituitary_Tr-pi_1249.jpg,val,tumor,pituitary,Training/pituitary/Tr-pi_1249.jpg,7f811fc48e26cd9dc03bce747297688d,512,512
data\binary\val\tumor\meningioma_Tr-me_98.jpg,val,tumor,meningioma,Training/meningioma/Tr-me_98.jpg,b019383b7e6a49d232672e5cf8b62589,512,512
data\binary\val\tumor\pituitary_Tr-pi_276.jpg,val,tumor,pituitary,Training/pituitary/Tr-pi_276.jpg,9342808d42a98a5f0156587f3c2b6d55,512,512
data\binary\val\tumor\meningioma_Tr-me_1225.jpg,val,tumor,meningioma,Training/meningioma/Tr-me_1225.jpg,3d2866c22eb6d6bf1f3e4c751142b589,286,356
data\binary\val\no_tumor\notumor_Tr-no_216.jpg,val,no_tumor,notumor,Training/notumor/Tr-no_216.jpg,68803d11b68e5582ccdc179ae9f8276e,150,198
data\binary\val\tumor\glioma_Tr-gl_75.jpg,val,tumor,glioma,Training/glioma/Tr-gl_75.jpg,dd41b1f1b7dcc99b924193d719a6f67b,512,512
data\binary\val\tumor\meningioma_Tr-me_1183.jpg,val,tumor,meningioma,Training/meningioma/Tr-me_1183.jpg,428389c61ed246315bf5948faf825b09,512,512
data\binary\val\tumor\meningioma_Tr-me_931.jpg,val,tumor,meningioma,Training/meningioma/Tr-me_931.jpg,ff9a79ca650723ba949f8625be49085a,512,512
data\binary\val\tumor\pituitary_Tr-pi_60.jpg,val,tumor,pituitary,Training/pituitary/Tr-pi_60.jpg,fd67c390f62d5e2e78581729f888d7db,512,512
data\binary\val\tumor\pituitary_Tr-pi_781.jpg,val,tumor,pituitary,Training/pituitary/Tr-pi_781.jpg,b5077d81490086cdb53ac47cfa8d340f,512,512
data\binary\val\no_tumor\notumor_Tr-no_414.jpg,val,no_tumor,notumor,Training/notumor/Tr-no_414.jpg,10d71c4adf53f3d0790f00092cd7b099,442,454
data\binary\val\tumor\pituitary_Tr-pi_581.jpg,val,tumor,pituitary,Training/pituitary/Tr-pi_581.jpg,d09c1bab08bc4c26c15b48160c065db9,512,512
data\binary\val\no_tumor\notumor_Tr-no_658.jpg,val,no_tumor,notumor,Training/notumor/Tr-no_658.jpg,2d3b04b209470ffb0f5ffb3850808f21,244,274
data\binary\val\tumor\glioma_Tr-gl_831.jpg,val,tumor,glioma,Training/glioma/Tr-gl_831.jpg,713d10af60419d343b3ca477e87524d4,512,512
data\binary\val\tumor\meningioma_Tr-me_838.jpg,val,tumor,meningioma,Training/meningioma/Tr-me_838.jpg,6d28bb28e7fa91c2509103d534402d28,512,512
data\binary\val\tumor\glioma_Tr-gl_1184.jpg,val,tumor,glioma,Training/glioma/Tr-gl_1184.jpg,94eb3e0f352b464545be95ed8a9bf059,512,512
data\binary\val\tumor\meningioma_Tr-me_961.jpg,val,tumor,meningioma,Training/meningioma/Tr-me_961.jpg,f33bbfcf46f4100281b1d24ed01d0d90,512,512
data\binary\val\tumor\pituitary_Tr-pi_295.jpg,val,tumor,pituitary,Training/pituitary/Tr-pi_295.jpg,ad1a71edab57c38bb688c3dff8d6cbc7,512,512
data\binary\val\tumor\meningioma_Tr-aug-me_43.jpg,val,tumor,meningioma,Training/meningioma/Tr-aug-me_43.jpg,743387c5c3aeee4077bb872be0ff6d49,512,512
data\binary\val\tumor\meningioma_Tr-me_632.jpg,val,tumor,meningioma,Training/meningioma/Tr-me_632.jpg,0e56e0bf0ef70c65b7526c7f16337115,512,512
data\binary\val\tumor\pituitary_Tr-pi_201.jpg,val,tumor,pituitary,Training/pituitary/Tr-pi_201.jpg,2e70eb8c2a3cd668c9ee302d71898b81,512,512
data\binary\val\no_tumor\notumor_Tr-no_809.jpg,val,no_tumor,notumor,Training/notumor/Tr-no_809.jpg,cb52717d36274190c7f34838a03f1af8,215,234
data\binary\val\tumor\glioma_Tr-gl_21.jpg,val,tumor,glioma,Training/glioma/Tr-gl_21.jpg,7e451cfd4e4324aabb960c877efce642,512,512
data\binary\val\no_tumor\notumor_Tr-no_668.jpg,val,no_tumor,notumor,Training/notumor/Tr-no_668.jpg,5dbbf602cf194178ac838c68a0463861,225,225
data\binary\val\no_tumor\notumor_Tr-no_284.jpg,val,no_tumor,notumor,Training/notumor/Tr-no_284.jpg,11b8cd45b5fb07384f4e8adfafaed387,630,630
data\binary\val\tumor\glioma_Tr-gl_853.jpg,val,tumor,glioma,Training/glioma/Tr-gl_853.jpg,a8f19b2dbeef8a01c1587fc3604b4db1,512,512
data\binary\val\tumor\glioma_Tr-gl_1282.jpg,val,tumor,glioma,Training/glioma/Tr-gl_1282.jpg,40008d1aee2a38d8f36ee0e3b2a98be3,512,512
data\binary\val\tumor\pituitary_Tr-pi_717.jpg,val,tumor,pituitary,Training/pituitary/Tr-pi_717.jpg,bc3990c0e899038913fae805093a8e71,512,512
data\binary\val\tumor\pituitary_Tr-pi_369.jpg,val,tumor,pituitary,Training/pituitary/Tr-pi_369.jpg,6a126071a8e430cfafc4dd7cdecaf7a6,512,512
data\binary\val\tumor\meningioma_Tr-aug-me_23.jpg,val,tumor,meningioma,Training/meningioma/Tr-aug-me_23.jpg,825e9a3890f0809b2d81c7131bb9ff74,512,512
data\binary\val\tumor\glioma_Tr-gl_1359.jpg,val,tumor,glioma,Training/glioma/Tr-gl_1359.jpg,41681b5358f7d85342a552582b4f302f,512,512
data\binary\val\tumor\meningioma_Tr-me_542.jpg,val,tumor,meningioma,Training/meningioma/Tr-me_542.jpg,ae90e6e7c332e848675566d75de0a3b5,512,512
data\binary\val\no_tumor\notumor_Tr-no_481.jpg,val,no_tumor,notumor,Training/notumor/Tr-no_481.jpg,8ae9f5d827f2145cbdadfcbb8d42ab55,622,777
data\binary\val\tumor\pituitary_Tr-pi_610.jpg,val,tumor,pituitary,Training/pituitary/Tr-pi_610.jpg,28e72b7df05811a20df5039dbea915d7,512,512
data\binary\val\tumor\glioma_Tr-gl_702.jpg,val,tumor,glioma,Training/glioma/Tr-gl_702.jpg,e7c911268d48c6538a3f543bd8f7b3ad,512,512
data\binary\val\tumor\pituitary_Tr-pi_1103.jpg,val,tumor,pituitary,Training/pituitary/Tr-pi_1103.jpg,21c242bd74c2a653353d106273279da1,512,512
data\binary\val\no_tumor\notumor_Tr-no_152.jpg,val,no_tumor,notumor,Training/notumor/Tr-no_152.jpg,e43cc3022533c898b30efba4a989e239,359,449
data\binary\val\no_tumor\notumor_Tr-no_1026.jpg,val,no_tumor,notumor,Training/notumor/Tr-no_1026.jpg,43bbf9b2e83d475f8c1218adf9e478bd,468,444
data\binary\val\tumor\glioma_Tr-gl_692.jpg,val,tumor,glioma,Training/glioma/Tr-gl_692.jpg,26bd9272fda0655e506d15344b897444,512,512
data\binary\val\tumor\pituitary_Tr-pi_902.jpg,val,tumor,pituitary,Training/pituitary/Tr-pi_902.jpg,7325fbdaa54ed0442903a29589a28043,512,512
data\binary\val\tumor\meningioma_Tr-me_721.jpg,val,tumor,meningioma,Training/meningioma/Tr-me_721.jpg,a647c4b720a2de84812e095df69f0c66,512,512
data\binary\val\tumor\pituitary_Tr-pi_239.jpg,val,tumor,pituitary,Training/pituitary/Tr-pi_239.jpg,4a04f6191bd56edff0a96dcfe1b22ee4,512,512
data\binary\val\tumor\glioma_Tr-gl_1205.jpg,val,tumor,glioma,Training/glioma/Tr-gl_1205.jpg,8768e2d1dcfa8515cdf0a1106121a263,512,512
data\binary\val\tumor\pituitary_Tr-pi_1106.jpg,val,tumor,pituitary,Training/pituitary/Tr-pi_1106.jpg,38e20b4e4a4bc29de32b4194d5927b9a,512,512
data\binary\val\tumor\meningioma_Tr-me_1234.jpg,val,tumor,meningioma,Training/meningioma/Tr-me_1234.jpg,bee54c092c0c07e68f904a3bcefdf427,512,512
data\binary\val\tumor\glioma_Tr-gl_703.jpg,val,tumor,glioma,Training/glioma/Tr-gl_703.jpg,3bc668a772d84c03194c6e395f23fb0e,512,512
data\binary\val\tumor\meningioma_Tr-me_1012.jpg,val,tumor,meningioma,Training/meningioma/Tr-me_1012.jpg,86c4b594969f742a06a7a812d2d822a6,512,512
data\binary\val\tumor\pituitary_Tr-pi_468.jpg,val,tumor,pituitary,Training/pituitary/Tr-pi_468.jpg,34d0311beebc7ddd361607b14e4874cc,512,512
data\binary\val\tumor\pituitary_Tr-pi_752.jpg,val,tumor,pituitary,Training/pituitary/Tr-pi_752.jpg,7a6f79982e26d54d9f993e06f8d58c12,512,512
data\binary\val\tumor\glioma_Tr-gl_700.jpg,val,tumor,glioma,Training/glioma/Tr-gl_700.jpg,3c7c5f31b6f2a0afb81d39716bf5b82f,512,512
data\binary\val\tumor\meningioma_Tr-me_478.jpg,val,tumor,meningioma,Training/meningioma/Tr-me_478.jpg,ac0654ca098a249c900ba9e6c53a2722,512,512
data\binary\val\tumor\pituitary_Tr-pi_493.jpg,val,tumor,pituitary,Training/pituitary/Tr-pi_493.jpg,df6007de26ff4772a6df878e6d3bb799,512,512
data\binary\val\no_tumor\notumor_Tr-no_87.jpg,val,no_tumor,notumor,Training/notumor/Tr-no_87.jpg,2a67331c5443d0cddb53d9167236c7aa,350,393
data\binary\val\tumor\meningioma_Tr-me_1173.jpg,val,tumor,meningioma,Training/meningioma/Tr-me_1173.jpg,e8ea88425d4b66e49a7a357e3c415efa,512,512
data\binary\val\tumor\pituitary_Tr-pi_664.jpg,val,tumor,pituitary,Training/pituitary/Tr-pi_664.jpg,f8dd586b379761c576d97c8566d6152a,512,512
data\binary\val\tumor\glioma_Tr-gl_773.jpg,val,tumor,glioma,Training/glioma/Tr-gl_773.jpg,89f113a43bebeba00cc53d9fe656b889,512,512
data\binary\val\tumor\meningioma_Tr-me_606.jpg,val,tumor,meningioma,Training/meningioma/Tr-me_606.jpg,c0df43b67685c75ed431c3259d7db2bd,512,512
data\binary\val\tumor\pituitary_Tr-pi_1039.jpg,val,tumor,pituitary,Training/pituitary/Tr-pi_1039.jpg,9251294820ada5238d3359161de861fd,512,512
data\binary\val\tumor\meningioma_Tr-me_10.jpg,val,tumor,meningioma,Training/meningioma/Tr-me_10.jpg,d8dbb40dfe4f945a17ca274e2989410c,512,512
data\binary\val\tumor\meningioma_Tr-aug-me_64.jpg,val,tumor,meningioma,Training/meningioma/Tr-aug-me_64.jpg,a5baead444af4506d19951a8bf1015a3,512,512
data\binary\val\tumor\pituitary_Tr-pi_560.jpg,val,tumor,pituitary,Training/pituitary/Tr-pi_560.jpg,61af5b3178a9e5a9365f16f4b978807d,512,512
data\binary\val\tumor\pituitary_Tr-pi_248.jpg,val,tumor,pituitary,Training/pituitary/Tr-pi_248.jpg,c27674cd26e0b87c48e9c103bb68f3c8,512,512
data\binary\val\tumor\pituitary_Tr-pi_536.jpg,val,tumor,pituitary,Training/pituitary/Tr-pi_536.jpg,286ee4dc6ff9c7881afc0f0988c183a0,512,512
data\binary\val\tumor\meningioma_Tr-me_58.jpg,val,tumor,meningioma,Training/meningioma/Tr-me_58.jpg,2bf78fe5603a46f0da83e91155d62931,512,512
data\binary\val\tumor\pituitary_Tr-pi_987.jpg,val,tumor,pituitary,Training/pituitary/Tr-pi_987.jpg,35b9cea43e3de383594bfc679f4a882b,512,512
data\binary\val\no_tumor\notumor_Tr-no_798.jpg,val,no_tumor,notumor,Training/notumor/Tr-no_798.jpg,c7f765bf78e96dea5f8921757e5be02e,442,442
data\binary\val\no_tumor\notumor_Tr-no_687.jpg,val,no_tumor,notumor,Training/notumor/Tr-no_687.jpg,936afed842f0ecf567dab9093cee4fad,235,214
data\binary\val\tumor\glioma_Tr-gl_968.jpg,val,tumor,glioma,Training/glioma/Tr-gl_968.jpg,0df518fa89187ba2e5152a99c0425708,512,512
data\binary\val\tumor\meningioma_Tr-me_204.jpg,val,tumor,meningioma,Training/meningioma/Tr-me_204.jpg,a19dad052822b589ade2a9e4d2c7e893,512,512
data\binary\val\no_tumor\notumor_Tr-no_1079.jpg,val,no_tumor,notumor,Training/notumor/Tr-no_1079.jpg,25faac854458973ea07975165f80c035,350,350
data\binary\val\tumor\glioma_Tr-gl_800.jpg,val,tumor,glioma,Training/glioma/Tr-gl_800.jpg,724ca7ef1c3c53c13b590a2a27219229,512,512
data\binary\val\tumor\meningioma_Tr-me_1298.jpg,val,tumor,meningioma,Training/meningioma/Tr-me_1298.jpg,d6a9a3dd12801af5f00653030b22dd3a,512,512
data\binary\val\tumor\pituitary_Tr-pi_1017.jpg,val,tumor,pituitary,Training/pituitary/Tr-pi_1017.jpg,2745ef259b0a20ae610e500300c55252,512,512
data\binary\val\no_tumor\notumor_Tr-no_1050.jpg,val,no_tumor,notumor,Training/notumor/Tr-no_1050.jpg,0b640fa45a5e2c91ae1d2953c39bba2d,225,225
data\binary\val\tumor\pituitary_Tr-pi_885.jpg,val,tumor,pituitary,Training/pituitary/Tr-pi_885.jpg,921f334b242480199eb78f7bd3bbf9c3,512,512
data\binary\val\tumor\glioma_Tr-gl_1142.jpg,val,tumor,glioma,Training/glioma/Tr-gl_1142.jpg,6fd2f726b2e8b0bc3e7ba77e3c608702,512,512
data\binary\val\tumor\glioma_Tr-gl_1077.jpg,val,tumor,glioma,Training/glioma/Tr-gl_1077.jpg,0504208b6f587ad88d8db7fc56e8e2fd,512,512
data\binary\val\no_tumor\notumor_Tr-no_696.jpg,val,no_tumor,notumor,Training/notumor/Tr-no_696.jpg,920fb1da20a36a12754271888f1c8023,225,225
data\binary\val\tumor\glioma_Tr-gl_761.jpg,val,tumor,glioma,Training/glioma/Tr-gl_761.jpg,9296c20bf944c7cd672ae9548ebd9433,512,512
data\binary\val\tumor\glioma_Tr-gl_1204.jpg,val,tumor,glioma,Training/glioma/Tr-gl_1204.jpg,30662e869360c0982ca3dbfcc6c4c977,512,512
data\binary\val\tumor\pituitary_Tr-pi_71.jpg,val,tumor,pituitary,Training/pituitary/Tr-pi_71.jpg,58dbbe600f95a2cdd89c3f8ca587eac9,512,512
data\binary\val\tumor\glioma_Tr-gl_1056.jpg,val,tumor,glioma,Training/glioma/Tr-gl_1056.jpg,f9e24a20af085257c6bda86e7ddd64d9,512,512
data\binary\val\tumor\pituitary_Tr-pi_15.jpg,val,tumor,pituitary,Training/pituitary/Tr-pi_15.jpg,3a9ea87aacf9d23397869ffcba53c41a,512,512
data\binary\val\tumor\pituitary_Tr-pi_799.jpg,val,tumor,pituitary,Training/pituitary/Tr-pi_799.jpg,fb8459524a0b3de96b24c1ab51dc82fe,512,512
data\binary\val\no_tumor\notumor_Tr-no_848.jpg,val,no_tumor,notumor,Training/notumor/Tr-no_848.jpg,01d7f3a18b83e1f944513bec8e81c407,201,251
data\binary\val\tumor\pituitary_Tr-pi_1350.jpg,val,tumor,pituitary,Training/pituitary/Tr-pi_1350.jpg,60b479046e6ea2c44753293a235e9814,512,512
data\binary\val\tumor\meningioma_Tr-me_543.jpg,val,tumor,meningioma,Training/meningioma/Tr-me_543.jpg,ab525628d00898aa6b1088d9c1d5a785,213,237
data\binary\val\tumor\glioma_Tr-gl_601.jpg,val,tumor,glioma,Training/glioma/Tr-gl_601.jpg,7de08ef698d7733186b4fce7f067149a,512,512
data\binary\val\tumor\pituitary_Tr-pi_256.jpg,val,tumor,pituitary,Training/pituitary/Tr-pi_256.jpg,8bc7190bf645697870696a234309124c,512,512
data\binary\val\tumor\meningioma_Tr-me_47.jpg,val,tumor,meningioma,Training/meningioma/Tr-me_47.jpg,d3f485a5e6511f4019f19aa4d04a02b3,512,512
data\binary\val\tumor\meningioma_Tr-me_703.jpg,val,tumor,meningioma,Training/meningioma/Tr-me_703.jpg,ee346fc2c1dd55b753feedd50e1f21b0,512,512
data\binary\val\no_tumor\notumor_Tr-no_137.jpg,val,no_tumor,notumor,Training/notumor/Tr-no_137.jpg,46aa3d5b123fbc56a0fb7f6c1e16c710,468,444
data\binary\val\tumor\meningioma_Tr-me_1213.jpg,val,tumor,meningioma,Training/meningioma/Tr-me_1213.jpg,743f762d2ac7bae8ec11c02528501f81,512,512
data\binary\val\tumor\glioma_Tr-gl_988.jpg,val,tumor,glioma,Training/glioma/Tr-gl_988.jpg,bf2ff0a848ada74705440f0561eed300,512,512
data\binary\val\tumor\glioma_Tr-gl_528.jpg,val,tumor,glioma,Training/glioma/Tr-gl_528.jpg,760b5adc5034de4893accb904b13a6e8,512,512
data\binary\val\tumor\meningioma_Tr-me_698.jpg,val,tumor,meningioma,Training/meningioma/Tr-me_698.jpg,ac7c1db89548af705ffeda042a11eefa,512,512
data\binary\val\tumor\glioma_Tr-gl_367.jpg,val,tumor,glioma,Training/glioma/Tr-gl_367.jpg,66d49abde1c10364f06d75dcf564165a,512,512
data\binary\val\tumor\glioma_Tr-gl_319.jpg,val,tumor,glioma,Training/glioma/Tr-gl_319.jpg,9f80e112fe6790a4f51c62b98692ad47,512,512
data\binary\val\tumor\pituitary_Tr-pi_1119.jpg,val,tumor,pituitary,Training/pituitary/Tr-pi_1119.jpg,038b3418524d9dd8db3655b79156d0b2,512,512
data\binary\val\tumor\glioma_Tr-gl_1012.jpg,val,tumor,glioma,Training/glioma/Tr-gl_1012.jpg,77cbdd9527d1c2c176a2b41106eb564b,512,512
data\binary\val\tumor\glioma_Tr-gl_1119.jpg,val,tumor,glioma,Training/glioma/Tr-gl_1119.jpg,13b0d8a3e213bdaebb2ff6f36494a763,512,512
data\binary\val\tumor\meningioma_Tr-me_428.jpg,val,tumor,meningioma,Training/meningioma/Tr-me_428.jpg,1a49296644d24759962e069c61677000,512,512
data\binary\val\no_tumor\notumor_Tr-no_867.jpg,val,no_tumor,notumor,Training/notumor/Tr-no_867.jpg,4cc9cfa7d7d184c4dc2b812b56d5e804,228,221
data\binary\val\no_tumor\notumor_Tr-no_1267.jpg,val,no_tumor,notumor,Training/notumor/Tr-no_1267.jpg,1f23dacaac228811e45af94981be031c,236,236
data\binary\val\tumor\glioma_Tr-gl_196.jpg,val,tumor,glioma,Training/glioma/Tr-gl_196.jpg,163c3bc3f2341808fc389d7d2d45263e,512,512
data\binary\val\tumor\glioma_Tr-gl_1307.jpg,val,tumor,glioma,Training/glioma/Tr-gl_1307.jpg,da1c66d5c8ba61811f257657ab8cb229,512,512
data\binary\val\tumor\meningioma_Tr-me_398.jpg,val,tumor,meningioma,Training/meningioma/Tr-me_398.jpg,40a7f5f0c130416d97e1f77663d5d08e,512,512
data\binary\val\tumor\glioma_Tr-gl_437.jpg,val,tumor,glioma,Training/glioma/Tr-gl_437.jpg,1076de103f7f1242be3e6ca5d74efda9,512,512
data\binary\val\tumor\meningioma_Tr-me_771.jpg,val,tumor,meningioma,Training/meningioma/Tr-me_771.jpg,04fd122ee1cd624b4caa8dc3756e1bf0,341,372
data\binary\val\tumor\glioma_Tr-gl_1356.jpg,val,tumor,glioma,Training/glioma/Tr-gl_1356.jpg,58738efa051c9cb95eee861ace2da861,512,512
data\binary\val\tumor\pituitary_Tr-pi_1054.jpg,val,tumor,pituitary,Training/pituitary/Tr-pi_1054.jpg,648ae044ab962f46de427ee6e0ffdad2,512,512
data\binary\val\no_tumor\notumor_Tr-no_654.jpg,val,no_tumor,notumor,Training/notumor/Tr-no_654.jpg,8861985bfd287898a5cdf763c7f77c2e,204,247
data\binary\val\tumor\pituitary_Tr-pi_605.jpg,val,tumor,pituitary,Training/pituitary/Tr-pi_605.jpg,f988eacc4d1f3b1a39b60090af7ec0a1,512,512
data\binary\val\no_tumor\notumor_Tr-no_1251.jpg,val,no_tumor,notumor,Training/notumor/Tr-no_1251.jpg,66fccf4d98f16ffb8b73d5f227423954,218,231
data\binary\val\tumor\glioma_Tr-gl_1166.jpg,val,tumor,glioma,Training/glioma/Tr-gl_1166.jpg,65cb540db04b594c5d2036e9a0ec1da8,512,512
data\binary\val\tumor\meningioma_Tr-me_255.jpg,val,tumor,meningioma,Training/meningioma/Tr-me_255.jpg,3fc16f871cc4edbe0cbbd7f49556531f,512,512
data\binary\val\tumor\glioma_Tr-gl_1193.jpg,val,tumor,glioma,Training/glioma/Tr-gl_1193.jpg,e395ef092fe60f0ff96805a4a307f087,512,512
data\binary\val\tumor\meningioma_Tr-me_59.jpg,val,tumor,meningioma,Training/meningioma/Tr-me_59.jpg,3d913f069383eb39985259e802a1a5a8,512,512
data\binary\val\tumor\pituitary_Tr-pi_1326.jpg,val,tumor,pituitary,Training/pituitary/Tr-pi_1326.jpg,d7bfd8174d2e344ba2f3a2b739bda381,512,512
data\binary\val\no_tumor\notumor_Tr-no_1244.jpg,val,no_tumor,notumor,Training/notumor/Tr-no_1244.jpg,19e1c11270a5105459a8f52090262d4a,201,251
data\binary\val\tumor\meningioma_Tr-me_654.jpg,val,tumor,meningioma,Training/meningioma/Tr-me_654.jpg,4625f5dd8dd78184f25034c1019a2526,512,512
data\binary\val\tumor\pituitary_Tr-pi_1133.jpg,val,tumor,pituitary,Training/pituitary/Tr-pi_1133.jpg,4f31b1205ef8eb6d72b4a6206d349c79,512,512
data\binary\val\no_tumor\notumor_Tr-no_1156.jpg,val,no_tumor,notumor,Training/notumor/Tr-no_1156.jpg,92211d103174d7610a687b6bcd831904,225,225
data\binary\val\tumor\glioma_Tr-gl_1031.jpg,val,tumor,glioma,Training/glioma/Tr-gl_1031.jpg,b97ce25bfccdd7f21426d538ea486cf5,512,512
data\binary\val\tumor\pituitary_Tr-pi_686.jpg,val,tumor,pituitary,Training/pituitary/Tr-pi_686.jpg,6f3b18839cfd918584eb58c48986e9c6,512,512
data\binary\val\no_tumor\notumor_Tr-no_656.jpg,val,no_tumor,notumor,Training/notumor/Tr-no_656.jpg,d6fac9640c6558bc3f8a509d7a5ee01a,225,225
data\binary\val\tumor\glioma_Tr-gl_804.jpg,val,tumor,glioma,Training/glioma/Tr-gl_804.jpg,2e122430f4f93bb996aee9d8158c5031,512,512
data\binary\val\no_tumor\notumor_Tr-no_1326.jpg,val,no_tumor,notumor,Training/notumor/Tr-no_1326.jpg,9a96042ca9379abbdb7be132cb833221,630,630
data\binary\val\tumor\meningioma_Tr-me_110.jpg,val,tumor,meningioma,Training/meningioma/Tr-me_110.jpg,af3de6688114137f2269bfcc33972823,290,339
data\binary\val\tumor\glioma_Tr-gl_656.jpg,val,tumor,glioma,Training/glioma/Tr-gl_656.jpg,91535c43ea84393d91269c672267db46,512,512
data\binary\val\tumor\meningioma_Tr-me_191.jpg,val,tumor,meningioma,Training/meningioma/Tr-me_191.jpg,4f75de76f038627aa60ea9adbeaf31fb,512,512
data\binary\val\no_tumor\notumor_Tr-no_675.jpg,val,no_tumor,notumor,Training/notumor/Tr-no_675.jpg,a8d9e4218e221a222d371a3edbe9fb7c,630,630
data\binary\val\tumor\pituitary_Tr-pi_282.jpg,val,tumor,pituitary,Training/pituitary/Tr-pi_282.jpg,b2340bfd753e004f3243a538637526d0,512,512
data\binary\val\no_tumor\notumor_Tr-no_21.jpg,val,no_tumor,notumor,Training/notumor/Tr-no_21.jpg,600604d539ebd92e5864d88fb09de33d,225,225
data\binary\val\tumor\pituitary_Tr-pi_1284.jpg,val,tumor,pituitary,Training/pituitary/Tr-pi_1284.jpg,320293d6fff1627b1d3b6c3e6fc07c1d,512,512
data\binary\val\tumor\glioma_Tr-gl_771.jpg,val,tumor,glioma,Training/glioma/Tr-gl_771.jpg,759df33be6135881eb3f4c5ed44764eb,512,512
data\binary\val\tumor\meningioma_Tr-me_828.jpg,val,tumor,meningioma,Training/meningioma/Tr-me_828.jpg,3bbd19982fc141005d43d158bff92d41,512,512
data\binary\val\tumor\meningioma_Tr-me_373.jpg,val,tumor,meningioma,Training/meningioma/Tr-me_373.jpg,fab4d7c5fc015d993ba24e7687f2b661,289,354
data\binary\val\tumor\pituitary_Tr-pi_193.jpg,val,tumor,pituitary,Training/pituitary/Tr-pi_193.jpg,99e0890275f773a6baa17d02fc0bdefb,512,512
data\binary\val\no_tumor\notumor_Tr-no_1378.jpg,val,no_tumor,notumor,Training/notumor/Tr-no_1378.jpg,2e3de2e90728f34969828955a1b242b2,235,229
data\binary\val\tumor\pituitary_Tr-pi_58.jpg,val,tumor,pituitary,Training/pituitary/Tr-pi_58.jpg,d83b05b720e16e64a0d930df78fccd4f,512,512
data\binary\val\tumor\meningioma_Tr-me_91.jpg,val,tumor,meningioma,Training/meningioma/Tr-me_91.jpg,46a689f545ca8bdd8e27f5c9894e3d59,512,512
data\binary\val\tumor\pituitary_Tr-pi_936.jpg,val,tumor,pituitary,Training/pituitary/Tr-pi_936.jpg,efd4f6a5889ec223c48ae44cd62002e2,940,900
data\binary\val\no_tumor\notumor_Tr-no_958.jpg,val,no_tumor,notumor,Training/notumor/Tr-no_958.jpg,c6a596f30afbb0f140d07f83ff118266,380,530
data\binary\val\tumor\glioma_Tr-gl_412.jpg,val,tumor,glioma,Training/glioma/Tr-gl_412.jpg,d983a8eaf4e4ef349bdb65189a6d800f,512,512
data\binary\val\tumor\glioma_Tr-gl_454.jpg,val,tumor,glioma,Training/glioma/Tr-gl_454.jpg,55a14e952acd475386a2a2d61675e071,512,512
data\binary\val\tumor\meningioma_Tr-me_393.jpg,val,tumor,meningioma,Training/meningioma/Tr-me_393.jpg,be964ff4ad8aa10d34f743ae054a67a8,512,512
data\binary\val\tumor\pituitary_Tr-pi_538.jpg,val,tumor,pituitary,Training/pituitary/Tr-pi_538.jpg,5663d5e4ebe73718b0095d182637ad3d,512,512
data\binary\val\tumor\meningioma_Tr-me_257.jpg,val,tumor,meningioma,Training/meningioma/Tr-me_257.jpg,64575e39d433ad458a47667e64b2546a,512,512
data\binary\val\tumor\pituitary_Tr-pi_495.jpg,val,tumor,pituitary,Training/pituitary/Tr-pi_495.jpg,0aca5f5258bf67c40418628d85d9916b,512,512
data\binary\val\tumor\meningioma_Tr-me_907.jpg,val,tumor,meningioma,Training/meningioma/Tr-me_907.jpg,44a6e859976ac05287b56134fbb3420f,512,512
data\binary\val\tumor\meningioma_Tr-me_1293.jpg,val,tumor,meningioma,Training/meningioma/Tr-me_1293.jpg,9a5e29fdf89af2c52f03f40f8c5b442b,512,512
data\binary\val\tumor\meningioma_Tr-me_591.jpg,val,tumor,meningioma,Training/meningioma/Tr-me_591.jpg,2c0dee0abda36291e494f0d5c9f41738,512,512
data\binary\val\tumor\meningioma_Tr-me_1287.jpg,val,tumor,meningioma,Training/meningioma/Tr-me_1287.jpg,90c62d76f0861fe193042a397d8f8eb6,512,512
data\binary\val\tumor\pituitary_Tr-pi_1378.jpg,val,tumor,pituitary,Training/pituitary/Tr-pi_1378.jpg,0292ddf15cbbf5bea4a02ed525a4cc6b,512,512
data\binary\val\tumor\meningioma_Tr-me_55.jpg,val,tumor,meningioma,Training/meningioma/Tr-me_55.jpg,afcc33e2ab3d1e4dbae90e29ff4756e5,512,512
data\binary\val\tumor\pituitary_Tr-pi_554.jpg,val,tumor,pituitary,Training/pituitary/Tr-pi_554.jpg,51dc770efab8a29b3d05b2c6cba2e8f7,512,512
data\binary\val\no_tumor\notumor_Tr-no_1257.jpg,val,no_tumor,notumor,Training/notumor/Tr-no_1257.jpg,3dcc4e10d5dff63d6372811e8fb18189,225,225
data\binary\val\no_tumor\notumor_Tr-no_120.jpg,val,no_tumor,notumor,Training/notumor/Tr-no_120.jpg,1e6adb5486c83c4f70bf2629415c2fc6,339,340
data\binary\val\tumor\pituitary_Tr-pi_1343.jpg,val,tumor,pituitary,Training/pituitary/Tr-pi_1343.jpg,92b91fd965a4cc7edfcb3407bd8f472f,512,512
data\binary\val\tumor\glioma_Tr-gl_1021.jpg,val,tumor,glioma,Training/glioma/Tr-gl_1021.jpg,87e7b17f46b7695f4f45178db424679c,512,512
data\binary\val\tumor\glioma_Tr-gl_1258.jpg,val,tumor,glioma,Training/glioma/Tr-gl_1258.jpg,73d2c626e48b0ca9a57d13ab9a6fe8ea,512,512
data\binary\val\tumor\glioma_Tr-gl_1196.jpg,val,tumor,glioma,Training/glioma/Tr-gl_1196.jpg,6af921a7fe7e15212639438203663191,512,512
data\binary\val\tumor\glioma_Tr-gl_224.jpg,val,tumor,glioma,Training/glioma/Tr-gl_224.jpg,dce226e9ac9ff58847e1be3efaae8e64,512,512
data\binary\val\tumor\meningioma_Tr-me_1247.jpg,val,tumor,meningioma,Training/meningioma/Tr-me_1247.jpg,1cea6acb5f1e1ecf815ca0506e4dee74,512,512
data\binary\val\no_tumor\notumor_Tr-no_871.jpg,val,no_tumor,notumor,Training/notumor/Tr-no_871.jpg,6c188ec1074e64b3581b6ee4b9e306c6,850,745
data\binary\val\tumor\pituitary_Tr-pi_1331.jpg,val,tumor,pituitary,Training/pituitary/Tr-pi_1331.jpg,260b6e5853eb4b986ee2edf771dfc6c9,512,512
data\binary\val\tumor\glioma_Tr-gl_760.jpg,val,tumor,glioma,Training/glioma/Tr-gl_760.jpg,e95b35e5d766c4d3c04a6526a9bdea9c,512,512
data\binary\val\tumor\meningioma_Tr-me_806.jpg,val,tumor,meningioma,Training/meningioma/Tr-me_806.jpg,56e69214845eb30058f010d450f44a31,512,512
data\binary\val\tumor\glioma_Tr-gl_530.jpg,val,tumor,glioma,Training/glioma/Tr-gl_530.jpg,124fda5cb51c8b416ec14539361f7089,512,512
data\binary\val\tumor\pituitary_Tr-pi_807.jpg,val,tumor,pituitary,Training/pituitary/Tr-pi_807.jpg,45e7163805ea7c15f2ae7636ad954570,512,512
data\binary\val\tumor\glioma_Tr-gl_1127.jpg,val,tumor,glioma,Training/glioma/Tr-gl_1127.jpg,2cd0ae11df61a9e02d8bc6297e1562d1,512,512
data\binary\val\tumor\pituitary_Tr-pi_402.jpg,val,tumor,pituitary,Training/pituitary/Tr-pi_402.jpg,247181bf6bd786e639d98be324a34b84,512,512
data\binary\val\no_tumor\notumor_Tr-no_404.jpg,val,no_tumor,notumor,Training/notumor/Tr-no_404.jpg,04cbc0687a49922eaad5d4ad1cac9cb1,512,512
data\binary\val\no_tumor\notumor_Tr-no_694.jpg,val,no_tumor,notumor,Training/notumor/Tr-no_694.jpg,d1cdc1f9f67ceb6e236c2abba649295c,232,217
data\binary\val\tumor\pituitary_Tr-pi_784.jpg,val,tumor,pituitary,Training/pituitary/Tr-pi_784.jpg,1b061a02a9a44365f4585cc6da51ee4b,512,512
data\binary\val\tumor\glioma_Tr-gl_1301.jpg,val,tumor,glioma,Training/glioma/Tr-gl_1301.jpg,db4bd91a0d4cd6779f46ce41cdb6f90d,512,512
data\binary\val\tumor\meningioma_Tr-me_1211.jpg,val,tumor,meningioma,Training/meningioma/Tr-me_1211.jpg,24459f5e67545848cf62e24a34987eba,512,512
data\binary\val\tumor\glioma_Tr-gl_602.jpg,val,tumor,glioma,Training/glioma/Tr-gl_602.jpg,115fa6d3b895649eaa61e9f3f742acfa,512,512
data\binary\val\no_tumor\notumor_Tr-no_320.jpg,val,no_tumor,notumor,Training/notumor/Tr-no_320.jpg,2c78a41ae700682d357fb1bf937fd2fa,630,630
data\binary\val\tumor\meningioma_Tr-me_479.jpg,val,tumor,meningioma,Training/meningioma/Tr-me_479.jpg,0cea67355ed9fd0c9bd1c8db412fe71f,530,526
data\binary\val\tumor\glioma_Tr-gl_1135.jpg,val,tumor,glioma,Training/glioma/Tr-gl_1135.jpg,34c75e70dfce1261ed38730c73a58d17,512,512
data\binary\val\tumor\pituitary_Tr-pi_399.jpg,val,tumor,pituitary,Training/pituitary/Tr-pi_399.jpg,f5aa9697ff25fc4af5ace846abffa50e,512,512
data\binary\val\tumor\glioma_Tr-gl_450.jpg,val,tumor,glioma,Training/glioma/Tr-gl_450.jpg,868e1cf9c2f7a892762c026cf5ed5f1f,512,512
data\binary\val\tumor\glioma_Tr-gl_377.jpg,val,tumor,glioma,Training/glioma/Tr-gl_377.jpg,27e5f391d72a7b5a0bdeedaa586021fb,512,512
data\binary\val\tumor\glioma_Tr-gl_258.jpg,val,tumor,glioma,Training/glioma/Tr-gl_258.jpg,5c1ecb66d936331bbdf762b1eec36296,512,512
data\binary\val\tumor\meningioma_Tr-me_846.jpg,val,tumor,meningioma,Training/meningioma/Tr-me_846.jpg,b41f5c6d2d27eaf8ba9059884dfaf150,209,241
data\binary\val\tumor\meningioma_Tr-me_605.jpg,val,tumor,meningioma,Training/meningioma/Tr-me_605.jpg,8de642c2d164a8cebd198c28ebf434e7,512,512
data\binary\val\tumor\glioma_Tr-gl_850.jpg,val,tumor,glioma,Training/glioma/Tr-gl_850.jpg,165b63be0392414361f183c620b8f389,512,512
data\binary\val\tumor\glioma_Tr-gl_825.jpg,val,tumor,glioma,Training/glioma/Tr-gl_825.jpg,454aa28bf5ed3c49a10fe0cc47ca93c0,512,512
data\binary\val\tumor\pituitary_Tr-pi_1233.jpg,val,tumor,pituitary,Training/pituitary/Tr-pi_1233.jpg,43129e4c872fec2fe1ff07dba13871c6,512,512
data\binary\val\tumor\meningioma_Tr-me_61.jpg,val,tumor,meningioma,Training/meningioma/Tr-me_61.jpg,0fe205040b117369c5272e9c6082acdb,512,512
data\binary\val\tumor\meningioma_Tr-me_95.jpg,val,tumor,meningioma,Training/meningioma/Tr-me_95.jpg,1c31362b1a73f1e3fdfe6d2af7bd789d,512,512
data\binary\val\no_tumor\notumor_Tr-no_638.jpg,val,no_tumor,notumor,Training/notumor/Tr-no_638.jpg,b43ac57b78e6c93f8ad6549827de5739,205,249
data\binary\val\tumor\meningioma_Tr-me_749.jpg,val,tumor,meningioma,Training/meningioma/Tr-me_749.jpg,487e8da00f43ca6e20a546e2e96f4697,512,512
data\binary\val\tumor\pituitary_Tr-pi_417.jpg,val,tumor,pituitary,Training/pituitary/Tr-pi_417.jpg,028f30c754523f36d0b1b4504386ccab,512,512
data\binary\val\no_tumor\notumor_Tr-no_203.jpg,val,no_tumor,notumor,Training/notumor/Tr-no_203.jpg,13cd4feb27531f7497fee07de9bafbc7,225,225
data\binary\val\tumor\glioma_Tr-gl_321.jpg,val,tumor,glioma,Training/glioma/Tr-gl_321.jpg,1a0aacfcd821eb11096027e12ec93af9,512,512
data\binary\val\tumor\glioma_Tr-gl_368.jpg,val,tumor,glioma,Training/glioma/Tr-gl_368.jpg,1eb74f66266770c2d58be6aa26ee6b64,512,512
data\binary\val\no_tumor\notumor_Tr-no_1192.jpg,val,no_tumor,notumor,Training/notumor/Tr-no_1192.jpg,e01c3de160daf3552a43b39951573283,201,250
data\binary\val\tumor\pituitary_Tr-pi_450.jpg,val,tumor,pituitary,Training/pituitary/Tr-pi_450.jpg,3621b17b00220daf3474944659ba2857,512,512
data\binary\val\tumor\pituitary_Tr-pi_1282.jpg,val,tumor,pituitary,Training/pituitary/Tr-pi_1282.jpg,94d507d2a084794a441d87892d3c9def,512,512
data\binary\val\tumor\pituitary_Tr-pi_823.jpg,val,tumor,pituitary,Training/pituitary/Tr-pi_823.jpg,8ce85332a305ed9012419bc2a2211831,512,512
data\binary\val\tumor\pituitary_Tr-pi_1063.jpg,val,tumor,pituitary,Training/pituitary/Tr-pi_1063.jpg,61f1e9cb51889b296e6fea08867bc5d4,470,432
data\binary\val\tumor\meningioma_Tr-me_184.jpg,val,tumor,meningioma,Training/meningioma/Tr-me_184.jpg,ff47801551d94dbf4628d988caaaf27a,512,512
data\binary\val\no_tumor\notumor_Tr-no_134.jpg,val,no_tumor,notumor,Training/notumor/Tr-no_134.jpg,632120a6491595c8f2646222e132159e,225,225
data\binary\val\tumor\pituitary_Tr-pi_289.jpg,val,tumor,pituitary,Training/pituitary/Tr-pi_289.jpg,050a0a7197d211da193931e8b19d0dcc,512,512
data\binary\val\no_tumor\notumor_Tr-no_729.jpg,val,no_tumor,notumor,Training/notumor/Tr-no_729.jpg,0615be5bfa0e370a3be807e7d6288137,225,225
data\binary\val\tumor\glioma_Tr-gl_885.jpg,val,tumor,glioma,Training/glioma/Tr-gl_885.jpg,ed8ec48c051a513e352c58ffc7c5efd2,512,512
data\binary\val\no_tumor\notumor_Tr-no_26.jpg,val,no_tumor,notumor,Training/notumor/Tr-no_26.jpg,cb48e8818230050ba450b276bc2755f5,225,225
data\binary\val\tumor\pituitary_Tr-pi_978.jpg,val,tumor,pituitary,Training/pituitary/Tr-pi_978.jpg,b9522d51feeee4bd0ad24b5999f69cdb,512,512
data\binary\val\no_tumor\notumor_Tr-no_740.jpg,val,no_tumor,notumor,Training/notumor/Tr-no_740.jpg,30a5d3ac5a6e70b5f7ee284f0ab440b9,227,222
data\binary\val\tumor\meningioma_Tr-me_922.jpg,val,tumor,meningioma,Training/meningioma/Tr-me_922.jpg,a3d0b4b1612f083e7f3585df0938ec5e,512,512
data\binary\val\tumor\meningioma_Tr-me_214.jpg,val,tumor,meningioma,Training/meningioma/Tr-me_214.jpg,d4a268769fffaab3bb364e6bf026e817,512,512
data\binary\val\tumor\glioma_Tr-gl_1005.jpg,val,tumor,glioma,Training/glioma/Tr-gl_1005.jpg,198b6db1eefbc29fc70917d7cfff4a7b,512,512
data\binary\val\tumor\meningioma_Tr-me_870.jpg,val,tumor,meningioma,Training/meningioma/Tr-me_870.jpg,805686d2505cfe5cac9deafd98ba8ecf,512,512
data\binary\val\tumor\meningioma_Tr-me_541.jpg,val,tumor,meningioma,Training/meningioma/Tr-me_541.jpg,7fb7aa3ce68228eed375ebb6ffa44569,512,512
data\binary\val\tumor\meningioma_Tr-me_84.jpg,val,tumor,meningioma,Training/meningioma/Tr-me_84.jpg,4618cffb63b277cda946d66b9b0daa7b,512,512
data\binary\val\tumor\glioma_Tr-gl_245.jpg,val,tumor,glioma,Training/glioma/Tr-gl_245.jpg,a50330b720fc2024eecef9a28a2c6019,512,512
data\binary\val\tumor\pituitary_Tr-pi_1186.jpg,val,tumor,pituitary,Training/pituitary/Tr-pi_1186.jpg,d1df20af161a5455d721df2f14f65855,512,512
data\binary\val\tumor\glioma_Tr-gl_1084.jpg,val,tumor,glioma,Training/glioma/Tr-gl_1084.jpg,f750b8a047b36b80bfc2b66717fbec0c,512,512
data\binary\val\tumor\pituitary_Tr-pi_968.jpg,val,tumor,pituitary,Training/pituitary/Tr-pi_968.jpg,19fdc04fc5c6b76f4ce19becf66821d4,512,512
data\binary\val\no_tumor\notumor_Tr-no_256.jpg,val,no_tumor,notumor,Training/notumor/Tr-no_256.jpg,712f5f678165118258d51f95a1d430f5,206,244
data\binary\val\tumor\meningioma_Tr-me_723.jpg,val,tumor,meningioma,Training/meningioma/Tr-me_723.jpg,1d948e4425c6c37d6badc5aaaa715fc7,512,512
data\binary\val\no_tumor\notumor_Tr-no_1033.jpg,val,no_tumor,notumor,Training/notumor/Tr-no_1033.jpg,fac992a646716ff8cbe9704cb13607d6,225,225
data\binary\val\no_tumor\notumor_Tr-no_326.jpg,val,no_tumor,notumor,Training/notumor/Tr-no_326.jpg,dbc0377d3a893f670d0b5136c4d4e6d5,512,512
data\binary\val\tumor\meningioma_Tr-aug-me_42.jpg,val,tumor,meningioma,Training/meningioma/Tr-aug-me_42.jpg,2c6ae7410bf664062eac9f57e38723ef,512,512
data\binary\val\tumor\meningioma_Tr-me_702.jpg,val,tumor,meningioma,Training/meningioma/Tr-me_702.jpg,eeeb627c83de00de1307cff65b694904,512,512
data\binary\val\tumor\glioma_Tr-gl_1115.jpg,val,tumor,glioma,Training/glioma/Tr-gl_1115.jpg,8f76f6de87248914de65d2875c0db38d,512,512
data\binary\val\tumor\meningioma_Tr-me_1264.jpg,val,tumor,meningioma,Training/meningioma/Tr-me_1264.jpg,ba101d243407427f2ae072f4dd2d913a,512,512
data\binary\val\tumor\glioma_Tr-gl_246.jpg,val,tumor,glioma,Training/glioma/Tr-gl_246.jpg,11011440fe8a7310444ed8d3ce880131,512,512
data\binary\val\no_tumor\notumor_Tr-no_1034.jpg,val,no_tumor,notumor,Training/notumor/Tr-no_1034.jpg,6312414a24f3cd0e77b435028a2817db,194,259
data\binary\val\tumor\glioma_Tr-gl_197.jpg,val,tumor,glioma,Training/glioma/Tr-gl_197.jpg,2d6cef7318c9baaabb37d18155e54e87,512,512
data\binary\val\tumor\pituitary_Tr-pi_517.jpg,val,tumor,pituitary,Training/pituitary/Tr-pi_517.jpg,03204c70a905b23fbd409ad8d994b1c7,512,512
data\binary\val\tumor\glioma_Tr-gl_136.jpg,val,tumor,glioma,Training/glioma/Tr-gl_136.jpg,5762b5e10b32a855423c3a705673c97b,512,512
data\binary\val\no_tumor\notumor_Tr-no_899.jpg,val,no_tumor,notumor,Training/notumor/Tr-no_899.jpg,119a0f04b836a95396bedbe8a4555706,438,502
data\binary\val\tumor\glioma_Tr-gl_1215.jpg,val,tumor,glioma,Training/glioma/Tr-gl_1215.jpg,2cee414d39dca89a5a18389964fb7c68,512,512
data\binary\val\tumor\glioma_Tr-gl_756.jpg,val,tumor,glioma,Training/glioma/Tr-gl_756.jpg,0d4deb8ecc54c7c811a835bce899140d,512,512
data\binary\val\tumor\meningioma_Tr-me_623.jpg,val,tumor,meningioma,Training/meningioma/Tr-me_623.jpg,aef025fb42a6411c6880de92c7bf93cf,512,512
data\binary\val\tumor\glioma_Tr-gl_1347.jpg,val,tumor,glioma,Training/glioma/Tr-gl_1347.jpg,10761aa29dcd68cd82dfd1a12d64a844,512,512
data\binary\val\tumor\meningioma_Tr-me_549.jpg,val,tumor,meningioma,Training/meningioma/Tr-me_549.jpg,6b15dd44eee9e455dbfa242fbbf66f08,512,512
data\binary\val\tumor\meningioma_Tr-me_640.jpg,val,tumor,meningioma,Training/meningioma/Tr-me_640.jpg,a6b6704e0982fac4c91243e79f986ed2,512,512
data\binary\val\tumor\glioma_Tr-gl_654.jpg,val,tumor,glioma,Training/glioma/Tr-gl_654.jpg,66033aade58fc367fab8fc23ffdbe1eb,512,512
data\binary\val\no_tumor\notumor_Tr-no_800.jpg,val,no_tumor,notumor,Training/notumor/Tr-no_800.jpg,b7062f895ddefa9a1ded708ab3013f70,192,192
data\binary\val\tumor\glioma_Tr-gl_88.jpg,val,tumor,glioma,Training/glioma/Tr-gl_88.jpg,8fc84747dcbdecf23a131ac5ff66d2e8,512,512
data\binary\val\tumor\meningioma_Tr-me_270.jpg,val,tumor,meningioma,Training/meningioma/Tr-me_270.jpg,5d1b3f4731ba67d6bd4992c0bee0c029,512,512
data\binary\val\no_tumor\notumor_Tr-no_6.jpg,val,no_tumor,notumor,Training/notumor/Tr-no_6.jpg,6afe882e0167cc6566c5ce845c1bf57c,680,680
data\binary\val\tumor\glioma_Tr-gl_122.jpg,val,tumor,glioma,Training/glioma/Tr-gl_122.jpg,b90810b451fa99ad330d5e7a2e1e335d,512,512
data\binary\val\no_tumor\notumor_Tr-no_319.jpg,val,no_tumor,notumor,Training/notumor/Tr-no_319.jpg,54c62042469ae33523d40cf2e9c09b34,225,225
data\binary\val\tumor\meningioma_Tr-me_4.jpg,val,tumor,meningioma,Training/meningioma/Tr-me_4.jpg,4f31d20cc849a92d4da2d32d2726c0d9,512,512
data\binary\val\tumor\meningioma_Tr-me_912.jpg,val,tumor,meningioma,Training/meningioma/Tr-me_912.jpg,f15431b787dc73da3b1f52c75ddbd018,512,512
data\binary\val\no_tumor\notumor_Tr-no_1296.jpg,val,no_tumor,notumor,Training/notumor/Tr-no_1296.jpg,70eed1d99bb5a74fbe883f211e8da993,642,361
data\binary\val\tumor\meningioma_Tr-me_1268.jpg,val,tumor,meningioma,Training/meningioma/Tr-me_1268.jpg,2c12140171e871250ed7cc3fbaeddf3a,512,512
data\binary\val\tumor\pituitary_Tr-pi_832.jpg,val,tumor,pituitary,Training/pituitary/Tr-pi_832.jpg,8c8f7fabfadadbb24ae08076945df47c,512,512
data\binary\val\no_tumor\notumor_Tr-no_242.jpg,val,no_tumor,notumor,Training/notumor/Tr-no_242.jpg,3a32ad37c9b830034f9b5dd5635099db,472,537
data\binary\val\tumor\meningioma_Tr-me_508.jpg,val,tumor,meningioma,Training/meningioma/Tr-me_508.jpg,e1d61cb3855f08780e7058d63e8e0640,512,512
data\binary\val\tumor\pituitary_Tr-pi_491.jpg,val,tumor,pituitary,Training/pituitary/Tr-pi_491.jpg,ca9afb398680b1980b2e95b9d5bc0b15,512,512
data\binary\val\tumor\meningioma_Tr-me_1110.jpg,val,tumor,meningioma,Training/meningioma/Tr-me_1110.jpg,fc432d7f9af4ed22b7b7166a0611ac5e,214,235
data\binary\val\tumor\meningioma_Tr-aug-me_73.jpg,val,tumor,meningioma,Training/meningioma/Tr-aug-me_73.jpg,dc343118d3cbb3fbf873593479532bac,512,512
data\binary\val\tumor\glioma_Tr-gl_65.jpg,val,tumor,glioma,Training/glioma/Tr-gl_65.jpg,c9eec0ed1265314e5ec3876858ec09ae,512,512
data\binary\val\no_tumor\notumor_Tr-no_554.jpg,val,no_tumor,notumor,Training/notumor/Tr-no_554.jpg,c6b742c6510e871ad946de38b5452a2b,227,262
data\binary\val\tumor\glioma_Tr-gl_716.jpg,val,tumor,glioma,Training/glioma/Tr-gl_716.jpg,6549c7ef372b971f4b68f18d873c08e2,512,512
data\binary\val\no_tumor\notumor_Tr-no_238.jpg,val,no_tumor,notumor,Training/notumor/Tr-no_238.jpg,76fbde3a6fbb84079cf4a85cf9734be9,228,221
data\binary\val\tumor\pituitary_Tr-pi_1080.jpg,val,tumor,pituitary,Training/pituitary/Tr-pi_1080.jpg,953289676af5b46079268ceaaa4a8288,512,512
data\binary\val\tumor\glioma_Tr-gl_599.jpg,val,tumor,glioma,Training/glioma/Tr-gl_599.jpg,ac5b7229b5db68aa56df4e39e9b1e161,512,512
data\binary\val\tumor\pituitary_Tr-pi_557.jpg,val,tumor,pituitary,Training/pituitary/Tr-pi_557.jpg,9cbd0a6c5e4b301be0352f46a44f3bc4,512,512
data\binary\val\tumor\glioma_Tr-gl_313.jpg,val,tumor,glioma,Training/glioma/Tr-gl_313.jpg,f8d858405aa30b2f9ca80c35c6e753e0,512,512
data\binary\val\tumor\meningioma_Tr-me_382.jpg,val,tumor,meningioma,Training/meningioma/Tr-me_382.jpg,580e8e3da25f48cedd4bd39ec50118e9,512,512
data\binary\val\tumor\glioma_Tr-gl_1133.jpg,val,tumor,glioma,Training/glioma/Tr-gl_1133.jpg,f8bad9fc610683b156907420321f16c6,512,512
data\binary\val\tumor\glioma_Tr-gl_279.jpg,val,tumor,glioma,Training/glioma/Tr-gl_279.jpg,088ef286380c133738564ede5d3d71bd,512,512
data\binary\val\tumor\meningioma_Tr-me_397.jpg,val,tumor,meningioma,Training/meningioma/Tr-me_397.jpg,d883d07a9abfaf4144380b5cf7a4e465,512,512
data\binary\val\tumor\glioma_Tr-gl_1234.jpg,val,tumor,glioma,Training/glioma/Tr-gl_1234.jpg,2dd256f1d8cda4d010df6feff92db7ec,512,512
data\binary\val\tumor\glioma_Tr-gl_44.jpg,val,tumor,glioma,Training/glioma/Tr-gl_44.jpg,506123a87656c66ef8ec90154a3e251e,512,512
data\binary\val\tumor\meningioma_Tr-me_622.jpg,val,tumor,meningioma,Training/meningioma/Tr-me_622.jpg,af24e88f0aefda340fb451ff6af5d058,512,512
data\binary\val\tumor\glioma_Tr-gl_1185.jpg,val,tumor,glioma,Training/glioma/Tr-gl_1185.jpg,f1544d73a1fa0430d75ac695a7018763,512,512
data\binary\val\no_tumor\notumor_Tr-no_955.jpg,val,no_tumor,notumor,Training/notumor/Tr-no_955.jpg,f11fea5655ad9a8a49edc1584f003cc3,220,275
data\binary\val\tumor\pituitary_Tr-pi_910.jpg,val,tumor,pituitary,Training/pituitary/Tr-pi_910.jpg,3bf512af4d02f6ac45a425118e7025c2,512,512
data\binary\val\no_tumor\notumor_Tr-no_16.jpg,val,no_tumor,notumor,Training/notumor/Tr-no_16.jpg,35770e4cfd325c0befa733e11da1191c,173,201
data\binary\val\tumor\meningioma_Tr-me_575.jpg,val,tumor,meningioma,Training/meningioma/Tr-me_575.jpg,aebc3c6419defae8e10ee4d3d4f91b62,512,512
data\binary\val\tumor\meningioma_Tr-me_367.jpg,val,tumor,meningioma,Training/meningioma/Tr-me_367.jpg,65b4b9da83c3b62d2e646b8dcd01bc5e,512,512
data\binary\val\tumor\glioma_Tr-gl_1176.jpg,val,tumor,glioma,Training/glioma/Tr-gl_1176.jpg,00d71e8d260e68e6e177d0417a86814b,512,512
data\binary\val\tumor\pituitary_Tr-pi_1180.jpg,val,tumor,pituitary,Training/pituitary/Tr-pi_1180.jpg,d91ef47a6ea8811815ede575d70fa146,512,512
data\binary\val\tumor\glioma_Tr-gl_785.jpg,val,tumor,glioma,Training/glioma/Tr-gl_785.jpg,c68bd36a49ec513f06b6eb9ab2ea875d,512,512
data\binary\val\tumor\glioma_Tr-gl_247.jpg,val,tumor,glioma,Training/glioma/Tr-gl_247.jpg,d62a361cccf65af8c41b5f612ceb0842,512,512
data\binary\val\tumor\glioma_Tr-gl_1087.jpg,val,tumor,glioma,Training/glioma/Tr-gl_1087.jpg,a827fd56ffc26afa39eb7613680aaff1,512,512
data\binary\val\tumor\glioma_Tr-gl_1226.jpg,val,tumor,glioma,Training/glioma/Tr-gl_1226.jpg,153499cf7c35ede8f764f12f086e6336,512,512
data\binary\val\tumor\glioma_Tr-gl_1148.jpg,val,tumor,glioma,Training/glioma/Tr-gl_1148.jpg,ea7f452721c0c28b6020a68b199400f3,512,512
data\binary\val\no_tumor\notumor_Tr-no_260.jpg,val,no_tumor,notumor,Training/notumor/Tr-no_260.jpg,fa656f0c1a51c3b4cbd5c9e712656cc8,218,231
data\binary\val\tumor\pituitary_Tr-pi_746.jpg,val,tumor,pituitary,Training/pituitary/Tr-pi_746.jpg,8f6478b364633513a4e83ae6ac7b9dc5,512,512
data\binary\val\no_tumor\notumor_Tr-no_917.jpg,val,no_tumor,notumor,Training/notumor/Tr-no_917.jpg,264142903905fa2a9aec28feaaee730d,214,236
data\binary\val\tumor\pituitary_Tr-pi_685.jpg,val,tumor,pituitary,Training/pituitary/Tr-pi_685.jpg,3098eb3a2c14c6141059780550970097,512,512
data\binary\val\no_tumor\notumor_Tr-no_561.jpg,val,no_tumor,notumor,Training/notumor/Tr-no_561.jpg,2ca61dc8f1f961d51beaddb46feb7385,441,442
data\binary\val\tumor\glioma_Tr-gl_803.jpg,val,tumor,glioma,Training/glioma/Tr-gl_803.jpg,8d6ca53b64a141ad6ab16487bf6801f6,512,512
data\binary\val\tumor\meningioma_Tr-me_1051.jpg,val,tumor,meningioma,Training/meningioma/Tr-me_1051.jpg,c9e42d3c9fc1b30b5cf10ba1e579c2e0,512,512
data\binary\val\tumor\pituitary_Tr-pi_1157.jpg,val,tumor,pituitary,Training/pituitary/Tr-pi_1157.jpg,0d5c23873a186d6356538a787aa34121,512,512
data\binary\val\no_tumor\notumor_Tr-no_783.jpg,val,no_tumor,notumor,Training/notumor/Tr-no_783.jpg,aa995991294e90b0a448dae20d5cf70f,236,257
data\binary\val\no_tumor\notumor_Tr-no_377.jpg,val,no_tumor,notumor,Training/notumor/Tr-no_377.jpg,74fe56272c80bfb58202b4f7afd6df72,192,192
data\binary\val\no_tumor\notumor_Tr-no_392.jpg,val,no_tumor,notumor,Training/notumor/Tr-no_392.jpg,68bd85d48d663c695a67f531d69c1fe8,420,280
data\binary\val\tumor\pituitary_Tr-pi_36.jpg,val,tumor,pituitary,Training/pituitary/Tr-pi_36.jpg,badecc8c9ae384add759db8291ce99a0,512,512
data\binary\val\tumor\meningioma_Tr-me_948.jpg,val,tumor,meningioma,Training/meningioma/Tr-me_948.jpg,eef00355ea0c1691269ae7aaf5532f64,512,512
data\binary\val\tumor\glioma_Tr-gl_902.jpg,val,tumor,glioma,Training/glioma/Tr-gl_902.jpg,7033092f32c9d72de7fd482263f2d628,512,512
data\binary\val\tumor\meningioma_Tr-me_653.jpg,val,tumor,meningioma,Training/meningioma/Tr-me_653.jpg,3cb17d6fe9ad584ea166942383d86c70,512,512
data\binary\val\tumor\meningioma_Tr-me_898.jpg,val,tumor,meningioma,Training/meningioma/Tr-me_898.jpg,1d953cf35c57480925ffddcaa7dd157e,512,512
data\binary\val\no_tumor\notumor_Tr-no_263.jpg,val,no_tumor,notumor,Training/notumor/Tr-no_263.jpg,61e676baf05abcdf63de77990e42e059,550,664
data\binary\val\tumor\meningioma_Tr-aug-me_100.jpg,val,tumor,meningioma,Training/meningioma/Tr-aug-me_100.jpg,245e76fc861c831360d6d5312d4c01f6,512,512
data\binary\val\no_tumor\notumor_Tr-no_1226.jpg,val,no_tumor,notumor,Training/notumor/Tr-no_1226.jpg,a6363255a28af9ed45dbf44346c61981,214,236
data\binary\val\tumor\meningioma_Tr-me_971.jpg,val,tumor,meningioma,Training/meningioma/Tr-me_971.jpg,51a5e4b2a65500ec1c765662ec9bf4f4,512,512
data\binary\val\no_tumor\notumor_Tr-no_522.jpg,val,no_tumor,notumor,Training/notumor/Tr-no_522.jpg,77d84ba95eacd41f5f1f214b38f29b7b,236,236
data\binary\val\tumor\pituitary_Tr-pi_521.jpg,val,tumor,pituitary,Training/pituitary/Tr-pi_521.jpg,0d911c024a906f6fb7875689d9d3729e,512,512
data\binary\val\tumor\glioma_Tr-gl_244.jpg,val,tumor,glioma,Training/glioma/Tr-gl_244.jpg,d08d4ca11c053e66fffe87f4905bbf3c,512,512
data\binary\val\no_tumor\notumor_Tr-no_276.jpg,val,no_tumor,notumor,Training/notumor/Tr-no_276.jpg,7bdba228cf4b25547961f9bdc56cee2a,218,231
data\binary\val\no_tumor\notumor_Tr-no_365.jpg,val,no_tumor,notumor,Training/notumor/Tr-no_365.jpg,bca402ba95baff7510626e5403a4971d,350,350
data\binary\val\tumor\pituitary_Tr-pi_189.jpg,val,tumor,pituitary,Training/pituitary/Tr-pi_189.jpg,328e91b1b605bb7473496107d895c5ee,512,512
data\binary\val\no_tumor\notumor_Tr-no_529.jpg,val,no_tumor,notumor,Training/notumor/Tr-no_529.jpg,bf0ef7ad56cae2d8d463a0cfd8557973,173,201
data\binary\val\no_tumor\notumor_Tr-no_987.jpg,val,no_tumor,notumor,Training/notumor/Tr-no_987.jpg,ccc80481e9d98685cee7a40116c9a12e,393,400
data\binary\val\tumor\glioma_Tr-gl_330.jpg,val,tumor,glioma,Training/glioma/Tr-gl_330.jpg,d1086641843d874e55d4ae8833ee69cd,512,512
data\binary\val\tumor\glioma_Tr-gl_679.jpg,val,tumor,glioma,Training/glioma/Tr-gl_679.jpg,473f42113dd735b74cfce2f376370f1c,512,512
data\binary\val\no_tumor\notumor_Tr-no_1126.jpg,val,no_tumor,notumor,Training/notumor/Tr-no_1126.jpg,b71e64834740e5c0589d52e7145a83f0,232,217
data\binary\val\tumor\glioma_Tr-gl_425.jpg,val,tumor,glioma,Training/glioma/Tr-gl_425.jpg,3e36a8c5c2b227b2a3520bdb746460fb,512,512
data\binary\val\tumor\pituitary_Tr-pi_185.jpg,val,tumor,pituitary,Training/pituitary/Tr-pi_185.jpg,5ed8e2fa1391a19c01f5a0e519305f12,512,512
data\binary\val\tumor\pituitary_Tr-pi_313.jpg,val,tumor,pituitary,Training/pituitary/Tr-pi_313.jpg,403e886f2160e7135ab63eca2234bb96,512,512
data\binary\val\tumor\pituitary_Tr-pi_283.jpg,val,tumor,pituitary,Training/pituitary/Tr-pi_283.jpg,5021eb8edaa58bb3aa7fd1f08ab04fd4,512,512
data\binary\val\no_tumor\notumor_Tr-no_1218.jpg,val,no_tumor,notumor,Training/notumor/Tr-no_1218.jpg,d8e941fcbcf0fed1aec2d8831b6977ec,276,326
data\binary\val\no_tumor\notumor_Tr-no_606.jpg,val,no_tumor,notumor,Training/notumor/Tr-no_606.jpg,47de6b02c55fb97b1d294a9193cbf5cc,235,227
data\binary\val\tumor\pituitary_Tr-pi_322.jpg,val,tumor,pituitary,Training/pituitary/Tr-pi_322.jpg,b83fd4aec80ae0efef76011167ac8d3e,512,512
data\binary\val\tumor\glioma_Tr-gl_926.jpg,val,tumor,glioma,Training/glioma/Tr-gl_926.jpg,2f3dad6ab2c7819aed98172ea00c8fb5,512,512
data\binary\val\tumor\meningioma_Tr-me_1164.jpg,val,tumor,meningioma,Training/meningioma/Tr-me_1164.jpg,947732e9d10083ef3523ad65bf09c87e,512,512
data\binary\val\no_tumor\notumor_Tr-no_528.jpg,val,no_tumor,notumor,Training/notumor/Tr-no_528.jpg,944205bba3c0eaa9f54382387ecc4455,227,262
data\binary\val\no_tumor\notumor_Tr-no_915.jpg,val,no_tumor,notumor,Training/notumor/Tr-no_915.jpg,de88a59391de1bbee66c47250ffce401,236,213
data\binary\val\tumor\meningioma_Tr-me_400.jpg,val,tumor,meningioma,Training/meningioma/Tr-me_400.jpg,537880a132ee35141a1e3236e207421b,512,512
data\binary\val\tumor\meningioma_Tr-me_635.jpg,val,tumor,meningioma,Training/meningioma/Tr-me_635.jpg,e1658165b3fd1522614ab661229706d2,512,512
data\binary\val\tumor\pituitary_Tr-pi_1032.jpg,val,tumor,pituitary,Training/pituitary/Tr-pi_1032.jpg,da376fbede56d64c60ce54240798f8b4,512,512
data\binary\val\tumor\pituitary_Tr-pi_154.jpg,val,tumor,pituitary,Training/pituitary/Tr-pi_154.jpg,8d660ee9a5f75254224ac71f3ff7973a,512,512
data\binary\val\tumor\pituitary_Tr-pi_68.jpg,val,tumor,pituitary,Training/pituitary/Tr-pi_68.jpg,e83db6111d110510f6decd5a8a47f039,512,512
data\binary\val\no_tumor\notumor_Tr-no_405.jpg,val,no_tumor,notumor,Training/notumor/Tr-no_405.jpg,982f6ab1d04eb2b4970f9ff54542fb96,230,282
data\binary\val\no_tumor\notumor_Tr-no_782.jpg,val,no_tumor,notumor,Training/notumor/Tr-no_782.jpg,5b87cc98bccb673975488bd1c85ccc89,235,304
data\binary\val\tumor\glioma_Tr-gl_1364.jpg,val,tumor,glioma,Training/glioma/Tr-gl_1364.jpg,4c93c5c42960dcb86cac073d272ce763,512,512
data\binary\val\no_tumor\notumor_Tr-no_888.jpg,val,no_tumor,notumor,Training/notumor/Tr-no_888.jpg,fdd4e152bdadbf2731fa4481bc41bce5,420,280
data\binary\val\tumor\meningioma_Tr-me_1095.jpg,val,tumor,meningioma,Training/meningioma/Tr-me_1095.jpg,92a2079670cc7add1fc650cb67e63b76,512,512
data\binary\val\tumor\meningioma_Tr-me_242.jpg,val,tumor,meningioma,Training/meningioma/Tr-me_242.jpg,20fccb081d1ef6ef188729a96e7d4aef,512,512
data\binary\val\tumor\meningioma_Tr-aug-me_91.jpg,val,tumor,meningioma,Training/meningioma/Tr-aug-me_91.jpg,5ac635ab3e61f1897b1e4188fdc1c3f2,512,512
data\binary\val\tumor\meningioma_Tr-me_82.jpg,val,tumor,meningioma,Training/meningioma/Tr-me_82.jpg,d7287d1f72c51e9eb9064c27956fe9a5,512,512
data\binary\val\no_tumor\notumor_Tr-no_589.jpg,val,no_tumor,notumor,Training/notumor/Tr-no_589.jpg,c77d9a4b8670f3cc6d63956a2430faf4,218,231
data\binary\val\tumor\pituitary_Tr-pi_862.jpg,val,tumor,pituitary,Training/pituitary/Tr-pi_862.jpg,11ce3ed99a783030bd1528ac705edf80,512,512
data\binary\val\tumor\pituitary_Tr-pi_597.jpg,val,tumor,pituitary,Training/pituitary/Tr-pi_597.jpg,7e85b0cf731be2f3e74199cdb3688333,512,512
data\binary\val\tumor\glioma_Tr-gl_929.jpg,val,tumor,glioma,Training/glioma/Tr-gl_929.jpg,45da140839d9a99445bbc6297e9e398b,512,512
data\binary\val\no_tumor\notumor_Tr-no_56.jpg,val,no_tumor,notumor,Training/notumor/Tr-no_56.jpg,f6a666f3aad6223c98e59c677b06310c,225,225
data\binary\val\tumor\meningioma_Tr-me_572.jpg,val,tumor,meningioma,Training/meningioma/Tr-me_572.jpg,092dec6f3fd976d74e07ada4f9f13043,512,512
data\binary\val\no_tumor\notumor_Tr-no_1365.jpg,val,no_tumor,notumor,Training/notumor/Tr-no_1365.jpg,17f184fccdaa0c1e40b8bc353afcd0cf,227,222
data\binary\val\no_tumor\notumor_Tr-no_91.jpg,val,no_tumor,notumor,Training/notumor/Tr-no_91.jpg,b95587f22f42f1f85bf840692b8442fd,225,225
data\binary\val\tumor\pituitary_Tr-pi_1272.jpg,val,tumor,pituitary,Training/pituitary/Tr-pi_1272.jpg,3ed85a4adcb6594aa8138eb61cc7ffc1,512,512
data\binary\val\tumor\glioma_Tr-gl_921.jpg,val,tumor,glioma,Training/glioma/Tr-gl_921.jpg,3b458354a7ede4d61866398c577736d6,512,512
data\binary\val\tumor\pituitary_Tr-pi_1376.jpg,val,tumor,pituitary,Training/pituitary/Tr-pi_1376.jpg,284df022a28137d6b9a4d2e4dc092919,512,512
data\binary\val\tumor\glioma_Tr-gl_515.jpg,val,tumor,glioma,Training/glioma/Tr-gl_515.jpg,4b908221216c7f8b4a1ca5cdd7859d65,512,512
data\binary\val\no_tumor\notumor_Tr-no_1359.jpg,val,no_tumor,notumor,Training/notumor/Tr-no_1359.jpg,a5e7be98cf6606e82a21eb539b41d3fa,206,244
data\binary\val\tumor\meningioma_Tr-me_688.jpg,val,tumor,meningioma,Training/meningioma/Tr-me_688.jpg,41fc6c383287f88162c8196ae30cc6fc,441,427
data\binary\val\no_tumor\notumor_Tr-no_1249.jpg,val,no_tumor,notumor,Training/notumor/Tr-no_1249.jpg,6bc7964a15dde0d45d34fba07f072252,150,198
data\binary\val\tumor\meningioma_Tr-me_232.jpg,val,tumor,meningioma,Training/meningioma/Tr-me_232.jpg,052f3be92ac2551836ee7b865c8d104b,512,512
data\binary\val\tumor\pituitary_Tr-pi_682.jpg,val,tumor,pituitary,Training/pituitary/Tr-pi_682.jpg,a1fdd0938f2e8d725ec4bf63776c9748,512,512
data\binary\val\tumor\pituitary_Tr-pi_1123.jpg,val,tumor,pituitary,Training/pituitary/Tr-pi_1123.jpg,994d84d1082d3997e7202ef180346086,512,512
data\binary\val\tumor\glioma_Tr-gl_1396.jpg,val,tumor,glioma,Training/glioma/Tr-gl_1396.jpg,5a04b7dc423268daf9d422c8d7febed6,512,512
data\binary\val\no_tumor\notumor_Tr-no_1147.jpg,val,no_tumor,notumor,Training/notumor/Tr-no_1147.jpg,b57680298c1ff83c2f7348507d59dc3a,200,252
data\binary\val\tumor\glioma_Tr-gl_335.jpg,val,tumor,glioma,Training/glioma/Tr-gl_335.jpg,f6f16986d3809e21c957b87c2e1cd92c,512,512
data\binary\val\tumor\meningioma_Tr-me_876.jpg,val,tumor,meningioma,Training/meningioma/Tr-me_876.jpg,5883c051a9c044023c1bf31a78d6cf91,512,512
data\binary\val\tumor\meningioma_Tr-me_71.jpg,val,tumor,meningioma,Training/meningioma/Tr-me_71.jpg,a30925590f927406b61454d78df6a40b,512,512
data\binary\val\tumor\meningioma_Tr-me_1180.jpg,val,tumor,meningioma,Training/meningioma/Tr-me_1180.jpg,4b8c9e238eb146aa4c8f533551782f5f,512,512
data\binary\val\tumor\meningioma_Tr-me_486.jpg,val,tumor,meningioma,Training/meningioma/Tr-me_486.jpg,6d9a5457d22081667ee3ece050a10d06,214,216
data\binary\val\tumor\glioma_Tr-gl_1392.jpg,val,tumor,glioma,Training/glioma/Tr-gl_1392.jpg,1fb19ef6cc5ff88d18b2645914217302,512,512
data\binary\val\tumor\pituitary_Tr-pi_303.jpg,val,tumor,pituitary,Training/pituitary/Tr-pi_303.jpg,bfe7850c6e508eb229cd4129c877ce38,512,512
data\binary\val\tumor\pituitary_Tr-pi_568.jpg,val,tumor,pituitary,Training/pituitary/Tr-pi_568.jpg,530d37d5545c65dc113344d2f891c373,512,512
data\binary\val\tumor\meningioma_Tr-me_392.jpg,val,tumor,meningioma,Training/meningioma/Tr-me_392.jpg,8cdcff6a4387031484c11dd69cad0b27,512,512
data\binary\val\tumor\glioma_Tr-gl_595.jpg,val,tumor,glioma,Training/glioma/Tr-gl_595.jpg,86a91fc13a290538c39ccce0b62088c4,512,512
data\binary\val\no_tumor\notumor_Tr-no_351.jpg,val,no_tumor,notumor,Training/notumor/Tr-no_351.jpg,7ff61eeab3dd590beb6a5ea5be33bdcd,225,225
data\binary\val\no_tumor\notumor_Tr-no_1172.jpg,val,no_tumor,notumor,Training/notumor/Tr-no_1172.jpg,d5b6f3d3223ce99fdc2da2066969f085,236,236
data\binary\val\tumor\meningioma_Tr-me_446.jpg,val,tumor,meningioma,Training/meningioma/Tr-me_446.jpg,6f9635b3910bec7506ac0e11836caaba,512,512
data\binary\val\no_tumor\notumor_Tr-no_1259.jpg,val,no_tumor,notumor,Training/notumor/Tr-no_1259.jpg,9f3ac93badbcca2e0dec7ff9cb1cd343,227,262
data\binary\val\no_tumor\notumor_Tr-no_1239.jpg,val,no_tumor,notumor,Training/notumor/Tr-no_1239.jpg,380fbddaed7b0320ffa00bf26047b467,236,213
data\binary\val\tumor\meningioma_Tr-aug-me_44.jpg,val,tumor,meningioma,Training/meningioma/Tr-aug-me_44.jpg,b7d6659c60f53d1522d736a5873bf3a9,512,512
data\binary\val\tumor\meningioma_Tr-me_736.jpg,val,tumor,meningioma,Training/meningioma/Tr-me_736.jpg,cd839ee79a313312aff9d721ec87874e,512,512
data\binary\val\no_tumor\notumor_Tr-no_1082.jpg,val,no_tumor,notumor,Training/notumor/Tr-no_1082.jpg,54ca08fdf8994d2f212cf9d47346d419,201,251
data\binary\val\tumor\glioma_Tr-gl_1350.jpg,val,tumor,glioma,Training/glioma/Tr-gl_1350.jpg,91695480c4bc3f3358ba1b31574aad8a,512,512
data\binary\val\tumor\glioma_Tr-gl_1016.jpg,val,tumor,glioma,Training/glioma/Tr-gl_1016.jpg,365b0703c49421f1febb36607c4d76e8,512,512
data\binary\val\tumor\glioma_Tr-gl_29.jpg,val,tumor,glioma,Training/glioma/Tr-gl_29.jpg,ab70490ea72451f229179f95148e11c8,512,512
data\binary\val\tumor\glioma_Tr-gl_459.jpg,val,tumor,glioma,Training/glioma/Tr-gl_459.jpg,b12c9fac78717704fe4c12ca9eb84faa,512,512
data\binary\val\tumor\meningioma_Tr-aug-me_14.jpg,val,tumor,meningioma,Training/meningioma/Tr-aug-me_14.jpg,dc65665ac8d1901b219ae2885f1a8f71,512,512
data\binary\val\tumor\glioma_Tr-gl_925.jpg,val,tumor,glioma,Training/glioma/Tr-gl_925.jpg,adbb27715ea4fbb5c1988972b1607266,512,512
data\binary\val\tumor\glioma_Tr-gl_732.jpg,val,tumor,glioma,Training/glioma/Tr-gl_732.jpg,3090d83a99e08bf14c568f547f6550b7,512,512
data\binary\val\tumor\pituitary_Tr-pi_152.jpg,val,tumor,pituitary,Training/pituitary/Tr-pi_152.jpg,c1cfb0e72cb91aea3fdd8baaf1022144,512,512
data\binary\val\tumor\pituitary_Tr-pi_992.jpg,val,tumor,pituitary,Training/pituitary/Tr-pi_992.jpg,be4aae1069b73825aaf4922cb3a6a2c4,512,512
data\binary\val\tumor\glioma_Tr-gl_843.jpg,val,tumor,glioma,Training/glioma/Tr-gl_843.jpg,cf20dc19e7bfe5fe0d5ab5ff16325da3,512,512
data\binary\val\tumor\pituitary_Tr-pi_715.jpg,val,tumor,pituitary,Training/pituitary/Tr-pi_715.jpg,c4c50b302fa2842bdd8a9ff7e92923c0,512,512
data\binary\val\tumor\glioma_Tr-gl_370.jpg,val,tumor,glioma,Training/glioma/Tr-gl_370.jpg,0f5116223b6ef790999852cb41ae38a3,512,512
data\binary\val\tumor\pituitary_Tr-pi_1036.jpg,val,tumor,pituitary,Training/pituitary/Tr-pi_1036.jpg,453b3362aa9f91d233632dec2165b08c,512,512
data\binary\val\tumor\pituitary_Tr-pi_974.jpg,val,tumor,pituitary,Training/pituitary/Tr-pi_974.jpg,c4662b55eb9f3404d40887b8dadcc876,512,512
data\binary\val\no_tumor\notumor_Tr-no_212.jpg,val,no_tumor,notumor,Training/notumor/Tr-no_212.jpg,6057c2a9206f7718dee75c73b1fa87ac,225,225
data\binary\val\tumor\meningioma_Tr-me_1101.jpg,val,tumor,meningioma,Training/meningioma/Tr-me_1101.jpg,a501e6ea3748d3aebea8e8735268ec5b,512,512
data\binary\val\tumor\pituitary_Tr-pi_1366.jpg,val,tumor,pituitary,Training/pituitary/Tr-pi_1366.jpg,35551159033370fca9c875b4359f4593,512,512
data\binary\val\tumor\pituitary_Tr-pi_1015.jpg,val,tumor,pituitary,Training/pituitary/Tr-pi_1015.jpg,8f37a6d678635a7e2144ad7de2fe37f8,512,512
data\binary\val\tumor\glioma_Tr-gl_887.jpg,val,tumor,glioma,Training/glioma/Tr-gl_887.jpg,b1c2c7ac142d4d73ecdd5492992fdc86,512,512
data\binary\val\tumor\pituitary_Tr-pi_148.jpg,val,tumor,pituitary,Training/pituitary/Tr-pi_148.jpg,15b50760d200960c140cad71458ba37d,512,512
data\binary\val\no_tumor\notumor_Tr-no_650.jpg,val,no_tumor,notumor,Training/notumor/Tr-no_650.jpg,205039ef14830af4250af86c1b8a9eea,233,228
data\binary\val\no_tumor\notumor_Tr-no_637.jpg,val,no_tumor,notumor,Training/notumor/Tr-no_637.jpg,75050e767b663bbbed4c35ac7cefc71e,225,225
data\binary\val\tumor\glioma_Tr-gl_414.jpg,val,tumor,glioma,Training/glioma/Tr-gl_414.jpg,634e608c06e99af114ed53945add032a,512,512
data\binary\val\tumor\pituitary_Tr-pi_589.jpg,val,tumor,pituitary,Training/pituitary/Tr-pi_589.jpg,3beeeb105d217b545c9b1e62b8497adf,256,256
data\binary\val\no_tumor\notumor_Tr-no_253.jpg,val,no_tumor,notumor,Training/notumor/Tr-no_253.jpg,8f3c126d49485b3289f16ea5e8a7b8df,630,630
data\binary\val\no_tumor\notumor_Tr-no_189.jpg,val,no_tumor,notumor,Training/notumor/Tr-no_189.jpg,cd224714f16dd2c0f38cf7e374d341cb,630,630
data\binary\val\tumor\glioma_Tr-gl_598.jpg,val,tumor,glioma,Training/glioma/Tr-gl_598.jpg,b0e0a720e50a710eb3157861d4f79b79,512,512
data\binary\val\tumor\meningioma_Tr-me_127.jpg,val,tumor,meningioma,Training/meningioma/Tr-me_127.jpg,5f775721720b18ae2b53da3210eb5ab5,512,512
data\binary\val\no_tumor\notumor_Tr-no_1171.jpg,val,no_tumor,notumor,Training/notumor/Tr-no_1171.jpg,ae63ee4a97edd8df5b4dc6d6f2e520f6,387,469
data\binary\val\tumor\pituitary_Tr-pi_177.jpg,val,tumor,pituitary,Training/pituitary/Tr-pi_177.jpg,da05759c504c0d354f4f3d06d6e85192,512,512
data\binary\val\tumor\glioma_Tr-gl_101.jpg,val,tumor,glioma,Training/glioma/Tr-gl_101.jpg,29ff351bcc1ea9fbe733565b2d2feefa,512,512
data\binary\val\tumor\glioma_Tr-gl_540.jpg,val,tumor,glioma,Training/glioma/Tr-gl_540.jpg,241066edcc412c584125805db7db713a,512,512
data\binary\val\tumor\glioma_Tr-gl_616.jpg,val,tumor,glioma,Training/glioma/Tr-gl_616.jpg,f79fcd993b602411a56f939d691c30fb,512,512
data\binary\val\tumor\pituitary_Tr-pi_981.jpg,val,tumor,pituitary,Training/pituitary/Tr-pi_981.jpg,66a6d9c3455a44341ff8c051ad4f01dd,512,512
data\binary\val\no_tumor\notumor_Tr-no_893.jpg,val,no_tumor,notumor,Training/notumor/Tr-no_893.jpg,51a3b1ef6f530b5fdaef6bb01ca5ad3d,680,680
data\binary\val\tumor\pituitary_Tr-pi_1270.jpg,val,tumor,pituitary,Training/pituitary/Tr-pi_1270.jpg,542ee1169245cf0dd3926e9f0cfc6fdd,512,512
data\binary\val\tumor\glioma_Tr-gl_575.jpg,val,tumor,glioma,Training/glioma/Tr-gl_575.jpg,e19e775c6fbf5198cbbbc6f596faa3d5,512,512
data\binary\val\tumor\pituitary_Tr-pi_632.jpg,val,tumor,pituitary,Training/pituitary/Tr-pi_632.jpg,ad7de9685edbd496e0d8ed8b319c9ec5,512,512
data\binary\val\tumor\meningioma_Tr-me_725.jpg,val,tumor,meningioma,Training/meningioma/Tr-me_725.jpg,628100a306b30a6859c520b50851de12,512,512
data\binary\val\tumor\glioma_Tr-gl_1339.jpg,val,tumor,glioma,Training/glioma/Tr-gl_1339.jpg,27742d339d19821fd00cc5953bebd120,512,512
data\binary\val\no_tumor\notumor_Tr-no_435.jpg,val,no_tumor,notumor,Training/notumor/Tr-no_435.jpg,961071052eb301a3e0cd452df5cfa975,400,442
data\binary\val\tumor\glioma_Tr-gl_693.jpg,val,tumor,glioma,Training/glioma/Tr-gl_693.jpg,413fd786fbc8ac5f8ba5679742f54b3a,512,512
data\binary\val\tumor\pituitary_Tr-pi_714.jpg,val,tumor,pituitary,Training/pituitary/Tr-pi_714.jpg,7cc02ea4219b558d389060b71ba47376,512,512
data\binary\val\no_tumor\notumor_Tr-no_718.jpg,val,no_tumor,notumor,Training/notumor/Tr-no_718.jpg,fee812a9b99a16a9031f0f9c85b9ddc7,225,225
data\binary\val\no_tumor\notumor_Tr-no_1351.jpg,val,no_tumor,notumor,Training/notumor/Tr-no_1351.jpg,ed2f2ce4b1d6cc91bf94e65ec0d56044,236,239
data\binary\val\tumor\meningioma_Tr-me_621.jpg,val,tumor,meningioma,Training/meningioma/Tr-me_621.jpg,1abb07c5f6c499b8eba4def2edd7bfbe,512,512
data\binary\val\no_tumor\notumor_Tr-no_939.jpg,val,no_tumor,notumor,Training/notumor/Tr-no_939.jpg,919c0bf82f05a91dc80db25c0fffea1b,356,474
data\binary\val\tumor\pituitary_Tr-pi_1237.jpg,val,tumor,pituitary,Training/pituitary/Tr-pi_1237.jpg,cf07f96aa3e96969eac616a2b6c182ff,512,512
data\binary\val\tumor\meningioma_Tr-me_990.jpg,val,tumor,meningioma,Training/meningioma/Tr-me_990.jpg,1682b76cd279491cd2d1637b65585fd8,512,512
data\binary\val\tumor\meningioma_Tr-me_377.jpg,val,tumor,meningioma,Training/meningioma/Tr-me_377.jpg,79c64f112b7fbee617ce5044125dbb99,512,512
data\binary\val\tumor\glioma_Tr-gl_877.jpg,val,tumor,glioma,Training/glioma/Tr-gl_877.jpg,99584caec376d8e69ac411c106440515,512,512
data\binary\val\tumor\pituitary_Tr-pi_1175.jpg,val,tumor,pituitary,Training/pituitary/Tr-pi_1175.jpg,acfb1cb95cdb286064b8e015f9327bac,512,512
data\binary\val\tumor\meningioma_Tr-me_371.jpg,val,tumor,meningioma,Training/meningioma/Tr-me_371.jpg,9820c9cf996b6dcfbb63f5adf6742543,512,512
data\binary\val\tumor\meningioma_Tr-me_906.jpg,val,tumor,meningioma,Training/meningioma/Tr-me_906.jpg,2142dc208f871205d69d9a531a7dee94,512,512
data\binary\val\tumor\meningioma_Tr-me_692.jpg,val,tumor,meningioma,Training/meningioma/Tr-me_692.jpg,7fac1832d5e4a462e92c98717f42b7ad,512,512
data\binary\val\tumor\pituitary_Tr-pi_35.jpg,val,tumor,pituitary,Training/pituitary/Tr-pi_35.jpg,968c2e3cb420fbd86895f46b72785957,512,512
data\binary\val\tumor\glioma_Tr-gl_1134.jpg,val,tumor,glioma,Training/glioma/Tr-gl_1134.jpg,c75e211fbe69428951f75084def66329,512,512
data\binary\val\no_tumor\notumor_Tr-no_1138.jpg,val,no_tumor,notumor,Training/notumor/Tr-no_1138.jpg,96b9cc174a6368cc1d48fd2eda227521,225,225
data\binary\val\tumor\pituitary_Tr-pi_80.jpg,val,tumor,pituitary,Training/pituitary/Tr-pi_80.jpg,25c38d351aafda12a04848a75657a5ad,512,512
data\binary\val\tumor\meningioma_Tr-me_420.jpg,val,tumor,meningioma,Training/meningioma/Tr-me_420.jpg,345bd86b111e9341811ee9a8f1cbc396,512,512
data\binary\val\no_tumor\notumor_Tr-no_346.jpg,val,no_tumor,notumor,Training/notumor/Tr-no_346.jpg,99a9b7e8335e6d7d333a645f024038e1,235,216
data\binary\val\tumor\pituitary_Tr-pi_595.jpg,val,tumor,pituitary,Training/pituitary/Tr-pi_595.jpg,db15235729207e4dabac088bb834ad48,512,512
data\binary\val\tumor\meningioma_Tr-me_899.jpg,val,tumor,meningioma,Training/meningioma/Tr-me_899.jpg,a53670edc650738ef69a9a42cb0eb9bb,512,512
data\binary\val\tumor\pituitary_Tr-pi_1341.jpg,val,tumor,pituitary,Training/pituitary/Tr-pi_1341.jpg,64c5701044449e8b4cc023a66ce624a9,512,512
data\binary\val\no_tumor\notumor_Tr-no_90.jpg,val,no_tumor,notumor,Training/notumor/Tr-no_90.jpg,33c56e184f1729167e9d39abc1a4776d,314,260
data\binary\val\tumor\glioma_Tr-gl_163.jpg,val,tumor,glioma,Training/glioma/Tr-gl_163.jpg,79e90bfd484ada4ced3494d0e23c462f,512,512
data\binary\val\tumor\glioma_Tr-gl_522.jpg,val,tumor,glioma,Training/glioma/Tr-gl_522.jpg,66f361de481d8e90b6323be16f546a3b,512,512
data\binary\val\tumor\pituitary_Tr-pi_354.jpg,val,tumor,pituitary,Training/pituitary/Tr-pi_354.jpg,2a98ef6c56df10df89d5aa53b742fd65,512,512
data\binary\val\tumor\glioma_Tr-gl_651.jpg,val,tumor,glioma,Training/glioma/Tr-gl_651.jpg,58f36c5a17a96618e8afef02c717e7b2,512,512
data\binary\val\tumor\pituitary_Tr-pi_432.jpg,val,tumor,pituitary,Training/pituitary/Tr-pi_432.jpg,383aab08c14a7a7f7e8e1418de6f819e,512,512
data\binary\val\no_tumor\notumor_Tr-no_1349.jpg,val,no_tumor,notumor,Training/notumor/Tr-no_1349.jpg,c34bb3e1e11a907b77319cca81944657,504,540
data\binary\val\tumor\meningioma_Tr-me_808.jpg,val,tumor,meningioma,Training/meningioma/Tr-me_808.jpg,428a6810123a315aeffa0fee99e48dfc,512,512
data\binary\val\tumor\glioma_Tr-gl_1046.jpg,val,tumor,glioma,Training/glioma/Tr-gl_1046.jpg,237773fdecf882ee1efa92be0d80bd06,512,512
data\binary\val\tumor\pituitary_Tr-pi_327.jpg,val,tumor,pituitary,Training/pituitary/Tr-pi_327.jpg,a724c9c4734ef5f13be6d4b9226ed5ef,512,512
data\binary\val\tumor\pituitary_Tr-pi_1261.jpg,val,tumor,pituitary,Training/pituitary/Tr-pi_1261.jpg,eea6572c0d43fbfc6cbe7de7a803a082,512,512
data\binary\val\tumor\glioma_Tr-gl_664.jpg,val,tumor,glioma,Training/glioma/Tr-gl_664.jpg,81e9fc06819cbb7248933c472b802280,512,512
data\binary\val\tumor\meningioma_Tr-me_636.jpg,val,tumor,meningioma,Training/meningioma/Tr-me_636.jpg,f3595e756ca08a09795173f594eed72e,512,512
data\binary\val\tumor\meningioma_Tr-me_982.jpg,val,tumor,meningioma,Training/meningioma/Tr-me_982.jpg,7f8f330eb3b9c40aa854564a7b21aacb,512,512
data\binary\val\tumor\meningioma_Tr-me_129.jpg,val,tumor,meningioma,Training/meningioma/Tr-me_129.jpg,921cb6a359fbdab7caee5f1f369acffd,512,512
data\binary\val\no_tumor\notumor_Tr-no_288.jpg,val,no_tumor,notumor,Training/notumor/Tr-no_288.jpg,e42b3eea55b05907ab362e2789dc2afa,630,630
data\binary\val\tumor\meningioma_Tr-me_407.jpg,val,tumor,meningioma,Training/meningioma/Tr-me_407.jpg,51434385186924a4000a00052e6ba49a,512,512
data\binary\val\tumor\meningioma_Tr-me_696.jpg,val,tumor,meningioma,Training/meningioma/Tr-me_696.jpg,68440a1cbad19ab311c6560ab8a1c16f,512,512
data\binary\val\tumor\glioma_Tr-gl_978.jpg,val,tumor,glioma,Training/glioma/Tr-gl_978.jpg,0a3319b140b04c644d0b8588170a7e66,512,512
data\binary\val\tumor\glioma_Tr-gl_560.jpg,val,tumor,glioma,Training/glioma/Tr-gl_560.jpg,93e91e2d2a26c38d7179672caf3e16e9,512,512
data\binary\val\no_tumor\notumor_Tr-no_45.jpg,val,no_tumor,notumor,Training/notumor/Tr-no_45.jpg,a3d72768917a15e3e29f7b233bc30e92,201,251
data\binary\val\tumor\glioma_Tr-gl_778.jpg,val,tumor,glioma,Training/glioma/Tr-gl_778.jpg,9790913f6fad6eb81c007eca925b8fba,512,512
data\binary\val\no_tumor\notumor_Tr-no_1161.jpg,val,no_tumor,notumor,Training/notumor/Tr-no_1161.jpg,4ce3c1731d67f83128c4c2a26a62e640,173,201
data\binary\val\tumor\pituitary_Tr-pi_119.jpg,val,tumor,pituitary,Training/pituitary/Tr-pi_119.jpg,351dc1b885e6e67b349337610ec4a157,512,512
data\binary\val\tumor\meningioma_Tr-me_522.jpg,val,tumor,meningioma,Training/meningioma/Tr-me_522.jpg,262c7d9a0d719adc373a718241114027,512,512
data\binary\val\tumor\pituitary_Tr-pi_304.jpg,val,tumor,pituitary,Training/pituitary/Tr-pi_304.jpg,1d9ee5d16062b426d4c976cbe94695ae,512,512
data\binary\val\tumor\meningioma_Tr-me_438.jpg,val,tumor,meningioma,Training/meningioma/Tr-me_438.jpg,5a762f00f0bd93b0fb9a1bc05af88785,512,512
data\binary\val\no_tumor\notumor_Tr-no_1193.jpg,val,no_tumor,notumor,Training/notumor/Tr-no_1193.jpg,4ec44d5100d6811d26f083973f715750,428,417
data\binary\val\tumor\pituitary_Tr-pi_202.jpg,val,tumor,pituitary,Training/pituitary/Tr-pi_202.jpg,6d9812290229d3c76fc17f5fe468e02e,512,512
data\binary\val\tumor\glioma_Tr-gl_3.jpg,val,tumor,glioma,Training/glioma/Tr-gl_3.jpg,ea97acad8061a02613a60424a7440efa,512,512
data\binary\val\tumor\glioma_Tr-gl_546.jpg,val,tumor,glioma,Training/glioma/Tr-gl_546.jpg,d8f62914fb6c636edbe887d361a47142,512,512
data\binary\val\tumor\meningioma_Tr-me_29.jpg,val,tumor,meningioma,Training/meningioma/Tr-me_29.jpg,6a69837c5f3d7e5907bb78b9e0a1f400,512,512
data\binary\val\no_tumor\notumor_Tr-no_591.jpg,val,no_tumor,notumor,Training/notumor/Tr-no_591.jpg,3d6a646873b6adc93d8a4dbb68404da7,236,221
data\binary\val\tumor\pituitary_Tr-pi_623.jpg,val,tumor,pituitary,Training/pituitary/Tr-pi_623.jpg,b7ea4f2a772734a4a1e67812e549a7ad,512,512
data\binary\val\tumor\pituitary_Tr-pi_443.jpg,val,tumor,pituitary,Training/pituitary/Tr-pi_443.jpg,e62f2b06dd4b2e61e3205696ee5bdda6,512,512
data\binary\val\tumor\meningioma_Tr-me_925.jpg,val,tumor,meningioma,Training/meningioma/Tr-me_925.jpg,61d9bf1e00597a178b1dfaad2c180056,497,320
data\binary\val\no_tumor\notumor_Tr-no_1073.jpg,val,no_tumor,notumor,Training/notumor/Tr-no_1073.jpg,fadac327c6731ad8496543f98338349a,497,398
data\binary\val\no_tumor\notumor_Tr-no_429.jpg,val,no_tumor,notumor,Training/notumor/Tr-no_429.jpg,023df05503a3d19baa3fcd55a7702cb3,225,225
data\binary\val\no_tumor\notumor_Tr-no_802.jpg,val,no_tumor,notumor,Training/notumor/Tr-no_802.jpg,ff167b87ac25af331b17ae3017769c06,225,225
data\binary\val\no_tumor\notumor_Tr-no_107.jpg,val,no_tumor,notumor,Training/notumor/Tr-no_107.jpg,901c67d10db2fb5f1226e244e17c4bbf,420,280
data\binary\val\tumor\pituitary_Tr-pi_1076.jpg,val,tumor,pituitary,Training/pituitary/Tr-pi_1076.jpg,df691b455857626f711e13133791d583,512,512
data\binary\val\no_tumor\notumor_Tr-no_84.jpg,val,no_tumor,notumor,Training/notumor/Tr-no_84.jpg,59892fbac61d95524521fe36bfad593b,150,198
data\binary\val\tumor\glioma_Tr-gl_148.jpg,val,tumor,glioma,Training/glioma/Tr-gl_148.jpg,21a2a3700ea10e330da3e212b5feb29a,512,512
data\binary\val\tumor\glioma_Tr-gl_707.jpg,val,tumor,glioma,Training/glioma/Tr-gl_707.jpg,24058d91614884d998c1afc1c1b02e17,512,512
data\binary\val\no_tumor\notumor_Tr-no_496.jpg,val,no_tumor,notumor,Training/notumor/Tr-no_496.jpg,6525b3649df63a5cd342844500625dfb,216,202
data\binary\val\tumor\meningioma_Tr-me_1209.jpg,val,tumor,meningioma,Training/meningioma/Tr-me_1209.jpg,8be200462962aac8530a2923817b77cf,512,512
data\binary\val\tumor\glioma_Tr-gl_314.jpg,val,tumor,glioma,Training/glioma/Tr-gl_314.jpg,783bbf7471422925bb81ffcd5a0e59c7,512,512
data\binary\val\tumor\meningioma_Tr-me_209.jpg,val,tumor,meningioma,Training/meningioma/Tr-me_209.jpg,6afb4c539e70b4fbb3dad4fe6847e859,512,512
data\binary\val\tumor\glioma_Tr-gl_411.jpg,val,tumor,glioma,Training/glioma/Tr-gl_411.jpg,a626f45fb3608f37ba49a412f2cf668e,512,512
data\binary\val\tumor\glioma_Tr-gl_430.jpg,val,tumor,glioma,Training/glioma/Tr-gl_430.jpg,df45a6b013ed5a32b257cce01428e0a3,512,512
data\binary\val\tumor\glioma_Tr-gl_174.jpg,val,tumor,glioma,Training/glioma/Tr-gl_174.jpg,8bf10cf6cace1ab8343e789d320900b5,512,512
data\binary\val\tumor\meningioma_Tr-me_370.jpg,val,tumor,meningioma,Training/meningioma/Tr-me_370.jpg,b9eb160a36a5a2b1df9069f72b0d1230,512,512
data\binary\val\tumor\pituitary_Tr-pi_1333.jpg,val,tumor,pituitary,Training/pituitary/Tr-pi_1333.jpg,92de441887b9f7e9b46064850d0188fa,512,512
data\binary\val\no_tumor\notumor_Tr-no_374.jpg,val,no_tumor,notumor,Training/notumor/Tr-no_374.jpg,9109705dd3afe2731ba2484789df026e,201,250
data\binary\val\no_tumor\notumor_Tr-no_178.jpg,val,no_tumor,notumor,Training/notumor/Tr-no_178.jpg,644c9a2fa1e66c8bac282fccb4bdf62c,339,340
data\binary\val\tumor\pituitary_Tr-pi_1052.jpg,val,tumor,pituitary,Training/pituitary/Tr-pi_1052.jpg,10e3c5e7bb6b4233da037056a21d199d,512,512
data\binary\val\no_tumor\notumor_Tr-no_111.jpg,val,no_tumor,notumor,Training/notumor/Tr-no_111.jpg,1c6a23a32bd0fb9e34a7ff77bc7e7b78,218,231
data\binary\val\tumor\meningioma_Tr-me_744.jpg,val,tumor,meningioma,Training/meningioma/Tr-me_744.jpg,dccbb6b3035a810298cf55c8084d9075,512,512
data\binary\val\no_tumor\notumor_Tr-no_25.jpg,val,no_tumor,notumor,Training/notumor/Tr-no_25.jpg,09bc9d4cef5085f0e82d9a259004746b,218,231
data\binary\val\tumor\pituitary_Tr-pi_1219.jpg,val,tumor,pituitary,Training/pituitary/Tr-pi_1219.jpg,de5c6138bfc122aca10819ff44b0b69a,512,512
data\binary\val\tumor\glioma_Tr-gl_574.jpg,val,tumor,glioma,Training/glioma/Tr-gl_574.jpg,462ac68a47cea7a483a460445b558f72,512,512
data\binary\val\tumor\meningioma_Tr-me_143.jpg,val,tumor,meningioma,Training/meningioma/Tr-me_143.jpg,a3093aac19ccb60acab4951209ac2e52,512,512
data\binary\val\tumor\meningioma_Tr-me_403.jpg,val,tumor,meningioma,Training/meningioma/Tr-me_403.jpg,a67017d77589631c7060a0e618bf5ec0,512,512
data\binary\val\tumor\pituitary_Tr-pi_1305.jpg,val,tumor,pituitary,Training/pituitary/Tr-pi_1305.jpg,42f53b692ef649959f0f7ec02770989e,512,512
data\binary\val\no_tumor\notumor_Tr-no_806.jpg,val,no_tumor,notumor,Training/notumor/Tr-no_806.jpg,46df98ff4751a82dd3fa456d3a5251dd,630,630
data\binary\val\tumor\pituitary_Tr-pi_1274.jpg,val,tumor,pituitary,Training/pituitary/Tr-pi_1274.jpg,c379e7e94f72a90c50650e7c0f711572,512,512
data\binary\val\tumor\glioma_Tr-gl_856.jpg,val,tumor,glioma,Training/glioma/Tr-gl_856.jpg,255ca1224847a8d7fa4dd6e2d9186163,512,512
data\binary\val\tumor\meningioma_Tr-me_378.jpg,val,tumor,meningioma,Training/meningioma/Tr-me_378.jpg,3dbf6b8ebc9c1c65953839f220b8bef9,512,512
data\binary\val\tumor\glioma_Tr-gl_1309.jpg,val,tumor,glioma,Training/glioma/Tr-gl_1309.jpg,de357db126c2562c76eecf14a2324038,512,512
data\binary\val\tumor\meningioma_Tr-me_444.jpg,val,tumor,meningioma,Training/meningioma/Tr-me_444.jpg,5a7eff13ca4f3e6222a1223e462987f0,512,512
data\binary\val\tumor\glioma_Tr-gl_472.jpg,val,tumor,glioma,Training/glioma/Tr-gl_472.jpg,c2c276afd1a3902a38ba7bb00994459c,512,512
data\binary\val\tumor\glioma_Tr-gl_190.jpg,val,tumor,glioma,Training/glioma/Tr-gl_190.jpg,32d03099cd2a1f63871701f760f8620b,512,512
data\binary\val\tumor\glioma_Tr-gl_533.jpg,val,tumor,glioma,Training/glioma/Tr-gl_533.jpg,229473c7363882e431450930bbb25b04,512,512
data\binary\val\no_tumor\notumor_Tr-no_933.jpg,val,no_tumor,notumor,Training/notumor/Tr-no_933.jpg,61d0aeacb5768eca8d91ed7915c5648b,926,649
data\binary\val\tumor\glioma_Tr-gl_462.jpg,val,tumor,glioma,Training/glioma/Tr-gl_462.jpg,0754887ba7fc5ecb43bc635f5e596878,512,512
data\binary\val\no_tumor\notumor_Tr-no_243.jpg,val,no_tumor,notumor,Training/notumor/Tr-no_243.jpg,e0faf75feb91fcaa8638ca4a4f9d17ba,225,225
data\binary\val\tumor\pituitary_Tr-pi_492.jpg,val,tumor,pituitary,Training/pituitary/Tr-pi_492.jpg,5ff507460105a768829296c63281eee6,512,512
data\binary\val\no_tumor\notumor_Tr-no_641.jpg,val,no_tumor,notumor,Training/notumor/Tr-no_641.jpg,2e12aa02d5e14f048e74ecc80ad43bc1,468,444
data\binary\val\tumor\pituitary_Tr-pi_1072.jpg,val,tumor,pituitary,Training/pituitary/Tr-pi_1072.jpg,6eaf26e8be5a253fce332fbef92316d4,512,512
data\binary\val\no_tumor\notumor_Tr-no_43.jpg,val,no_tumor,notumor,Training/notumor/Tr-no_43.jpg,570dac1fc1d035ab025b3132a5b653ae,214,236
data\binary\val\tumor\pituitary_Tr-pi_329.jpg,val,tumor,pituitary,Training/pituitary/Tr-pi_329.jpg,b8d61e59098849efa6ce13f874249ed9,512,512
data\binary\val\no_tumor\notumor_Tr-no_97.jpg,val,no_tumor,notumor,Training/notumor/Tr-no_97.jpg,66d7326ed1518319a479568d37cff57f,208,248
data\binary\val\tumor\meningioma_Tr-me_1194.jpg,val,tumor,meningioma,Training/meningioma/Tr-me_1194.jpg,10b0fd4032064762679e0a27a699b83b,215,220
data\binary\val\tumor\glioma_Tr-gl_167.jpg,val,tumor,glioma,Training/glioma/Tr-gl_167.jpg,5cc3eb4dcfe35e5e07dc82c49c4cd121,512,512
data\binary\val\tumor\glioma_Tr-gl_658.jpg,val,tumor,glioma,Training/glioma/Tr-gl_658.jpg,4feea5b500b9f8c52ee6e1643a606d68,512,512
data\binary\val\tumor\pituitary_Tr-pi_1014.jpg,val,tumor,pituitary,Training/pituitary/Tr-pi_1014.jpg,3f4a12c1ccc24dc7d69f0dda3670a811,512,512
data\binary\val\no_tumor\notumor_Tr-no_309.jpg,val,no_tumor,notumor,Training/notumor/Tr-no_309.jpg,2096c365f8ffbd0417a4f8930bee0865,225,225
data\binary\val\tumor\pituitary_Tr-pi_1381.jpg,val,tumor,pituitary,Training/pituitary/Tr-pi_1381.jpg,37457510060f921594eef92f068f2dc9,512,512
data\binary\val\tumor\glioma_Tr-gl_545.jpg,val,tumor,glioma,Training/glioma/Tr-gl_545.jpg,e13a2df27314fb1a24b7f9a767ea8950,512,512
data\binary\val\tumor\pituitary_Tr-pi_945.jpg,val,tumor,pituitary,Training/pituitary/Tr-pi_945.jpg,6f10ba383c67cd3f981686277a2cc7f3,512,512
data\binary\val\tumor\meningioma_Tr-me_796.jpg,val,tumor,meningioma,Training/meningioma/Tr-me_796.jpg,53f439ab757f6a5a77152133bd4f9173,226,223
data\binary\val\tumor\glioma_Tr-gl_206.jpg,val,tumor,glioma,Training/glioma/Tr-gl_206.jpg,c69739980c01ff71a99f34bb181b9710,512,512
data\binary\val\tumor\meningioma_Tr-aug-me_84.jpg,val,tumor,meningioma,Training/meningioma/Tr-aug-me_84.jpg,0c7a97786c249ff0359db86197396922,512,512
data\binary\val\tumor\glioma_Tr-gl_799.jpg,val,tumor,glioma,Training/glioma/Tr-gl_799.jpg,fd2869efe75bf910210d02bf62285173,512,512
data\binary\val\tumor\glioma_Tr-gl_307.jpg,val,tumor,glioma,Training/glioma/Tr-gl_307.jpg,a435d401bf01748ce5406e7b25037f29,512,512
data\binary\val\no_tumor\notumor_Tr-no_979.jpg,val,no_tumor,notumor,Training/notumor/Tr-no_979.jpg,1321404eeda420e57f4d1da4d00076de,225,225
data\binary\val\tumor\pituitary_Tr-pi_1085.jpg,val,tumor,pituitary,Training/pituitary/Tr-pi_1085.jpg,ecbb01233d090cb01acb13134338a88d,512,512
data\binary\val\tumor\glioma_Tr-gl_1240.jpg,val,tumor,glioma,Training/glioma/Tr-gl_1240.jpg,57df7baf18653176b65b8717300fe73d,512,512
data\binary\val\tumor\meningioma_Tr-me_813.jpg,val,tumor,meningioma,Training/meningioma/Tr-me_813.jpg,4bb9b2fa5a1a526241a768d90cc7e43a,512,512
data\binary\val\tumor\glioma_Tr-gl_1107.jpg,val,tumor,glioma,Training/glioma/Tr-gl_1107.jpg,64900706d83fce09c66c0bb1ed495114,512,512
data\binary\val\tumor\meningioma_Tr-me_944.jpg,val,tumor,meningioma,Training/meningioma/Tr-me_944.jpg,48d1a367f7b67073fc08f43621652c3e,512,512
data\binary\val\tumor\glioma_Tr-gl_857.jpg,val,tumor,glioma,Training/glioma/Tr-gl_857.jpg,e469f7ee965c3e63063c87c5a1611ef8,512,512
data\binary\val\no_tumor\notumor_Tr-no_38.jpg,val,no_tumor,notumor,Training/notumor/Tr-no_38.jpg,16070d6308e588331f6706db73380438,196,257
data\binary\val\no_tumor\notumor_Tr-no_188.jpg,val,no_tumor,notumor,Training/notumor/Tr-no_188.jpg,62f2a2935995581ff512bb7d7e226094,225,225
data\binary\val\no_tumor\notumor_Tr-no_32.jpg,val,no_tumor,notumor,Training/notumor/Tr-no_32.jpg,eb6f1edfda5be74759fce0f59c9cc943,225,225
data\binary\val\tumor\pituitary_Tr-pi_1088.jpg,val,tumor,pituitary,Training/pituitary/Tr-pi_1088.jpg,ab9bbf958e3698d8b2b741b86eb9ea20,512,512
data\binary\val\tumor\glioma_Tr-gl_1029.jpg,val,tumor,glioma,Training/glioma/Tr-gl_1029.jpg,bee359ea4d6e7bfb72cf1e24307c3f6b,512,512
data\binary\val\no_tumor\notumor_Tr-no_76.jpg,val,no_tumor,notumor,Training/notumor/Tr-no_76.jpg,14c6370cb4fc30abdc51cae0560d1ae1,225,225
data\binary\val\tumor\pituitary_Tr-pi_1240.jpg,val,tumor,pituitary,Training/pituitary/Tr-pi_1240.jpg,06f052863680259e27102ab6b2560c53,512,512
data\binary\val\tumor\meningioma_Tr-me_1049.jpg,val,tumor,meningioma,Training/meningioma/Tr-me_1049.jpg,15ca22d7d26226afbe898a214597348d,512,512
data\binary\val\no_tumor\notumor_Tr-no_77.jpg,val,no_tumor,notumor,Training/notumor/Tr-no_77.jpg,5de79e41a296c0bbe949d1a1cbe42a37,236,294
data\binary\val\tumor\pituitary_Tr-pi_1386.jpg,val,tumor,pituitary,Training/pituitary/Tr-pi_1386.jpg,59fded6835fedbbc57a6ee38d2223a26,512,512
data\binary\val\tumor\meningioma_Tr-me_176.jpg,val,tumor,meningioma,Training/meningioma/Tr-me_176.jpg,0d282834638c1bbb5fe3b00ff2fd9b1e,512,512
data\binary\val\tumor\pituitary_Tr-pi_608.jpg,val,tumor,pituitary,Training/pituitary/Tr-pi_608.jpg,614f6b9b51ce4ec6012515f7cd7178ed,512,512
data\binary\val\no_tumor\notumor_Tr-no_1263.jpg,val,no_tumor,notumor,Training/notumor/Tr-no_1263.jpg,20d11d23199a52b09cb9fb99f2dbc53d,206,244
data\binary\val\tumor\pituitary_Tr-pi_1136.jpg,val,tumor,pituitary,Training/pituitary/Tr-pi_1136.jpg,11e949bd4e2f8a71d20e9ae735947114,512,512
data\binary\val\no_tumor\notumor_Tr-no_180.jpg,val,no_tumor,notumor,Training/notumor/Tr-no_180.jpg,7eb4824fa78d9e22f5131ef19990dfb0,253,239
data\binary\val\tumor\glioma_Tr-gl_768.jpg,val,tumor,glioma,Training/glioma/Tr-gl_768.jpg,591eb72af646c15edc6c91f9fc2c2273,512,512
data\binary\val\tumor\meningioma_Tr-me_587.jpg,val,tumor,meningioma,Training/meningioma/Tr-me_587.jpg,d60fd0bca159d6e73d3d2fb26d17387e,512,512
data\binary\val\tumor\pituitary_Tr-pi_1130.jpg,val,tumor,pituitary,Training/pituitary/Tr-pi_1130.jpg,f9a823c9163eb96c3fb99b5a9b234aab,512,512
data\binary\val\no_tumor\notumor_Tr-no_1207.jpg,val,no_tumor,notumor,Training/notumor/Tr-no_1207.jpg,61f523f2d494d9d0088307e5c68b8b8c,225,225
data\binary\val\tumor\pituitary_Tr-pi_321.jpg,val,tumor,pituitary,Training/pituitary/Tr-pi_321.jpg,2092626d48d87e9339fab7d1c4c4ac1a,512,512
data\binary\val\tumor\meningioma_Tr-me_457.jpg,val,tumor,meningioma,Training/meningioma/Tr-me_457.jpg,82c96cd2096fba5620541310f95666f9,512,512
data\binary\val\tumor\glioma_Tr-gl_653.jpg,val,tumor,glioma,Training/glioma/Tr-gl_653.jpg,b772861ffc8fdb0a255eb81abc56a41f,512,512
data\binary\val\no_tumor\notumor_Tr-no_708.jpg,val,no_tumor,notumor,Training/notumor/Tr-no_708.jpg,8ec6e1ed44d7d21459724a8a98fa337a,214,236
data\binary\val\tumor\pituitary_Tr-pi_1135.jpg,val,tumor,pituitary,Training/pituitary/Tr-pi_1135.jpg,14b27c7f2bc69c6c3ed1238d58105962,512,512
data\binary\val\no_tumor\notumor_Tr-no_1227.jpg,val,no_tumor,notumor,Training/notumor/Tr-no_1227.jpg,bb3d6e178a9faa2fe259c63ac3293d9f,218,231
data\binary\val\tumor\pituitary_Tr-pi_935.jpg,val,tumor,pituitary,Training/pituitary/Tr-pi_935.jpg,b9e4055ef808ed6eb8bd62d9a79c0079,512,512
data\binary\val\tumor\glioma_Tr-gl_23.jpg,val,tumor,glioma,Training/glioma/Tr-gl_23.jpg,a84abf449a504a69c98ace228937cf4b,512,512
data\binary\val\tumor\meningioma_Tr-me_1256.jpg,val,tumor,meningioma,Training/meningioma/Tr-me_1256.jpg,094d8233eb76a20f0a4016c08b3d5d97,512,512
data\binary\val\tumor\pituitary_Tr-pi_979.jpg,val,tumor,pituitary,Training/pituitary/Tr-pi_979.jpg,90f9c3ae53a34de694c55059329be834,512,512
data\binary\val\no_tumor\notumor_Tr-no_1335.jpg,val,no_tumor,notumor,Training/notumor/Tr-no_1335.jpg,271b52a573e72ef87627be1b65779dbe,339,340
data\binary\val\tumor\glioma_Tr-gl_160.jpg,val,tumor,glioma,Training/glioma/Tr-gl_160.jpg,acea6363f4c5bf73c2d1b0dc6d69a7f2,512,512
data\binary\val\tumor\pituitary_Tr-pi_1147.jpg,val,tumor,pituitary,Training/pituitary/Tr-pi_1147.jpg,580667174b0af19186f48c4b11cd8d0c,512,512
data\binary\val\tumor\meningioma_Tr-me_777.jpg,val,tumor,meningioma,Training/meningioma/Tr-me_777.jpg,87e646a90f48560c2ba5c3869dc0881d,512,512
data\binary\val\no_tumor\notumor_Tr-no_93.jpg,val,no_tumor,notumor,Training/notumor/Tr-no_93.jpg,b59c196cbb359e515d0a6abe39ed2256,205,249
data\binary\val\no_tumor\notumor_Tr-no_535.jpg,val,no_tumor,notumor,Training/notumor/Tr-no_535.jpg,05b45654c9c3196486ab02d5045a9e80,225,225
data\binary\val\no_tumor\notumor_Tr-no_543.jpg,val,no_tumor,notumor,Training/notumor/Tr-no_543.jpg,568236b6d5966f4a23af6b3784bd29a5,212,236
data\binary\val\tumor\meningioma_Tr-me_1057.jpg,val,tumor,meningioma,Training/meningioma/Tr-me_1057.jpg,7325a7aaec4719cbef102db1ce66c991,210,240
data\binary\val\tumor\pituitary_Tr-pi_102.jpg,val,tumor,pituitary,Training/pituitary/Tr-pi_102.jpg,77655169acf02a63d16db36b55753f91,512,512
data\binary\val\tumor\glioma_Tr-gl_529.jpg,val,tumor,glioma,Training/glioma/Tr-gl_529.jpg,beafc76a6285b044b8c429c98b462a9f,512,512
data\binary\val\tumor\pituitary_Tr-pi_1086.jpg,val,tumor,pituitary,Training/pituitary/Tr-pi_1086.jpg,9309ea52242d9172f04f9c5ab076c843,512,512
data\binary\val\tumor\pituitary_Tr-pi_966.jpg,val,tumor,pituitary,Training/pituitary/Tr-pi_966.jpg,82dfc997a459b6eea1d7a580826d50aa,512,512
data\binary\val\tumor\glioma_Tr-gl_832.jpg,val,tumor,glioma,Training/glioma/Tr-gl_832.jpg,ab977541f2124b2fe751a39c01ed947a,512,512
data\binary\val\no_tumor\notumor_Tr-no_334.jpg,val,no_tumor,notumor,Training/notumor/Tr-no_334.jpg,2d8972b4811049fee023e31b0b5e6163,227,222
data\binary\val\tumor\pituitary_Tr-pi_249.jpg,val,tumor,pituitary,Training/pituitary/Tr-pi_249.jpg,56b1c17c8363392ae932b32415c2caec,512,512
data\binary\val\tumor\glioma_Tr-gl_69.jpg,val,tumor,glioma,Training/glioma/Tr-gl_69.jpg,3d588df88b7884de29c9ba9bfea9772e,512,512
data\binary\val\no_tumor\notumor_Tr-no_639.jpg,val,no_tumor,notumor,Training/notumor/Tr-no_639.jpg,1b1e28388b7c7f2ad38d65480a08d6c1,236,236
data\binary\val\tumor\meningioma_Tr-me_978.jpg,val,tumor,meningioma,Training/meningioma/Tr-me_978.jpg,58414996245667b610bf51e5beeebf31,512,512
data\binary\val\no_tumor\notumor_Tr-no_1308.jpg,val,no_tumor,notumor,Training/notumor/Tr-no_1308.jpg,02e9b844d49f24f8b6b82eaba89cab46,150,198
data\binary\val\no_tumor\notumor_Tr-no_546.jpg,val,no_tumor,notumor,Training/notumor/Tr-no_546.jpg,d471e7c6fe659af44f100cefff05a06a,428,417
data\binary\val\tumor\pituitary_Tr-pi_1367.jpg,val,tumor,pituitary,Training/pituitary/Tr-pi_1367.jpg,307feec9aa5363b7e4d649de4bda8955,512,512
data\binary\val\tumor\pituitary_Tr-pi_83.jpg,val,tumor,pituitary,Training/pituitary/Tr-pi_83.jpg,e6c130f960c763c6fa697e6ffad0db28,512,512
data\binary\val\no_tumor\notumor_Tr-no_132.jpg,val,no_tumor,notumor,Training/notumor/Tr-no_132.jpg,bbfda1f5851b171529f0c2082f24a99e,225,225
data\binary\val\tumor\meningioma_Tr-me_786.jpg,val,tumor,meningioma,Training/meningioma/Tr-me_786.jpg,13af77b708a8bf1ae154f38726f6eb9f,512,512
data\binary\val\tumor\glioma_Tr-gl_876.jpg,val,tumor,glioma,Training/glioma/Tr-gl_876.jpg,81aedcaa824465131fface8999ab2476,512,512
data\binary\val\tumor\meningioma_Tr-me_1188.jpg,val,tumor,meningioma,Training/meningioma/Tr-me_1188.jpg,d4aed66a7a298f3570c233d2814cc584,512,512
data\binary\val\tumor\meningioma_Tr-me_12.jpg,val,tumor,meningioma,Training/meningioma/Tr-me_12.jpg,9d771c273eb0077810233bba9873d112,512,512
data\binary\val\tumor\glioma_Tr-gl_1296.jpg,val,tumor,glioma,Training/glioma/Tr-gl_1296.jpg,753ae7a81d034c0cca7ac0f2b3cee107,512,512
data\binary\val\tumor\pituitary_Tr-pi_317.jpg,val,tumor,pituitary,Training/pituitary/Tr-pi_317.jpg,ea261570f64df6164277f6ebdc7ca28e,512,512
data\binary\val\no_tumor\notumor_Tr-no_1182.jpg,val,no_tumor,notumor,Training/notumor/Tr-no_1182.jpg,e20830b147f07e1cfcf55d993ed29daf,232,217
data\binary\val\no_tumor\notumor_Tr-no_1255.jpg,val,no_tumor,notumor,Training/notumor/Tr-no_1255.jpg,664e37530b3ec4d10990dee62d65df01,225,225
data\binary\val\tumor\pituitary_Tr-pi_339.jpg,val,tumor,pituitary,Training/pituitary/Tr-pi_339.jpg,071da502697424be5312f4070a2d5fc7,512,512
data\binary\val\tumor\meningioma_Tr-aug-me_18.jpg,val,tumor,meningioma,Training/meningioma/Tr-aug-me_18.jpg,ea39c99798c74181f0140da6dc57b4f7,512,512
data\binary\val\tumor\pituitary_Tr-pi_1077.jpg,val,tumor,pituitary,Training/pituitary/Tr-pi_1077.jpg,a33e36ee114f55774fee891ad832faea,512,512
data\binary\val\tumor\pituitary_Tr-pi_1250.jpg,val,tumor,pituitary,Training/pituitary/Tr-pi_1250.jpg,fbc4da8b94d9a7ce0725b9e0393105cf,512,512
data\binary\val\tumor\glioma_Tr-gl_487.jpg,val,tumor,glioma,Training/glioma/Tr-gl_487.jpg,612c729a3a0e09216be357bf513bb17e,512,512
data\binary\val\tumor\glioma_Tr-gl_1010.jpg,val,tumor,glioma,Training/glioma/Tr-gl_1010.jpg,525b2260f83e57472dbc9e7ecc9bcb2c,512,512
data\binary\val\tumor\glioma_Tr-gl_151.jpg,val,tumor,glioma,Training/glioma/Tr-gl_151.jpg,2c007ed05f20da8e7eb51bf63edb6cd6,512,512
data\binary\val\no_tumor\notumor_Tr-no_603.jpg,val,no_tumor,notumor,Training/notumor/Tr-no_603.jpg,c1e60cb0b6355d0c11173e3075abffa2,504,540
data\binary\val\tumor\glioma_Tr-gl_406.jpg,val,tumor,glioma,Training/glioma/Tr-gl_406.jpg,f3b3970e073b4598c91eba226af68e5b,512,512
data\binary\val\no_tumor\notumor_Tr-no_96.jpg,val,no_tumor,notumor,Training/notumor/Tr-no_96.jpg,2fa892e95bf969a3e775861b4b58c511,232,217
data\binary\val\tumor\meningioma_Tr-aug-me_34.jpg,val,tumor,meningioma,Training/meningioma/Tr-aug-me_34.jpg,8ec28e17979861e32f0d60426a0bdd72,512,512
data\binary\val\tumor\glioma_Tr-gl_490.jpg,val,tumor,glioma,Training/glioma/Tr-gl_490.jpg,66a84b1fdc26644e262ee3b574f89547,512,512
data\binary\val\no_tumor\notumor_Tr-no_170.jpg,val,no_tumor,notumor,Training/notumor/Tr-no_170.jpg,92a09eda81f4fea15dea754b78afaa51,235,214
data\binary\val\no_tumor\notumor_Tr-no_384.jpg,val,no_tumor,notumor,Training/notumor/Tr-no_384.jpg,b060608b6043e8027e12842df753c31a,225,225
data\binary\val\tumor\pituitary_Tr-pi_281.jpg,val,tumor,pituitary,Training/pituitary/Tr-pi_281.jpg,eade42eb685eb5754b7745469fe0fff8,512,512
data\binary\val\tumor\meningioma_Tr-me_892.jpg,val,tumor,meningioma,Training/meningioma/Tr-me_892.jpg,3d4c1ff36e31ff9af3cf720d6eba130c,512,512
data\binary\val\tumor\glioma_Tr-gl_621.jpg,val,tumor,glioma,Training/glioma/Tr-gl_621.jpg,9dd3afc0e4dff31e5dab4fcc707b42c8,512,512
data\binary\val\no_tumor\notumor_Tr-no_196.jpg,val,no_tumor,notumor,Training/notumor/Tr-no_196.jpg,833431d3c05dd4975af7ca2b362dfc84,236,300
data\binary\val\tumor\glioma_Tr-gl_943.jpg,val,tumor,glioma,Training/glioma/Tr-gl_943.jpg,abbe201fcfc5001f9d9ce82e4a3b00e0,512,512
data\binary\val\tumor\meningioma_Tr-me_183.jpg,val,tumor,meningioma,Training/meningioma/Tr-me_183.jpg,41d3e66a692f1b5b73ad9ad7b3fd4f70,512,512
data\binary\val\tumor\meningioma_Tr-me_222.jpg,val,tumor,meningioma,Training/meningioma/Tr-me_222.jpg,ee60eed354f77001da6de65a165a3a74,512,512
data\binary\val\tumor\meningioma_Tr-me_525.jpg,val,tumor,meningioma,Training/meningioma/Tr-me_525.jpg,0238f5fee327f2f26eac66704f18d4cd,512,512
data\binary\val\no_tumor\notumor_Tr-no_297.jpg,val,no_tumor,notumor,Training/notumor/Tr-no_297.jpg,eafa55390fa62761c0fbfab4a1d9ad77,228,221
data\binary\val\tumor\meningioma_Tr-me_911.jpg,val,tumor,meningioma,Training/meningioma/Tr-me_911.jpg,33f5c1eb934abfe74dda7907fed0700d,512,512
data\binary\val\tumor\glioma_Tr-gl_302.jpg,val,tumor,glioma,Training/glioma/Tr-gl_302.jpg,5737b87c294f712c6b6cf66a20af35fa,512,512
data\binary\val\no_tumor\notumor_Tr-no_479.jpg,val,no_tumor,notumor,Training/notumor/Tr-no_479.jpg,98aa204f96b3936895e05f7caaf193a6,150,198
data\binary\val\tumor\glioma_Tr-gl_1091.jpg,val,tumor,glioma,Training/glioma/Tr-gl_1091.jpg,0cf14e390cc3211f9212c2efb64cb535,512,512
data\binary\val\no_tumor\notumor_Tr-no_1212.jpg,val,no_tumor,notumor,Training/notumor/Tr-no_1212.jpg,c1fda45aa2cffadff7782e45a12a516c,630,630
data\binary\val\tumor\glioma_Tr-gl_158.jpg,val,tumor,glioma,Training/glioma/Tr-gl_158.jpg,2af8ff8fae7e652f26f44d8d27d1eb99,512,512
data\binary\val\tumor\pituitary_Tr-pi_900.jpg,val,tumor,pituitary,Training/pituitary/Tr-pi_900.jpg,91b79da6cee3f8e8780b131961a62793,512,512
data\binary\val\tumor\meningioma_Tr-me_562.jpg,val,tumor,meningioma,Training/meningioma/Tr-me_562.jpg,e277d51ad337ee9be14b03a2e5c70ce7,512,512
data\binary\val\tumor\meningioma_Tr-me_1103.jpg,val,tumor,meningioma,Training/meningioma/Tr-me_1103.jpg,7347320ac0b2925c77e714f9c648aabc,512,512
data\binary\val\tumor\glioma_Tr-gl_331.jpg,val,tumor,glioma,Training/glioma/Tr-gl_331.jpg,e18f0d53a42f084be05b45dd8267a91c,512,512
data\binary\val\tumor\meningioma_Tr-me_211.jpg,val,tumor,meningioma,Training/meningioma/Tr-me_211.jpg,c45db31730d2168878f43f5a4ea2538a,512,512
data\binary\val\tumor\glioma_Tr-gl_32.jpg,val,tumor,glioma,Training/glioma/Tr-gl_32.jpg,ec563656d1c702dfc7aebc513b1b5619,512,512
data\binary\val\tumor\glioma_Tr-gl_897.jpg,val,tumor,glioma,Training/glioma/Tr-gl_897.jpg,2d6400bfe4a0928e99aa2d7ac63e1396,512,512
data\binary\val\no_tumor\notumor_Tr-no_1250.jpg,val,no_tumor,notumor,Training/notumor/Tr-no_1250.jpg,7aec82bbbea5bc85d0e79e011a459740,442,442
data\binary\val\tumor\pituitary_Tr-pi_582.jpg,val,tumor,pituitary,Training/pituitary/Tr-pi_582.jpg,5dcd06ae5a977c4c5bb4562b90cba56d,512,512
data\binary\val\tumor\glioma_Tr-gl_752.jpg,val,tumor,glioma,Training/glioma/Tr-gl_752.jpg,a16b74c7f85a0555a7b0bcc90f52a259,512,512
data\binary\val\tumor\glioma_Tr-gl_1143.jpg,val,tumor,glioma,Training/glioma/Tr-gl_1143.jpg,e1270080501a1a3011da8c4524e4814b,512,512
data\binary\val\tumor\glioma_Tr-gl_613.jpg,val,tumor,glioma,Training/glioma/Tr-gl_613.jpg,4d835918ed402d5bb1a51d3d006e7086,512,512
data\binary\val\no_tumor\notumor_Tr-no_719.jpg,val,no_tumor,notumor,Training/notumor/Tr-no_719.jpg,855c4050a3a928dd2f2ee9f800cb8873,236,295
data\binary\val\tumor\glioma_Tr-gl_673.jpg,val,tumor,glioma,Training/glioma/Tr-gl_673.jpg,4075e16d119630822e97e0462cf29abc,512,512
data\binary\val\no_tumor\notumor_Tr-no_834.jpg,val,no_tumor,notumor,Training/notumor/Tr-no_834.jpg,47801c8e328f4aa292067f2cf5a2108d,512,512
data\binary\val\tumor\glioma_Tr-gl_961.jpg,val,tumor,glioma,Training/glioma/Tr-gl_961.jpg,89aa4e904fc33e725d07855e35b2f382,512,512
data\binary\val\tumor\glioma_Tr-gl_879.jpg,val,tumor,glioma,Training/glioma/Tr-gl_879.jpg,b84caa86534e6ed39fd8d68f07b2206e,512,512
data\binary\val\tumor\pituitary_Tr-pi_771.jpg,val,tumor,pituitary,Training/pituitary/Tr-pi_771.jpg,2d719927abf9c12283c1130fde8d0d63,512,512
data\binary\val\tumor\glioma_Tr-gl_1253.jpg,val,tumor,glioma,Training/glioma/Tr-gl_1253.jpg,3393d299cf9f8311eb7edb9b08e23ea4,512,512
data\binary\val\tumor\pituitary_Tr-pi_798.jpg,val,tumor,pituitary,Training/pituitary/Tr-pi_798.jpg,57317bd3e56dbf9c73d61a57ab7462e7,512,512
data\binary\val\tumor\pituitary_Tr-pi_667.jpg,val,tumor,pituitary,Training/pituitary/Tr-pi_667.jpg,33d92536ad9d05b5190993876dd2cd28,512,512
data\binary\val\tumor\glioma_Tr-gl_776.jpg,val,tumor,glioma,Training/glioma/Tr-gl_776.jpg,8aabeeaa11a91d0a23859e96603f51ff,512,512
data\binary\val\tumor\pituitary_Tr-pi_908.jpg,val,tumor,pituitary,Training/pituitary/Tr-pi_908.jpg,219e5b058d095eb97e806d1d7a6c57f5,512,512
data\binary\val\tumor\pituitary_Tr-pi_1197.jpg,val,tumor,pituitary,Training/pituitary/Tr-pi_1197.jpg,f7761ff0fe6aa7b47a1d8632cd6c5f26,512,512
data\binary\val\no_tumor\notumor_Tr-no_688.jpg,val,no_tumor,notumor,Training/notumor/Tr-no_688.jpg,83578e7ca3644b6c325a40f06fa86fe9,225,225
data\binary\val\no_tumor\notumor_Tr-no_896.jpg,val,no_tumor,notumor,Training/notumor/Tr-no_896.jpg,4c4bfb9135d51b7b91fa3ab26e4abd96,194,259
data\binary\val\no_tumor\notumor_Tr-no_66.jpg,val,no_tumor,notumor,Training/notumor/Tr-no_66.jpg,2425479e1c8ff8a4f2f852c5e6957dad,173,201
data\binary\val\tumor\meningioma_Tr-me_554.jpg,val,tumor,meningioma,Training/meningioma/Tr-me_554.jpg,661c6e4d2bc88f1e7867610717f2395e,512,512
data\binary\val\no_tumor\notumor_Tr-no_1155.jpg,val,no_tumor,notumor,Training/notumor/Tr-no_1155.jpg,75da10e12fc827298bb1034dde0f4311,206,244
data\binary\val\tumor\pituitary_Tr-pi_548.jpg,val,tumor,pituitary,Training/pituitary/Tr-pi_548.jpg,5dac8de9e4b074043da441cc5f687009,512,512
data\binary\val\tumor\glioma_Tr-gl_233.jpg,val,tumor,glioma,Training/glioma/Tr-gl_233.jpg,6efeeb94f5faf256dd37e9fe42606691,512,512
data\binary\val\tumor\pituitary_Tr-pi_1181.jpg,val,tumor,pituitary,Training/pituitary/Tr-pi_1181.jpg,3665fdf79547807d98e5053427a45a98,1168,1178
data\binary\val\tumor\pituitary_Tr-pi_42.jpg,val,tumor,pituitary,Training/pituitary/Tr-pi_42.jpg,289e45e8ff011ba74dd8718d8d85b74d,512,512
data\binary\val\no_tumor\notumor_Tr-no_1261.jpg,val,no_tumor,notumor,Training/notumor/Tr-no_1261.jpg,e1a71b45c129191ed5a338f10040977f,235,227
data\binary\val\no_tumor\notumor_Tr-no_144.jpg,val,no_tumor,notumor,Training/notumor/Tr-no_144.jpg,f167689e5f730b77afebbb22e074fbd9,235,227
data\binary\val\tumor\glioma_Tr-gl_118.jpg,val,tumor,glioma,Training/glioma/Tr-gl_118.jpg,2b2f4427147c25896a54817c074e48ea,512,512
data\binary\val\tumor\meningioma_Tr-me_608.jpg,val,tumor,meningioma,Training/meningioma/Tr-me_608.jpg,d27ab6efc66f699a0f249fd89d446c9e,512,512
data\binary\val\tumor\pituitary_Tr-pi_953.jpg,val,tumor,pituitary,Training/pituitary/Tr-pi_953.jpg,26cdd3df55d0f47c79dd221ff90845f0,512,512
data\binary\val\tumor\pituitary_Tr-pi_255.jpg,val,tumor,pituitary,Training/pituitary/Tr-pi_255.jpg,f85fea652832722669a4001b3e1b3530,512,512
data\binary\val\tumor\meningioma_Tr-me_264.jpg,val,tumor,meningioma,Training/meningioma/Tr-me_264.jpg,829037ed568f00f866caceec73b5787a,512,512
data\binary\val\tumor\pituitary_Tr-pi_1044.jpg,val,tumor,pituitary,Training/pituitary/Tr-pi_1044.jpg,a7d7aa01cd858fe8290ed872c4e9ba9e,512,512
data\binary\val\no_tumor\notumor_Tr-no_363.jpg,val,no_tumor,notumor,Training/notumor/Tr-no_363.jpg,a2cddba09a5b7cc4a77d84c2db9f7899,430,483
data\binary\val\tumor\glioma_Tr-gl_356.jpg,val,tumor,glioma,Training/glioma/Tr-gl_356.jpg,4edd3133490c10fe2466825425dbd706,512,512
data\binary\val\tumor\meningioma_Tr-me_160.jpg,val,tumor,meningioma,Training/meningioma/Tr-me_160.jpg,1c0616c6073617b11dde17af265c1385,512,512
data\binary\val\no_tumor\notumor_Tr-no_383.jpg,val,no_tumor,notumor,Training/notumor/Tr-no_383.jpg,9c856845544d5264bebfadbad48eb175,236,268
data\binary\val\tumor\meningioma_Tr-me_1158.jpg,val,tumor,meningioma,Training/meningioma/Tr-me_1158.jpg,e7e8352617252f5713721514e394ff52,512,512
data\binary\val\tumor\glioma_Tr-gl_315.jpg,val,tumor,glioma,Training/glioma/Tr-gl_315.jpg,e1106dc3c4f1dee71173e11819858d59,512,512
data\binary\val\no_tumor\notumor_Tr-no_898.jpg,val,no_tumor,notumor,Training/notumor/Tr-no_898.jpg,5ad153b3fef14fd766528aed256c9f40,177,197
data\binary\val\no_tumor\notumor_Tr-no_1306.jpg,val,no_tumor,notumor,Training/notumor/Tr-no_1306.jpg,c935e37b5a06c84dab5f2c95ddb94d63,200,252
data\binary\val\no_tumor\notumor_Tr-no_1316.jpg,val,no_tumor,notumor,Training/notumor/Tr-no_1316.jpg,72622502c4407a4cbdc8141151f0e585,228,221
data\binary\val\tumor\glioma_Tr-gl_181.jpg,val,tumor,glioma,Training/glioma/Tr-gl_181.jpg,a78da7fb60c1decbbacae8bcdd819787,512,512
data\binary\val\tumor\meningioma_Tr-me_686.jpg,val,tumor,meningioma,Training/meningioma/Tr-me_686.jpg,15cf7c685c8aa8224487e4f9573b0f03,512,512
data\binary\val\tumor\glioma_Tr-gl_893.jpg,val,tumor,glioma,Training/glioma/Tr-gl_893.jpg,8c6acb8188ee6a2826983fd9a427fb52,512,512
data\binary\val\tumor\pituitary_Tr-pi_870.jpg,val,tumor,pituitary,Training/pituitary/Tr-pi_870.jpg,53956fb936543060f9fe24c29671d30c,512,512
data\binary\val\no_tumor\notumor_Tr-no_748.jpg,val,no_tumor,notumor,Training/notumor/Tr-no_748.jpg,053d3b21509586bc70eb5c30f0c62518,206,244
data\binary\val\tumor\meningioma_Tr-me_487.jpg,val,tumor,meningioma,Training/meningioma/Tr-me_487.jpg,5be1ba986e9f681270605fa82ab141fe,512,512
data\binary\val\no_tumor\notumor_Tr-no_1195.jpg,val,no_tumor,notumor,Training/notumor/Tr-no_1195.jpg,d59b82dd5c78da493226d3f9d8adb54c,428,417
data\binary\val\tumor\meningioma_Tr-aug-me_8.jpg,val,tumor,meningioma,Training/meningioma/Tr-aug-me_8.jpg,83329ecdc7d0375c69ebed8df80c5796,512,512
data\binary\val\tumor\pituitary_Tr-pi_591.jpg,val,tumor,pituitary,Training/pituitary/Tr-pi_591.jpg,59664e141c4141e51bc6fa35af09ea2c,512,512
data\binary\val\tumor\pituitary_Tr-pi_391.jpg,val,tumor,pituitary,Training/pituitary/Tr-pi_391.jpg,e004a4fe5b219a898cd6fa61d9c8706d,512,512
data\binary\val\tumor\meningioma_Tr-me_795.jpg,val,tumor,meningioma,Training/meningioma/Tr-me_795.jpg,8eca85e1943916becabcf82a02e9ed0c,512,512
data\binary\val\no_tumor\notumor_Tr-no_1004.jpg,val,no_tumor,notumor,Training/notumor/Tr-no_1004.jpg,e4919b2d20d5aabc8b17d194cd10ac9b,234,224
data\binary\val\tumor\glioma_Tr-gl_1375.jpg,val,tumor,glioma,Training/glioma/Tr-gl_1375.jpg,077abdf3f6517fd372374c844409a79d,512,512
data\binary\val\tumor\meningioma_Tr-me_153.jpg,val,tumor,meningioma,Training/meningioma/Tr-me_153.jpg,666fcd902fe7bfe3cc6673ba09c2760d,512,512
data\binary\val\no_tumor\notumor_Tr-no_1058.jpg,val,no_tumor,notumor,Training/notumor/Tr-no_1058.jpg,8b364e62b8b70b84b04afbb7d56da0ba,225,225
data\binary\val\no_tumor\notumor_Tr-no_1196.jpg,val,no_tumor,notumor,Training/notumor/Tr-no_1196.jpg,8796449b446cf5cc15951033baa85c44,235,214
data\binary\val\tumor\glioma_Tr-gl_351.jpg,val,tumor,glioma,Training/glioma/Tr-gl_351.jpg,c2fa4d8591488c623b048237b8fceed3,512,512
data\binary\val\no_tumor\notumor_Tr-no_1311.jpg,val,no_tumor,notumor,Training/notumor/Tr-no_1311.jpg,6c85da7232b257cd67373a7cc38916f7,200,252
data\binary\val\tumor\pituitary_Tr-pi_809.jpg,val,tumor,pituitary,Training/pituitary/Tr-pi_809.jpg,519bdd0fed8c1fe915ee1c49a70b823b,512,512
data\binary\val\tumor\meningioma_Tr-me_361.jpg,val,tumor,meningioma,Training/meningioma/Tr-me_361.jpg,7b1eed21e35694d6993b0941d1d0dab3,512,512
data\binary\val\tumor\meningioma_Tr-me_89.jpg,val,tumor,meningioma,Training/meningioma/Tr-me_89.jpg,ab3e0f21461bd864f6995517d33eddd3,512,512
data\binary\val\no_tumor\notumor_Tr-no_731.jpg,val,no_tumor,notumor,Training/notumor/Tr-no_731.jpg,bb1d183c1e50a0b2d04cd09125db0030,228,221
data\binary\val\tumor\glioma_Tr-gl_286.jpg,val,tumor,glioma,Training/glioma/Tr-gl_286.jpg,c856ab37460d4455267d094219674df8,512,512
data\binary\val\tumor\meningioma_Tr-me_154.jpg,val,tumor,meningioma,Training/meningioma/Tr-me_154.jpg,546d13394a216dca4e057415eee7468a,351,398
data\binary\val\tumor\glioma_Tr-gl_794.jpg,val,tumor,glioma,Training/glioma/Tr-gl_794.jpg,d9bd436d416ec3197eaf52e28113db19,512,512
data\binary\val\tumor\pituitary_Tr-pi_352.jpg,val,tumor,pituitary,Training/pituitary/Tr-pi_352.jpg,c87813ab79bdcc6729d936a2106a2c10,512,512
data\binary\val\no_tumor\notumor_Tr-no_1260.jpg,val,no_tumor,notumor,Training/notumor/Tr-no_1260.jpg,8008175b84d21925bf7a6567aa6cc6f9,177,197
data\binary\val\tumor\pituitary_Tr-pi_335.jpg,val,tumor,pituitary,Training/pituitary/Tr-pi_335.jpg,c23e254b4836de04fd68046cd0eee177,512,512
data\binary\val\tumor\meningioma_Tr-me_602.jpg,val,tumor,meningioma,Training/meningioma/Tr-me_602.jpg,76179cb748b86cf0207e9f35190bc1e9,512,512
data\binary\val\tumor\pituitary_Tr-pi_996.jpg,val,tumor,pituitary,Training/pituitary/Tr-pi_996.jpg,d45283326ff8411db070160772e674e9,512,512
data\binary\val\tumor\pituitary_Tr-pi_1375.jpg,val,tumor,pituitary,Training/pituitary/Tr-pi_1375.jpg,5c0a00ec5f567aa19da0ea8eb03d0cfc,512,512
data\binary\val\no_tumor\notumor_Tr-no_1175.jpg,val,no_tumor,notumor,Training/notumor/Tr-no_1175.jpg,5b0248ff655efbcc8065d414ee30ce08,680,680
data\binary\val\tumor\pituitary_Tr-pi_739.jpg,val,tumor,pituitary,Training/pituitary/Tr-pi_739.jpg,cf19e130f9dc82aace9a46f68dc11e92,512,512
data\binary\val\tumor\glioma_Tr-gl_903.jpg,val,tumor,glioma,Training/glioma/Tr-gl_903.jpg,e8114aafc90d7b737633865b69592f60,512,512
data\binary\val\no_tumor\notumor_Tr-no_560.jpg,val,no_tumor,notumor,Training/notumor/Tr-no_560.jpg,2554145f8d571aa1fe78e7b4bf3b4196,380,530
data\binary\val\tumor\glioma_Tr-gl_661.jpg,val,tumor,glioma,Training/glioma/Tr-gl_661.jpg,0564fc37bd52b5d06d0de28973b4552a,512,512
data\binary\val\tumor\meningioma_Tr-me_897.jpg,val,tumor,meningioma,Training/meningioma/Tr-me_897.jpg,1f371f1b943ef9e31b59d4bc30b5ba09,300,258
data\binary\val\tumor\meningioma_Tr-me_275.jpg,val,tumor,meningioma,Training/meningioma/Tr-me_275.jpg,5796d92e6cd8f938bf02475c28f9d252,512,512
data\binary\val\tumor\glioma_Tr-gl_11.jpg,val,tumor,glioma,Training/glioma/Tr-gl_11.jpg,a4c1cf51dd705cdbed36df063e1c8eb0,512,512
data\binary\val\tumor\meningioma_Tr-me_569.jpg,val,tumor,meningioma,Training/meningioma/Tr-me_569.jpg,df547816ed739b0a6818d8bc2d969049,512,512
data\binary\val\tumor\glioma_Tr-gl_125.jpg,val,tumor,glioma,Training/glioma/Tr-gl_125.jpg,bb2b57f6db4fa02c75be67184245173d,512,512
data\binary\val\tumor\meningioma_Tr-me_570.jpg,val,tumor,meningioma,Training/meningioma/Tr-me_570.jpg,6f00dd77f703565d5c2e202b9580d36e,512,512
data\binary\val\tumor\pituitary_Tr-pi_1256.jpg,val,tumor,pituitary,Training/pituitary/Tr-pi_1256.jpg,e8b86afcce0bcd16edc4f1d4918bfc6e,512,512
data\binary\val\tumor\meningioma_Tr-me_1236.jpg,val,tumor,meningioma,Training/meningioma/Tr-me_1236.jpg,b9207a2dcb45a65f722191d28f7526cb,512,512
data\binary\val\tumor\pituitary_Tr-pi_720.jpg,val,tumor,pituitary,Training/pituitary/Tr-pi_720.jpg,11b5aff0359726d8270bc865c42c3d90,512,512
data\binary\val\tumor\meningioma_Tr-aug-me_27.jpg,val,tumor,meningioma,Training/meningioma/Tr-aug-me_27.jpg,1743500a8ecdace8701f064e94980b01,512,512
data\binary\val\tumor\glioma_Tr-gl_937.jpg,val,tumor,glioma,Training/glioma/Tr-gl_937.jpg,40f0e5b3becee2552656a49d47d54549,512,512
data\binary\val\tumor\meningioma_Tr-me_659.jpg,val,tumor,meningioma,Training/meningioma/Tr-me_659.jpg,cb1baf810e38af99a91a757161f1a8f2,512,512
data\binary\val\no_tumor\notumor_Tr-no_339.jpg,val,no_tumor,notumor,Training/notumor/Tr-no_339.jpg,125b924df493fde416f7b6a013263486,225,225
data\binary\val\tumor\meningioma_Tr-me_408.jpg,val,tumor,meningioma,Training/meningioma/Tr-me_408.jpg,3de189faea2a4a9547b1c716191e2ab5,512,512
data\binary\val\no_tumor\notumor_Tr-no_1127.jpg,val,no_tumor,notumor,Training/notumor/Tr-no_1127.jpg,bbe167c95d0bc0cfdd8f7e57bee67964,225,225
data\binary\val\tumor\meningioma_Tr-me_269.jpg,val,tumor,meningioma,Training/meningioma/Tr-me_269.jpg,e98e1c487ccd0b4142544c80ff483383,512,512
data\binary\val\tumor\glioma_Tr-gl_410.jpg,val,tumor,glioma,Training/glioma/Tr-gl_410.jpg,777a0b88eb69393f7e510868b6e1daba,512,512
data\binary\test\tumor\glioma_Te-gl_1.jpg,test,tumor,glioma,Testing/glioma/Te-gl_1.jpg,5aae5fc48e326885ec0f62347fc1e522,354,442
data\binary\test\tumor\glioma_Te-gl_10.jpg,test,tumor,glioma,Testing/glioma/Te-gl_10.jpg,e7a0e2e8123e0e4ad59760ee9f1c15cd,512,512
data\binary\test\tumor\glioma_Te-gl_100.jpg,test,tumor,glioma,Testing/glioma/Te-gl_100.jpg,1d28762fdc43e105d35216a05125b808,512,512
data\binary\test\tumor\glioma_Te-gl_101.jpg,test,tumor,glioma,Testing/glioma/Te-gl_101.jpg,1575bb71ad87fbf2541ebf5fddea18e4,512,512
data\binary\test\tumor\glioma_Te-gl_102.jpg,test,tumor,glioma,Testing/glioma/Te-gl_102.jpg,a66b44e2daf158a94443a5d54a60ba02,339,406
data\binary\test\tumor\glioma_Te-gl_103.jpg,test,tumor,glioma,Testing/glioma/Te-gl_103.jpg,cd50d3ca8b93f50d6e8f0c31f3500c70,541,477
data\binary\test\tumor\glioma_Te-gl_104.jpg,test,tumor,glioma,Testing/glioma/Te-gl_104.jpg,b96cf0c953e1d7b25a7d0f0fbe1a7caa,512,512
data\binary\test\tumor\glioma_Te-gl_105.jpg,test,tumor,glioma,Testing/glioma/Te-gl_105.jpg,f5e0d454d46e5035f023ec65c4aa9666,512,512
data\binary\test\tumor\glioma_Te-gl_106.jpg,test,tumor,glioma,Testing/glioma/Te-gl_106.jpg,2905e1a353a1f5878ff4070f34f641bc,236,236
data\binary\test\tumor\glioma_Te-gl_107.jpg,test,tumor,glioma,Testing/glioma/Te-gl_107.jpg,105bd16648cef8ab25f1778ace3710fe,512,512
data\binary\test\tumor\glioma_Te-gl_108.jpg,test,tumor,glioma,Testing/glioma/Te-gl_108.jpg,7ff702d989849b8e2556399629d85149,512,512
data\binary\test\tumor\glioma_Te-gl_109.jpg,test,tumor,glioma,Testing/glioma/Te-gl_109.jpg,824ae9c10e72c1c5ce47b73eddb1be43,236,236
data\binary\test\tumor\glioma_Te-gl_11.jpg,test,tumor,glioma,Testing/glioma/Te-gl_11.jpg,80d536251322571bd04e47e1ce914bb9,512,512
data\binary\test\tumor\glioma_Te-gl_110.jpg,test,tumor,glioma,Testing/glioma/Te-gl_110.jpg,daabdb4c5a01385db0fefad0380242b1,512,512
data\binary\test\tumor\glioma_Te-gl_111.jpg,test,tumor,glioma,Testing/glioma/Te-gl_111.jpg,aee3e3efc085f8b3c085af81cf86017b,512,512
data\binary\test\tumor\glioma_Te-gl_112.jpg,test,tumor,glioma,Testing/glioma/Te-gl_112.jpg,7cebf405d53382d84803f10ec52d9d32,512,512
data\binary\test\tumor\glioma_Te-gl_113.jpg,test,tumor,glioma,Testing/glioma/Te-gl_113.jpg,dc4f7ce1d91bfc44208d64757caf252d,512,512
data\binary\test\tumor\glioma_Te-gl_114.jpg,test,tumor,glioma,Testing/glioma/Te-gl_114.jpg,efc2dd3819f0b690e0193fa2af9935a0,512,512
data\binary\test\tumor\glioma_Te-gl_115.jpg,test,tumor,glioma,Testing/glioma/Te-gl_115.jpg,3935b0a1ede176b36da7ea5a0b3153d1,338,411
data\binary\test\tumor\glioma_Te-gl_116.jpg,test,tumor,glioma,Testing/glioma/Te-gl_116.jpg,50fb07fe1a565a5d38bed45cd6486498,512,512
data\binary\test\tumor\glioma_Te-gl_117.jpg,test,tumor,glioma,Testing/glioma/Te-gl_117.jpg,6db6ecb1e1bccb4ebbddc01fb988ea7f,512,512
data\binary\test\tumor\glioma_Te-gl_118.jpg,test,tumor,glioma,Testing/glioma/Te-gl_118.jpg,2c096e214669ac5f8ad4a0c3af312ab4,512,512
data\binary\test\tumor\glioma_Te-gl_119.jpg,test,tumor,glioma,Testing/glioma/Te-gl_119.jpg,d8ffae552ab4492ff7681bb73e3335d6,512,512
data\binary\test\tumor\glioma_Te-gl_12.jpg,test,tumor,glioma,Testing/glioma/Te-gl_12.jpg,3432e0cc708f246b808726d53e7e7c0a,512,512
data\binary\test\tumor\glioma_Te-gl_120.jpg,test,tumor,glioma,Testing/glioma/Te-gl_120.jpg,c5c70f572740342dfa0717a68ff0308b,384,382
data\binary\test\tumor\glioma_Te-gl_121.jpg,test,tumor,glioma,Testing/glioma/Te-gl_121.jpg,c49cd3f6c529cf4288f14b98694d19f7,512,512
data\binary\test\tumor\glioma_Te-gl_122.jpg,test,tumor,glioma,Testing/glioma/Te-gl_122.jpg,de2ab60a69b302b91b0ebd653e37a9f2,512,512
data\binary\test\tumor\glioma_Te-gl_123.jpg,test,tumor,glioma,Testing/glioma/Te-gl_123.jpg,4eeb514743bb4166245adcd4d3f482f8,512,512
data\binary\test\tumor\glioma_Te-gl_124.jpg,test,tumor,glioma,Testing/glioma/Te-gl_124.jpg,ea48738a7b6c50be9b73e511290737d2,512,512
data\binary\test\tumor\glioma_Te-gl_125.jpg,test,tumor,glioma,Testing/glioma/Te-gl_125.jpg,d734688201409f4c16f4facca8a81dc3,512,512
data\binary\test\tumor\glioma_Te-gl_126.jpg,test,tumor,glioma,Testing/glioma/Te-gl_126.jpg,5999faeaf94ba688339cfb857e7e47d3,360,380
data\binary\test\tumor\glioma_Te-gl_127.jpg,test,tumor,glioma,Testing/glioma/Te-gl_127.jpg,3087e1ad087630d14708141a7e33131c,512,512
data\binary\test\tumor\glioma_Te-gl_128.jpg,test,tumor,glioma,Testing/glioma/Te-gl_128.jpg,328e8df712aa5d445f4aca580e93cd28,512,512
data\binary\test\tumor\glioma_Te-gl_129.jpg,test,tumor,glioma,Testing/glioma/Te-gl_129.jpg,ee6e22476c4f669b43d82fa9f5ab2abf,200,249
data\binary\test\tumor\glioma_Te-gl_13.jpg,test,tumor,glioma,Testing/glioma/Te-gl_13.jpg,e45756abb70254b4dced93d22d7b3303,512,512
data\binary\test\tumor\glioma_Te-gl_130.jpg,test,tumor,glioma,Testing/glioma/Te-gl_130.jpg,1061017f8f24d9723205cfae60bb9294,512,512
data\binary\test\tumor\glioma_Te-gl_131.jpg,test,tumor,glioma,Testing/glioma/Te-gl_131.jpg,b381ba0ff497e53b49ece369490a437d,512,512
data\binary\test\tumor\glioma_Te-gl_132.jpg,test,tumor,glioma,Testing/glioma/Te-gl_132.jpg,c07df06025067613e379cc2b2da8558d,512,512
data\binary\test\tumor\glioma_Te-gl_133.jpg,test,tumor,glioma,Testing/glioma/Te-gl_133.jpg,a4ede403caf0afc561911ece64e5c2b0,526,583
data\binary\test\tumor\glioma_Te-gl_134.jpg,test,tumor,glioma,Testing/glioma/Te-gl_134.jpg,87997437a47a13da53e2fba43c116eea,512,512
data\binary\test\tumor\glioma_Te-gl_135.jpg,test,tumor,glioma,Testing/glioma/Te-gl_135.jpg,12c983b4214fb6140d69fa85a1244962,512,512
data\binary\test\tumor\glioma_Te-gl_136.jpg,test,tumor,glioma,Testing/glioma/Te-gl_136.jpg,8c06c71e7e79d779f3f5ebc728707aa8,512,512
data\binary\test\tumor\glioma_Te-gl_137.jpg,test,tumor,glioma,Testing/glioma/Te-gl_137.jpg,275c7e4df6e01caa3e751ca9edd14a18,512,512
data\binary\test\tumor\glioma_Te-gl_138.jpg,test,tumor,glioma,Testing/glioma/Te-gl_138.jpg,91955c084ba4cccb87486958aca25252,512,512
data\binary\test\tumor\glioma_Te-gl_139.jpg,test,tumor,glioma,Testing/glioma/Te-gl_139.jpg,a51b9f72e750cf21a58f4d2ae119a64a,512,512
data\binary\test\tumor\glioma_Te-gl_14.jpg,test,tumor,glioma,Testing/glioma/Te-gl_14.jpg,4def22b94eb7b6e41ebd79c1d946a2d7,512,512
data\binary\test\tumor\glioma_Te-gl_140.jpg,test,tumor,glioma,Testing/glioma/Te-gl_140.jpg,cfe978f4870cfc42980c522bf749de92,510,602
data\binary\test\tumor\glioma_Te-gl_141.jpg,test,tumor,glioma,Testing/glioma/Te-gl_141.jpg,2f3eddc1e9ca97e4a152da054da04743,512,512
data\binary\test\tumor\glioma_Te-gl_142.jpg,test,tumor,glioma,Testing/glioma/Te-gl_142.jpg,e709075013a76cef21fcf43a53a20259,512,512
data\binary\test\tumor\glioma_Te-gl_143.jpg,test,tumor,glioma,Testing/glioma/Te-gl_143.jpg,7aec05f6498b98fca1451348adec402c,236,298
data\binary\test\tumor\glioma_Te-gl_144.jpg,test,tumor,glioma,Testing/glioma/Te-gl_144.jpg,557074c0f2215c6453fd61461aafc59a,544,564
data\binary\test\tumor\glioma_Te-gl_145.jpg,test,tumor,glioma,Testing/glioma/Te-gl_145.jpg,4e75b82f7dcf3b5b378d6cbbebdd8407,512,512
data\binary\test\tumor\glioma_Te-gl_146.jpg,test,tumor,glioma,Testing/glioma/Te-gl_146.jpg,a66049bb34069aebb5cebf4416d79c2f,512,512
data\binary\test\tumor\glioma_Te-gl_147.jpg,test,tumor,glioma,Testing/glioma/Te-gl_147.jpg,e56babe3bbe5308982a347f868a76bed,512,512
data\binary\test\tumor\glioma_Te-gl_148.jpg,test,tumor,glioma,Testing/glioma/Te-gl_148.jpg,8baeb45430db31d9aa93523a1815e0bb,512,512
data\binary\test\tumor\glioma_Te-gl_149.jpg,test,tumor,glioma,Testing/glioma/Te-gl_149.jpg,646b74ba6baee36107cd2efe04276a97,512,512
data\binary\test\tumor\glioma_Te-gl_15.jpg,test,tumor,glioma,Testing/glioma/Te-gl_15.jpg,099eeeb2455b7a4a212635a1d42ddc2e,383,407
data\binary\test\tumor\glioma_Te-gl_150.jpg,test,tumor,glioma,Testing/glioma/Te-gl_150.jpg,c0065e697a78a4e1311c312e050added,512,512
data\binary\test\tumor\glioma_Te-gl_151.jpg,test,tumor,glioma,Testing/glioma/Te-gl_151.jpg,ed5bb419a8e804fcf2cf33439ed08752,319,360
data\binary\test\tumor\glioma_Te-gl_152.jpg,test,tumor,glioma,Testing/glioma/Te-gl_152.jpg,ce6a12077625a3841a8fdb0d404c9cae,512,512
data\binary\test\tumor\glioma_Te-gl_153.jpg,test,tumor,glioma,Testing/glioma/Te-gl_153.jpg,d010bb90f7bd492060b8115380b571cf,512,512
data\binary\test\tumor\glioma_Te-gl_154.jpg,test,tumor,glioma,Testing/glioma/Te-gl_154.jpg,0c3da863b072fe743af1c9a61986693a,512,512
data\binary\test\tumor\glioma_Te-gl_155.jpg,test,tumor,glioma,Testing/glioma/Te-gl_155.jpg,d18da4318c3e6685218c95cb73c229a7,512,512
data\binary\test\tumor\glioma_Te-gl_156.jpg,test,tumor,glioma,Testing/glioma/Te-gl_156.jpg,84fff2d40c12d0d51cff424b27040f7b,512,512
data\binary\test\tumor\glioma_Te-gl_157.jpg,test,tumor,glioma,Testing/glioma/Te-gl_157.jpg,6cfcf1e3a67caf5dcf1a9f1e5ce8bcec,512,512
data\binary\test\tumor\glioma_Te-gl_158.jpg,test,tumor,glioma,Testing/glioma/Te-gl_158.jpg,24697b586f435ebd8e55b53db0a16eda,512,512
data\binary\test\tumor\glioma_Te-gl_159.jpg,test,tumor,glioma,Testing/glioma/Te-gl_159.jpg,357105d093b2cf3e10cd0c1fcbab5d7a,398,397
data\binary\test\tumor\glioma_Te-gl_16.jpg,test,tumor,glioma,Testing/glioma/Te-gl_16.jpg,d5bc5ab9cbb72e54af8f887f8f6a72f6,512,512
data\binary\test\tumor\glioma_Te-gl_160.jpg,test,tumor,glioma,Testing/glioma/Te-gl_160.jpg,fcadea0d07e28e5873fd176f3dda2e43,557,641
data\binary\test\tumor\glioma_Te-gl_161.jpg,test,tumor,glioma,Testing/glioma/Te-gl_161.jpg,9ef17d271a114caf69234c04e94b8954,512,512
data\binary\test\tumor\glioma_Te-gl_162.jpg,test,tumor,glioma,Testing/glioma/Te-gl_162.jpg,3895bbdc5d78dbe618c83d8115abc592,512,512
data\binary\test\tumor\glioma_Te-gl_163.jpg,test,tumor,glioma,Testing/glioma/Te-gl_163.jpg,5a5bd45bee7bf9c0f3d7015817aa4e37,512,512
data\binary\test\tumor\glioma_Te-gl_164.jpg,test,tumor,glioma,Testing/glioma/Te-gl_164.jpg,3a17f92ee0190e56de199b2efbab4862,512,512
data\binary\test\tumor\glioma_Te-gl_165.jpg,test,tumor,glioma,Testing/glioma/Te-gl_165.jpg,8a84e88171423de6771c5a831cbcd34b,512,512
data\binary\test\tumor\glioma_Te-gl_166.jpg,test,tumor,glioma,Testing/glioma/Te-gl_166.jpg,34d3fec0def3da3459c5f1596f059aef,442,426
data\binary\test\tumor\glioma_Te-gl_167.jpg,test,tumor,glioma,Testing/glioma/Te-gl_167.jpg,39e81d2dae5e76f96aa515cc82e13ef1,334,407
data\binary\test\tumor\glioma_Te-gl_168.jpg,test,tumor,glioma,Testing/glioma/Te-gl_168.jpg,0f7372f95529aaed31b51f2f0d85763d,512,512
data\binary\test\tumor\glioma_Te-gl_169.jpg,test,tumor,glioma,Testing/glioma/Te-gl_169.jpg,96b61a064f56a76887c59658a8dfe9e3,512,512
data\binary\test\tumor\glioma_Te-gl_17.jpg,test,tumor,glioma,Testing/glioma/Te-gl_17.jpg,f4d3fbdbfbea92c2562646b2a132fb2a,512,512
data\binary\test\tumor\glioma_Te-gl_170.jpg,test,tumor,glioma,Testing/glioma/Te-gl_170.jpg,4dc9e3b56a99b7455036ca9247c82817,620,415
data\binary\test\tumor\glioma_Te-gl_171.jpg,test,tumor,glioma,Testing/glioma/Te-gl_171.jpg,270039de9ae75d069b6360f6b23c0b8b,310,380
data\binary\test\tumor\glioma_Te-gl_172.jpg,test,tumor,glioma,Testing/glioma/Te-gl_172.jpg,dc1ffdc43f51da099be9892ea159c3b0,512,512
data\binary\test\tumor\glioma_Te-gl_173.jpg,test,tumor,glioma,Testing/glioma/Te-gl_173.jpg,6072591165d24827ed968b78750cf591,512,512
data\binary\test\tumor\glioma_Te-gl_174.jpg,test,tumor,glioma,Testing/glioma/Te-gl_174.jpg,6eeb9e536fa16f8f0986b05411fc8966,512,512
data\binary\test\tumor\glioma_Te-gl_175.jpg,test,tumor,glioma,Testing/glioma/Te-gl_175.jpg,44fa0ead7ed96ca38bde655ef7a981bb,512,512
data\binary\test\tumor\glioma_Te-gl_176.jpg,test,tumor,glioma,Testing/glioma/Te-gl_176.jpg,bf454cc5a543d8adb7310bb172983a53,512,512
data\binary\test\tumor\glioma_Te-gl_177.jpg,test,tumor,glioma,Testing/glioma/Te-gl_177.jpg,61388b0e333fe750b3bd0c7912846625,512,512
data\binary\test\tumor\glioma_Te-gl_179.jpg,test,tumor,glioma,Testing/glioma/Te-gl_179.jpg,8b2b46fc6af43d99346844bf64b86caf,512,512
data\binary\test\tumor\glioma_Te-gl_18.jpg,test,tumor,glioma,Testing/glioma/Te-gl_18.jpg,9b505ab31dcb525ea9c15dfaffe1e202,512,512
data\binary\test\tumor\glioma_Te-gl_180.jpg,test,tumor,glioma,Testing/glioma/Te-gl_180.jpg,94b093b92a49d1f4483093560dfc2b7b,512,512
data\binary\test\tumor\glioma_Te-gl_181.jpg,test,tumor,glioma,Testing/glioma/Te-gl_181.jpg,1090eca54e69eb559a6897a0aa2bd3fb,512,512
data\binary\test\tumor\glioma_Te-gl_182.jpg,test,tumor,glioma,Testing/glioma/Te-gl_182.jpg,f29993aef1592e06ac80783a92b09d3d,512,512
data\binary\test\tumor\glioma_Te-gl_183.jpg,test,tumor,glioma,Testing/glioma/Te-gl_183.jpg,4626913505fd463d2962c53f519d1136,512,512
data\binary\test\tumor\glioma_Te-gl_184.jpg,test,tumor,glioma,Testing/glioma/Te-gl_184.jpg,350894952553ff064db7d56311912f8f,512,512
data\binary\test\tumor\glioma_Te-gl_185.jpg,test,tumor,glioma,Testing/glioma/Te-gl_185.jpg,e4ddec46fe4033291e7e03288b86e5e8,512,512
data\binary\test\tumor\glioma_Te-gl_186.jpg,test,tumor,glioma,Testing/glioma/Te-gl_186.jpg,f3295128f6128b8e148da45b20af2827,512,512
data\binary\test\tumor\glioma_Te-gl_187.jpg,test,tumor,glioma,Testing/glioma/Te-gl_187.jpg,a6a0f55608284566ed843bcd87c94c29,248,274
data\binary\test\tumor\glioma_Te-gl_188.jpg,test,tumor,glioma,Testing/glioma/Te-gl_188.jpg,eee68d9f57f15dfbd066bfb706232745,512,512
data\binary\test\tumor\glioma_Te-gl_189.jpg,test,tumor,glioma,Testing/glioma/Te-gl_189.jpg,4475c25811700ae6f49e9779c8a75302,453,437
data\binary\test\tumor\glioma_Te-gl_19.jpg,test,tumor,glioma,Testing/glioma/Te-gl_19.jpg,8ab64388a6a9f9b79c0772ec82a72ab4,512,512
data\binary\test\tumor\glioma_Te-gl_190.jpg,test,tumor,glioma,Testing/glioma/Te-gl_190.jpg,934d738a7de8917b8b22be910c210a0a,512,512
data\binary\test\tumor\glioma_Te-gl_191.jpg,test,tumor,glioma,Testing/glioma/Te-gl_191.jpg,08788816500b98d151e91417923a3a28,512,512
data\binary\test\tumor\glioma_Te-gl_192.jpg,test,tumor,glioma,Testing/glioma/Te-gl_192.jpg,875597880e4006a423a16543e14b5d61,512,512
data\binary\test\tumor\glioma_Te-gl_193.jpg,test,tumor,glioma,Testing/glioma/Te-gl_193.jpg,60fc2f1f86e6b5250f05e3ba61428c0f,512,512
data\binary\test\tumor\glioma_Te-gl_194.jpg,test,tumor,glioma,Testing/glioma/Te-gl_194.jpg,93440b6708f92ffaba65e9de554e4694,512,512
data\binary\test\tumor\glioma_Te-gl_195.jpg,test,tumor,glioma,Testing/glioma/Te-gl_195.jpg,f5de630f2d0dcc9edf0acf41db77a27a,512,512
data\binary\test\tumor\glioma_Te-gl_196.jpg,test,tumor,glioma,Testing/glioma/Te-gl_196.jpg,58dc07845636e4ac8e44bc03b22a4e92,388,453
data\binary\test\tumor\glioma_Te-gl_197.jpg,test,tumor,glioma,Testing/glioma/Te-gl_197.jpg,d0f295191ada67b44d0908e9f783f0af,512,512
data\binary\test\tumor\glioma_Te-gl_198.jpg,test,tumor,glioma,Testing/glioma/Te-gl_198.jpg,c142e1debace031d1de954e864d031cf,512,512
data\binary\test\tumor\glioma_Te-gl_199.jpg,test,tumor,glioma,Testing/glioma/Te-gl_199.jpg,dc9bb002a08ab6cac357d1ab94ce9993,512,512
data\binary\test\tumor\glioma_Te-gl_2.jpg,test,tumor,glioma,Testing/glioma/Te-gl_2.jpg,3179945941e199119c9ffe8e45d5e49e,512,512
data\binary\test\tumor\glioma_Te-gl_20.jpg,test,tumor,glioma,Testing/glioma/Te-gl_20.jpg,02293348a65b890cdc77cd013c163c21,512,512
data\binary\test\tumor\glioma_Te-gl_200.jpg,test,tumor,glioma,Testing/glioma/Te-gl_200.jpg,c8814d03cdd37be2c9f71ec33da1b104,512,512
data\binary\test\tumor\glioma_Te-gl_201.jpg,test,tumor,glioma,Testing/glioma/Te-gl_201.jpg,e80c85f373f216ba1287013eafe5b91b,512,512
data\binary\test\tumor\glioma_Te-gl_202.jpg,test,tumor,glioma,Testing/glioma/Te-gl_202.jpg,5c286571c6ef989434e7c7cd5aa1dbed,512,512
data\binary\test\tumor\glioma_Te-gl_203.jpg,test,tumor,glioma,Testing/glioma/Te-gl_203.jpg,9de2b66fa5197ca0389f435c32d016f3,512,512
data\binary\test\tumor\glioma_Te-gl_204.jpg,test,tumor,glioma,Testing/glioma/Te-gl_204.jpg,716882598588e4671a4cb50eadfc5b88,256,256
data\binary\test\tumor\glioma_Te-gl_205.jpg,test,tumor,glioma,Testing/glioma/Te-gl_205.jpg,9fad57b6409ec25083956374c11aad0d,512,512
data\binary\test\tumor\glioma_Te-gl_206.jpg,test,tumor,glioma,Testing/glioma/Te-gl_206.jpg,d67f32fc14d6db8dd3d49f0ec878825a,512,512
data\binary\test\tumor\glioma_Te-gl_207.jpg,test,tumor,glioma,Testing/glioma/Te-gl_207.jpg,4a9e36c8044675b53617dc5f93558ad3,512,512
data\binary\test\tumor\glioma_Te-gl_208.jpg,test,tumor,glioma,Testing/glioma/Te-gl_208.jpg,9f954a98524bf70c92119bde1c2c7bc6,512,512
data\binary\test\tumor\glioma_Te-gl_209.jpg,test,tumor,glioma,Testing/glioma/Te-gl_209.jpg,76157e09efb57b458906d04303d77b63,512,512
data\binary\test\tumor\glioma_Te-gl_21.jpg,test,tumor,glioma,Testing/glioma/Te-gl_21.jpg,b6f2e60a02044b4c7ce21556905c0858,512,512
data\binary\test\tumor\glioma_Te-gl_210.jpg,test,tumor,glioma,Testing/glioma/Te-gl_210.jpg,5c847dbb868c25d52b625c85c2747602,512,512
data\binary\test\tumor\glioma_Te-gl_211.jpg,test,tumor,glioma,Testing/glioma/Te-gl_211.jpg,b592f7472fce547fad5cb9c3cf51c988,394,368
data\binary\test\tumor\glioma_Te-gl_212.jpg,test,tumor,glioma,Testing/glioma/Te-gl_212.jpg,845ff201c07a82cd2356769078f83eae,524,581
data\binary\test\tumor\glioma_Te-gl_213.jpg,test,tumor,glioma,Testing/glioma/Te-gl_213.jpg,1f487b8f08ecb387c487cbf6ce19d389,512,512
data\binary\test\tumor\glioma_Te-gl_214.jpg,test,tumor,glioma,Testing/glioma/Te-gl_214.jpg,d736ad7d5cfeada119ed608d73c138f9,512,512
data\binary\test\tumor\glioma_Te-gl_215.jpg,test,tumor,glioma,Testing/glioma/Te-gl_215.jpg,1f7ace355d92a842fcb866e874c863ee,565,513
data\binary\test\tumor\glioma_Te-gl_216.jpg,test,tumor,glioma,Testing/glioma/Te-gl_216.jpg,84bbffcf836256a4d9a8f41182d1721d,512,512
data\binary\test\tumor\glioma_Te-gl_217.jpg,test,tumor,glioma,Testing/glioma/Te-gl_217.jpg,bcde0b224997d382ab09cc6a7f6a2d95,512,512
data\binary\test\tumor\glioma_Te-gl_218.jpg,test,tumor,glioma,Testing/glioma/Te-gl_218.jpg,abaaac5b4133a9d5a8ab46ed0adeb1bb,373,378
data\binary\test\tumor\glioma_Te-gl_219.jpg,test,tumor,glioma,Testing/glioma/Te-gl_219.jpg,b1164ca7e1184a8597493f217cbe7b8a,512,512
data\binary\test\tumor\glioma_Te-gl_22.jpg,test,tumor,glioma,Testing/glioma/Te-gl_22.jpg,b93d089146ea1fcfde219d12ace0c8dd,512,512
data\binary\test\tumor\glioma_Te-gl_220.jpg,test,tumor,glioma,Testing/glioma/Te-gl_220.jpg,183be20275de7582e0a9b09903863ea5,512,512
data\binary\test\tumor\glioma_Te-gl_221.jpg,test,tumor,glioma,Testing/glioma/Te-gl_221.jpg,9a5d91249f31adcbd1e635292dd41d28,512,512
data\binary\test\tumor\glioma_Te-gl_222.jpg,test,tumor,glioma,Testing/glioma/Te-gl_222.jpg,a8a9c3261efffefc026ebfdd0830d71f,512,512
data\binary\test\tumor\glioma_Te-gl_223.jpg,test,tumor,glioma,Testing/glioma/Te-gl_223.jpg,0a72b6b55ec2892ba9f0baea3f33001d,512,512
data\binary\test\tumor\glioma_Te-gl_224.jpg,test,tumor,glioma,Testing/glioma/Te-gl_224.jpg,b7836ac633bb76a7127b6cc87640498f,512,512
data\binary\test\tumor\glioma_Te-gl_225.jpg,test,tumor,glioma,Testing/glioma/Te-gl_225.jpg,b97b35cbe4dca6de78bd673133be2007,512,512
data\binary\test\tumor\glioma_Te-gl_226.jpg,test,tumor,glioma,Testing/glioma/Te-gl_226.jpg,e2316f874f87bb1b979440e316f698b7,512,512
data\binary\test\tumor\glioma_Te-gl_227.jpg,test,tumor,glioma,Testing/glioma/Te-gl_227.jpg,dc599f0922b149f6e16ee696d9de27ae,512,512
data\binary\test\tumor\glioma_Te-gl_229.jpg,test,tumor,glioma,Testing/glioma/Te-gl_229.jpg,aad6ada8842d077e0ee00bd535f5e3f8,495,619
data\binary\test\tumor\glioma_Te-gl_23.jpg,test,tumor,glioma,Testing/glioma/Te-gl_23.jpg,8a4165c97177d676c0a484a2d75cc9a3,512,512
data\binary\test\tumor\glioma_Te-gl_230.jpg,test,tumor,glioma,Testing/glioma/Te-gl_230.jpg,35bb04a1f5cec11d1ac8998cc4ef0a7d,512,512
data\binary\test\tumor\glioma_Te-gl_231.jpg,test,tumor,glioma,Testing/glioma/Te-gl_231.jpg,3c39e3fef7c045d313a77e5ddf91eb11,512,512
data\binary\test\tumor\glioma_Te-gl_232.jpg,test,tumor,glioma,Testing/glioma/Te-gl_232.jpg,1c8eb3d78daaa877c08200bcceb5597f,512,512
data\binary\test\tumor\glioma_Te-gl_233.jpg,test,tumor,glioma,Testing/glioma/Te-gl_233.jpg,002c76409d96a81569b533a91408a76b,512,512
data\binary\test\tumor\glioma_Te-gl_234.jpg,test,tumor,glioma,Testing/glioma/Te-gl_234.jpg,84b06001fd1642751d0d44e2e4ca22e3,512,512
data\binary\test\tumor\glioma_Te-gl_235.jpg,test,tumor,glioma,Testing/glioma/Te-gl_235.jpg,71e16d374a8f946a918989247a513a7d,512,512
data\binary\test\tumor\glioma_Te-gl_236.jpg,test,tumor,glioma,Testing/glioma/Te-gl_236.jpg,ec3b5140cee5730c52545d58ad3696c9,512,512
data\binary\test\tumor\glioma_Te-gl_237.jpg,test,tumor,glioma,Testing/glioma/Te-gl_237.jpg,5f371dca072c4f341dc73635c9e95502,512,512
data\binary\test\tumor\glioma_Te-gl_239.jpg,test,tumor,glioma,Testing/glioma/Te-gl_239.jpg,72a78040c72cf55bc1857deb7ac4b877,512,512
data\binary\test\tumor\glioma_Te-gl_24.jpg,test,tumor,glioma,Testing/glioma/Te-gl_24.jpg,909d60a33a3ca35d2af79ecfa112e17c,512,512
data\binary\test\tumor\glioma_Te-gl_240.jpg,test,tumor,glioma,Testing/glioma/Te-gl_240.jpg,c397057a2e31d4d6977873ad73ca3e80,512,512
data\binary\test\tumor\glioma_Te-gl_241.jpg,test,tumor,glioma,Testing/glioma/Te-gl_241.jpg,7201b7252f8081cf01ed186472b2b696,512,512
data\binary\test\tumor\glioma_Te-gl_242.jpg,test,tumor,glioma,Testing/glioma/Te-gl_242.jpg,a0cd1e8eb5770261288f3516c5be47f8,512,512
data\binary\test\tumor\glioma_Te-gl_243.jpg,test,tumor,glioma,Testing/glioma/Te-gl_243.jpg,448b4c6a66c171955d5c887e9615df6d,512,512
data\binary\test\tumor\glioma_Te-gl_244.jpg,test,tumor,glioma,Testing/glioma/Te-gl_244.jpg,31a637e3e814383af2cb9f1a21735bdf,512,512
data\binary\test\tumor\glioma_Te-gl_245.jpg,test,tumor,glioma,Testing/glioma/Te-gl_245.jpg,128ddf38f6b50829a873dd4cd729d137,512,512
data\binary\test\tumor\glioma_Te-gl_246.jpg,test,tumor,glioma,Testing/glioma/Te-gl_246.jpg,bdfbd7a73c42da9d46f4897f321ec67e,512,512
data\binary\test\tumor\glioma_Te-gl_247.jpg,test,tumor,glioma,Testing/glioma/Te-gl_247.jpg,36fdafcb3e6d87e2806b13f9357d87b3,512,512
data\binary\test\tumor\glioma_Te-gl_248.jpg,test,tumor,glioma,Testing/glioma/Te-gl_248.jpg,383773bfbd8144f8a3003feef9df777c,512,512
data\binary\test\tumor\glioma_Te-gl_249.jpg,test,tumor,glioma,Testing/glioma/Te-gl_249.jpg,3e77c64db1934c9ef82252eb54bc4d87,512,512
data\binary\test\tumor\glioma_Te-gl_25.jpg,test,tumor,glioma,Testing/glioma/Te-gl_25.jpg,ab0dca2078e174ce9b6a22b59e2245b9,512,512
data\binary\test\tumor\glioma_Te-gl_250.jpg,test,tumor,glioma,Testing/glioma/Te-gl_250.jpg,1db01faae111b70b7b6fecf3650d2e66,512,512
data\binary\test\tumor\glioma_Te-gl_251.jpg,test,tumor,glioma,Testing/glioma/Te-gl_251.jpg,889f6c54ce374650f4d41c6ce9255689,512,512
data\binary\test\tumor\glioma_Te-gl_252.jpg,test,tumor,glioma,Testing/glioma/Te-gl_252.jpg,1b6774852ed31c93e78b77ab6e1975bd,512,512
data\binary\test\tumor\glioma_Te-gl_253.jpg,test,tumor,glioma,Testing/glioma/Te-gl_253.jpg,b86b2ff6e6d9c75576530c994282d281,512,512
data\binary\test\tumor\glioma_Te-gl_254.jpg,test,tumor,glioma,Testing/glioma/Te-gl_254.jpg,b24bf08ea6caf5c232d49a01706e3ff7,512,512
data\binary\test\tumor\glioma_Te-gl_255.jpg,test,tumor,glioma,Testing/glioma/Te-gl_255.jpg,c5c06abab944b1e6b9ae62d58b287e45,512,512
data\binary\test\tumor\glioma_Te-gl_256.jpg,test,tumor,glioma,Testing/glioma/Te-gl_256.jpg,3b03ab7b259b24b77e3b89743b5f19b6,512,512
data\binary\test\tumor\glioma_Te-gl_257.jpg,test,tumor,glioma,Testing/glioma/Te-gl_257.jpg,7004b2caad0e3c08830c938c99a21de4,512,512
data\binary\test\tumor\glioma_Te-gl_258.jpg,test,tumor,glioma,Testing/glioma/Te-gl_258.jpg,b6a6c8c22f6648aa19089d04b07a5cb3,512,512
data\binary\test\tumor\glioma_Te-gl_26.jpg,test,tumor,glioma,Testing/glioma/Te-gl_26.jpg,a23de5190883c7ad0bfc688fc958395d,512,512
data\binary\test\tumor\glioma_Te-gl_260.jpg,test,tumor,glioma,Testing/glioma/Te-gl_260.jpg,9d1898f918b3b6db0b01b2b90572a9d1,512,512
data\binary\test\tumor\glioma_Te-gl_261.jpg,test,tumor,glioma,Testing/glioma/Te-gl_261.jpg,d992ef32d267c06d19d635ef083a508a,512,512
data\binary\test\tumor\glioma_Te-gl_262.jpg,test,tumor,glioma,Testing/glioma/Te-gl_262.jpg,652fc266299626991d59ec7b3e42f3ae,512,512
data\binary\test\tumor\glioma_Te-gl_263.jpg,test,tumor,glioma,Testing/glioma/Te-gl_263.jpg,486adcee179e05b703896595f223d9fb,512,512
data\binary\test\tumor\glioma_Te-gl_264.jpg,test,tumor,glioma,Testing/glioma/Te-gl_264.jpg,8550db6ba329a2517df7f3c6b8c01ecd,546,562
data\binary\test\tumor\glioma_Te-gl_265.jpg,test,tumor,glioma,Testing/glioma/Te-gl_265.jpg,8f136878ecd55e7a622bd5bdf96ee29a,512,512
data\binary\test\tumor\glioma_Te-gl_266.jpg,test,tumor,glioma,Testing/glioma/Te-gl_266.jpg,8b36c9c02915fb61c02620f0b6ee2fc0,512,512
data\binary\test\tumor\glioma_Te-gl_267.jpg,test,tumor,glioma,Testing/glioma/Te-gl_267.jpg,ef8703a07d2079eb30ae39b6645eb0ac,512,512
data\binary\test\tumor\glioma_Te-gl_268.jpg,test,tumor,glioma,Testing/glioma/Te-gl_268.jpg,bba0532087c8dcf2b54a600d7de8de11,512,512
data\binary\test\tumor\glioma_Te-gl_269.jpg,test,tumor,glioma,Testing/glioma/Te-gl_269.jpg,1027dde589ba789793545c9fb955c315,512,512
data\binary\test\tumor\glioma_Te-gl_27.jpg,test,tumor,glioma,Testing/glioma/Te-gl_27.jpg,a38e10a514da18d0b177a4975f186508,509,537
data\binary\test\tumor\glioma_Te-gl_270.jpg,test,tumor,glioma,Testing/glioma/Te-gl_270.jpg,caab5859588132c3ebb1fbbfa853e944,512,512
data\binary\test\tumor\glioma_Te-gl_271.jpg,test,tumor,glioma,Testing/glioma/Te-gl_271.jpg,d578ebe553b12010514b821ce04f206a,512,512
data\binary\test\tumor\glioma_Te-gl_273.jpg,test,tumor,glioma,Testing/glioma/Te-gl_273.jpg,ff913a08262ea74d247e0dd9c6f7f9e9,512,512
data\binary\test\tumor\glioma_Te-gl_274.jpg,test,tumor,glioma,Testing/glioma/Te-gl_274.jpg,0e25cd3ba2dc30d28778a70516c6fbdc,512,512
data\binary\test\tumor\glioma_Te-gl_275.jpg,test,tumor,glioma,Testing/glioma/Te-gl_275.jpg,7b866f38996ea1280cda4cf43f79bd77,236,236
data\binary\test\tumor\glioma_Te-gl_276.jpg,test,tumor,glioma,Testing/glioma/Te-gl_276.jpg,3a0ca35341c23cb6c4a9777b439c59d6,512,512
data\binary\test\tumor\glioma_Te-gl_277.jpg,test,tumor,glioma,Testing/glioma/Te-gl_277.jpg,e82be7d10eddc4a0618eafe745291c09,357,396
data\binary\test\tumor\glioma_Te-gl_279.jpg,test,tumor,glioma,Testing/glioma/Te-gl_279.jpg,52d996f34155a2618654fca6dc068c10,512,512
data\binary\test\tumor\glioma_Te-gl_28.jpg,test,tumor,glioma,Testing/glioma/Te-gl_28.jpg,8875a806996d0b7814531be7b1cca74e,512,512
data\binary\test\tumor\glioma_Te-gl_280.jpg,test,tumor,glioma,Testing/glioma/Te-gl_280.jpg,f6a99b76e17585e310a2a4ac1c5e7958,512,512
data\binary\test\tumor\glioma_Te-gl_281.jpg,test,tumor,glioma,Testing/glioma/Te-gl_281.jpg,0dd70e8f4c02eb0788384cd4b5dd8c13,512,512
data\binary\test\tumor\glioma_Te-gl_282.jpg,test,tumor,glioma,Testing/glioma/Te-gl_282.jpg,0e667d7c9b0c74e24f648ee7cacc4042,512,512
data\binary\test\tumor\glioma_Te-gl_283.jpg,test,tumor,glioma,Testing/glioma/Te-gl_283.jpg,24578a4a1b37e9ea9927c422c6bb3273,512,512
data\binary\test\tumor\glioma_Te-gl_284.jpg,test,tumor,glioma,Testing/glioma/Te-gl_284.jpg,6778a37eb7bc80accc2c6accb0d887c6,512,512
data\binary\test\tumor\glioma_Te-gl_285.jpg,test,tumor,glioma,Testing/glioma/Te-gl_285.jpg,4d18fc7957e4f2372f137f934f336da6,512,512
data\binary\test\tumor\glioma_Te-gl_286.jpg,test,tumor,glioma,Testing/glioma/Te-gl_286.jpg,1b92c296b65b9e566e16278cef271fc2,512,512
data\binary\test\tumor\glioma_Te-gl_287.jpg,test,tumor,glioma,Testing/glioma/Te-gl_287.jpg,9404e237f9403422e589b9126f5660e6,512,512
data\binary\test\tumor\glioma_Te-gl_288.jpg,test,tumor,glioma,Testing/glioma/Te-gl_288.jpg,a5afa95c804682d50ea2060d70f46dde,512,512
data\binary\test\tumor\glioma_Te-gl_289.jpg,test,tumor,glioma,Testing/glioma/Te-gl_289.jpg,9a3b13f1f35f377cd97f3dafe28a0347,512,512
data\binary\test\tumor\glioma_Te-gl_290.jpg,test,tumor,glioma,Testing/glioma/Te-gl_290.jpg,fbbe2c7b1c3b652a4b6a1c93207e9a83,512,512
data\binary\test\tumor\glioma_Te-gl_291.jpg,test,tumor,glioma,Testing/glioma/Te-gl_291.jpg,d264afe43a698350b4d198196165daf1,512,512
data\binary\test\tumor\glioma_Te-gl_292.jpg,test,tumor,glioma,Testing/glioma/Te-gl_292.jpg,5e0ace7934bad8d30e0acd14e6aaf8aa,512,512
data\binary\test\tumor\glioma_Te-gl_293.jpg,test,tumor,glioma,Testing/glioma/Te-gl_293.jpg,7e8765d46a889ee02bd4f73c3fd9116b,512,512
data\binary\test\tumor\glioma_Te-gl_294.jpg,test,tumor,glioma,Testing/glioma/Te-gl_294.jpg,8f16e2e710e54b5af0cc4def85a0773a,512,512
data\binary\test\tumor\glioma_Te-gl_295.jpg,test,tumor,glioma,Testing/glioma/Te-gl_295.jpg,df2d6b6946e63d5e64092855da7faa5d,204,245
data\binary\test\tumor\glioma_Te-gl_296.jpg,test,tumor,glioma,Testing/glioma/Te-gl_296.jpg,cb079febbebef78a5ca9431e24e3237d,512,512
data\binary\test\tumor\glioma_Te-gl_297.jpg,test,tumor,glioma,Testing/glioma/Te-gl_297.jpg,1582d8c97176024fd0d3673f20641ce8,512,512
data\binary\test\tumor\glioma_Te-gl_298.jpg,test,tumor,glioma,Testing/glioma/Te-gl_298.jpg,9ef70b9319a89fed0ec7695c14651a7f,512,512
data\binary\test\tumor\glioma_Te-gl_299.jpg,test,tumor,glioma,Testing/glioma/Te-gl_299.jpg,f998e6cf91b2d4ae9d464510ba184a4f,512,512
data\binary\test\tumor\glioma_Te-gl_3.jpg,test,tumor,glioma,Testing/glioma/Te-gl_3.jpg,cc9a4c2da8ac6bb2af17be56dccf7816,512,512
data\binary\test\tumor\glioma_Te-gl_30.jpg,test,tumor,glioma,Testing/glioma/Te-gl_30.jpg,1ebe35db3f035c4d65dbb149596defa1,379,379
data\binary\test\tumor\glioma_Te-gl_300.jpg,test,tumor,glioma,Testing/glioma/Te-gl_300.jpg,4e1a1d4efd489f0c1593582f74ecb756,512,512
data\binary\test\tumor\glioma_Te-gl_301.jpg,test,tumor,glioma,Testing/glioma/Te-gl_301.jpg,6afb7b416468ebf8fbf20b26255ea8b2,512,512
data\binary\test\tumor\glioma_Te-gl_302.jpg,test,tumor,glioma,Testing/glioma/Te-gl_302.jpg,d9271130defc9480e9ea91de3dda82e6,512,512
data\binary\test\tumor\glioma_Te-gl_304.jpg,test,tumor,glioma,Testing/glioma/Te-gl_304.jpg,5010cccfc40358013c4605bb99bd2d00,512,512
data\binary\test\tumor\glioma_Te-gl_305.jpg,test,tumor,glioma,Testing/glioma/Te-gl_305.jpg,44d1502377d09971023874623712e5c3,512,512
data\binary\test\tumor\glioma_Te-gl_306.jpg,test,tumor,glioma,Testing/glioma/Te-gl_306.jpg,3137dd0b552bd9ff0c693d70349b0611,512,512
data\binary\test\tumor\glioma_Te-gl_307.jpg,test,tumor,glioma,Testing/glioma/Te-gl_307.jpg,295c3dfff56a35e853e66bb0677d1d80,512,512
data\binary\test\tumor\glioma_Te-gl_308.jpg,test,tumor,glioma,Testing/glioma/Te-gl_308.jpg,71d92678b623635cb8e873c5f21258be,512,512
data\binary\test\tumor\glioma_Te-gl_309.jpg,test,tumor,glioma,Testing/glioma/Te-gl_309.jpg,85074b7de11bf2ee057b072be7e672e2,512,512
data\binary\test\tumor\glioma_Te-gl_31.jpg,test,tumor,glioma,Testing/glioma/Te-gl_31.jpg,34ee53ae11f1bded5d50f979352f18d6,512,512
data\binary\test\tumor\glioma_Te-gl_310.jpg,test,tumor,glioma,Testing/glioma/Te-gl_310.jpg,b7c134a702c2a5c11bc7b72966198de6,224,225
data\binary\test\tumor\glioma_Te-gl_311.jpg,test,tumor,glioma,Testing/glioma/Te-gl_311.jpg,6bd05c5c16987375379183c11f5b7a3c,512,512
data\binary\test\tumor\glioma_Te-gl_312.jpg,test,tumor,glioma,Testing/glioma/Te-gl_312.jpg,0969337be030bbb613d386591155ee28,512,512
data\binary\test\tumor\glioma_Te-gl_313.jpg,test,tumor,glioma,Testing/glioma/Te-gl_313.jpg,3e3f9ba260b98891f22a4e04f987fab4,305,325
data\binary\test\tumor\glioma_Te-gl_314.jpg,test,tumor,glioma,Testing/glioma/Te-gl_314.jpg,1f9543faf18da8823acb1540c7210428,531,577
data\binary\test\tumor\glioma_Te-gl_315.jpg,test,tumor,glioma,Testing/glioma/Te-gl_315.jpg,1de9c37412145a31d8ac74a4be1f645a,512,512
data\binary\test\tumor\glioma_Te-gl_316.jpg,test,tumor,glioma,Testing/glioma/Te-gl_316.jpg,ce1d8d77d5af467dd5d71024143323a5,512,512
data\binary\test\tumor\glioma_Te-gl_317.jpg,test,tumor,glioma,Testing/glioma/Te-gl_317.jpg,90c3ef7bb901b74c7401356a3c914601,512,512
data\binary\test\tumor\glioma_Te-gl_318.jpg,test,tumor,glioma,Testing/glioma/Te-gl_318.jpg,0ff71767b2d66e1ab73440746969b15b,197,229
data\binary\test\tumor\glioma_Te-gl_319.jpg,test,tumor,glioma,Testing/glioma/Te-gl_319.jpg,2a1d642a4f37f4c3540f8c2fbdd6cef7,512,512
data\binary\test\tumor\glioma_Te-gl_32.jpg,test,tumor,glioma,Testing/glioma/Te-gl_32.jpg,252314e70476470af7835cdfd70bac92,249,238
data\binary\test\tumor\glioma_Te-gl_320.jpg,test,tumor,glioma,Testing/glioma/Te-gl_320.jpg,9a2cfca9c0a17efc67b67d48a24c281a,512,512
data\binary\test\tumor\glioma_Te-gl_321.jpg,test,tumor,glioma,Testing/glioma/Te-gl_321.jpg,e489ed65bc01cb12aaf76c00a1836cff,512,512
data\binary\test\tumor\glioma_Te-gl_322.jpg,test,tumor,glioma,Testing/glioma/Te-gl_322.jpg,41b3081e212f1982f6d1ae35447fca9c,512,512
data\binary\test\tumor\glioma_Te-gl_323.jpg,test,tumor,glioma,Testing/glioma/Te-gl_323.jpg,9987caf29bb299a8f1b61a9da9f9e085,326,405
data\binary\test\tumor\glioma_Te-gl_324.jpg,test,tumor,glioma,Testing/glioma/Te-gl_324.jpg,4075a5489d3baae0fc2f6a8760b974e5,512,512
data\binary\test\tumor\glioma_Te-gl_325.jpg,test,tumor,glioma,Testing/glioma/Te-gl_325.jpg,c583a4c47d95eee09195709ce3bad3b3,512,512
data\binary\test\tumor\glioma_Te-gl_326.jpg,test,tumor,glioma,Testing/glioma/Te-gl_326.jpg,8d5faf7075603950624bfd876a1745e9,512,512
data\binary\test\tumor\glioma_Te-gl_327.jpg,test,tumor,glioma,Testing/glioma/Te-gl_327.jpg,596bc5d9d171e7800c397d5b09728ec2,512,512
data\binary\test\tumor\glioma_Te-gl_328.jpg,test,tumor,glioma,Testing/glioma/Te-gl_328.jpg,e5fcbfebbe0ebc21458ac409c7acc4da,512,512
data\binary\test\tumor\glioma_Te-gl_329.jpg,test,tumor,glioma,Testing/glioma/Te-gl_329.jpg,d9e8568bb693c906528650656ce46ced,512,512
data\binary\test\tumor\glioma_Te-gl_33.jpg,test,tumor,glioma,Testing/glioma/Te-gl_33.jpg,f0682439d8e1330def2f327a7d81795a,512,512
data\binary\test\tumor\glioma_Te-gl_330.jpg,test,tumor,glioma,Testing/glioma/Te-gl_330.jpg,41052a69dc1af028cc32df90898e9a5a,331,392
data\binary\test\tumor\glioma_Te-gl_331.jpg,test,tumor,glioma,Testing/glioma/Te-gl_331.jpg,26a94f09fe2624136baacdaf11db4be3,512,512
data\binary\test\tumor\glioma_Te-gl_332.jpg,test,tumor,glioma,Testing/glioma/Te-gl_332.jpg,e300108e4b9009b2556b0808315e189c,512,512
data\binary\test\tumor\glioma_Te-gl_333.jpg,test,tumor,glioma,Testing/glioma/Te-gl_333.jpg,ff3416cecb682f6acb541379b555df84,512,512
data\binary\test\tumor\glioma_Te-gl_334.jpg,test,tumor,glioma,Testing/glioma/Te-gl_334.jpg,15fb9413964c0f43bca5cab8cf8d7ef1,512,512
data\binary\test\tumor\glioma_Te-gl_335.jpg,test,tumor,glioma,Testing/glioma/Te-gl_335.jpg,7ed47b82d54ecda9a1a12a35ffcab327,572,536
data\binary\test\tumor\glioma_Te-gl_336.jpg,test,tumor,glioma,Testing/glioma/Te-gl_336.jpg,b31199f1026c3407284ecf1faaa85410,512,512
data\binary\test\tumor\glioma_Te-gl_337.jpg,test,tumor,glioma,Testing/glioma/Te-gl_337.jpg,9e6670dd4498056cdd8714f1d3dd6f78,512,512
data\binary\test\tumor\glioma_Te-gl_339.jpg,test,tumor,glioma,Testing/glioma/Te-gl_339.jpg,bfc097bb015d5c9439aa89e02ca8d7d7,512,512
data\binary\test\tumor\glioma_Te-gl_34.jpg,test,tumor,glioma,Testing/glioma/Te-gl_34.jpg,5d6be3aa6fe9e47f09632a9c4c5be06d,512,512
data\binary\test\tumor\glioma_Te-gl_340.jpg,test,tumor,glioma,Testing/glioma/Te-gl_340.jpg,ee6726ffd93f36703518892fe46a6614,512,512
data\binary\test\tumor\glioma_Te-gl_341.jpg,test,tumor,glioma,Testing/glioma/Te-gl_341.jpg,c2895010375143b49b30f0a234dc41ca,640,480
data\binary\test\tumor\glioma_Te-gl_342.jpg,test,tumor,glioma,Testing/glioma/Te-gl_342.jpg,e41d252b317c77b8bf8576f3f9e4a9d9,512,512
data\binary\test\tumor\glioma_Te-gl_343.jpg,test,tumor,glioma,Testing/glioma/Te-gl_343.jpg,18e19f62dd15ab55a287540ccc9371ac,512,512
data\binary\test\tumor\glioma_Te-gl_344.jpg,test,tumor,glioma,Testing/glioma/Te-gl_344.jpg,a32fce02baf11c2d44b074716ea20bd0,512,512
data\binary\test\tumor\glioma_Te-gl_345.jpg,test,tumor,glioma,Testing/glioma/Te-gl_345.jpg,a4d00ca0e1eef23b87d3a560fd65b8f7,512,512
data\binary\test\tumor\glioma_Te-gl_346.jpg,test,tumor,glioma,Testing/glioma/Te-gl_346.jpg,c263ae5caa740e7390046b4fe5c300b9,512,512
data\binary\test\tumor\glioma_Te-gl_347.jpg,test,tumor,glioma,Testing/glioma/Te-gl_347.jpg,7bd026c4253c5969436fc49e6476a873,512,512
data\binary\test\tumor\glioma_Te-gl_348.jpg,test,tumor,glioma,Testing/glioma/Te-gl_348.jpg,e4d351ee306fec052941c3619785230e,512,512
data\binary\test\tumor\glioma_Te-gl_349.jpg,test,tumor,glioma,Testing/glioma/Te-gl_349.jpg,666201871b387472a101141fb1c78744,554,554
data\binary\test\tumor\glioma_Te-gl_35.jpg,test,tumor,glioma,Testing/glioma/Te-gl_35.jpg,e00f18f5062795a057883ec5321549cc,512,512
data\binary\test\tumor\glioma_Te-gl_350.jpg,test,tumor,glioma,Testing/glioma/Te-gl_350.jpg,034ab30d02c1d5137331728297d72402,175,167
data\binary\test\tumor\glioma_Te-gl_351.jpg,test,tumor,glioma,Testing/glioma/Te-gl_351.jpg,6d7fa2a171b97ecdb8cd414124283b66,337,412
data\binary\test\tumor\glioma_Te-gl_352.jpg,test,tumor,glioma,Testing/glioma/Te-gl_352.jpg,01f30de81f03d56971eaed35d70f9861,512,512
data\binary\test\tumor\glioma_Te-gl_353.jpg,test,tumor,glioma,Testing/glioma/Te-gl_353.jpg,e982c008b86c28c1fc51b976554ba0f8,512,512
data\binary\test\tumor\glioma_Te-gl_354.jpg,test,tumor,glioma,Testing/glioma/Te-gl_354.jpg,e091bb96f203a39ab6997a37d82eab3a,512,512
data\binary\test\tumor\glioma_Te-gl_355.jpg,test,tumor,glioma,Testing/glioma/Te-gl_355.jpg,97c0f70d94a67883b1c5639737c81f3a,512,512
data\binary\test\tumor\glioma_Te-gl_356.jpg,test,tumor,glioma,Testing/glioma/Te-gl_356.jpg,5d0b0de0df0ae7b8a2115d066bdeae7d,512,512
data\binary\test\tumor\glioma_Te-gl_357.jpg,test,tumor,glioma,Testing/glioma/Te-gl_357.jpg,09d063608e0da5a1f3af33767dbca914,512,512
data\binary\test\tumor\glioma_Te-gl_358.jpg,test,tumor,glioma,Testing/glioma/Te-gl_358.jpg,b2c63be97bc9f8f11e5f284993fa1f3a,225,225
data\binary\test\tumor\glioma_Te-gl_359.jpg,test,tumor,glioma,Testing/glioma/Te-gl_359.jpg,a580d4d2740899423c48894dba58b796,512,512
data\binary\test\tumor\glioma_Te-gl_360.jpg,test,tumor,glioma,Testing/glioma/Te-gl_360.jpg,348ca99d16027fc75fe9bdce53d7fe75,512,512
data\binary\test\tumor\glioma_Te-gl_361.jpg,test,tumor,glioma,Testing/glioma/Te-gl_361.jpg,def3683eef4b7b0f177c6f3edbeb8ba0,512,512
data\binary\test\tumor\glioma_Te-gl_362.jpg,test,tumor,glioma,Testing/glioma/Te-gl_362.jpg,5b6ed6e2e682f543d33a350aae05f4ed,512,512
data\binary\test\tumor\glioma_Te-gl_363.jpg,test,tumor,glioma,Testing/glioma/Te-gl_363.jpg,3ce564f75e88806c7509cc712e2f8b3f,512,512
data\binary\test\tumor\glioma_Te-gl_365.jpg,test,tumor,glioma,Testing/glioma/Te-gl_365.jpg,e24b41949aef311fcdc477e89b9901d8,512,512
data\binary\test\tumor\glioma_Te-gl_366.jpg,test,tumor,glioma,Testing/glioma/Te-gl_366.jpg,344b78b2a407bd7287fceeabe8ba4961,512,512
data\binary\test\tumor\glioma_Te-gl_367.jpg,test,tumor,glioma,Testing/glioma/Te-gl_367.jpg,cb619724b02afa1f7fdd4c6f260aabf6,512,512
data\binary\test\tumor\glioma_Te-gl_368.jpg,test,tumor,glioma,Testing/glioma/Te-gl_368.jpg,fe6de762513bdc7eeda3d3197d3216a8,512,512
data\binary\test\tumor\glioma_Te-gl_369.jpg,test,tumor,glioma,Testing/glioma/Te-gl_369.jpg,3e82e016de39ae3262113802e1e49106,512,512
data\binary\test\tumor\glioma_Te-gl_37.jpg,test,tumor,glioma,Testing/glioma/Te-gl_37.jpg,e93684f5ee192d964ccd5643b699427c,512,512
data\binary\test\tumor\glioma_Te-gl_370.jpg,test,tumor,glioma,Testing/glioma/Te-gl_370.jpg,a929043ea0e9910490c5961ba757e232,512,512
data\binary\test\tumor\glioma_Te-gl_371.jpg,test,tumor,glioma,Testing/glioma/Te-gl_371.jpg,d9808d972cfddfad3d4cc9472e855d95,512,512
data\binary\test\tumor\glioma_Te-gl_372.jpg,test,tumor,glioma,Testing/glioma/Te-gl_372.jpg,075bcfcd243c9ac48bc54d42691f0fff,233,233
data\binary\test\tumor\glioma_Te-gl_373.jpg,test,tumor,glioma,Testing/glioma/Te-gl_373.jpg,191454a537661acd760ddb44a8a737a6,512,512
data\binary\test\tumor\glioma_Te-gl_374.jpg,test,tumor,glioma,Testing/glioma/Te-gl_374.jpg,27df96f1d7c5a71502fd5cd4c84f3458,512,512
data\binary\test\tumor\glioma_Te-gl_375.jpg,test,tumor,glioma,Testing/glioma/Te-gl_375.jpg,a63c0caa24cc4cd6e6a29d45124c2eaa,512,512
data\binary\test\tumor\glioma_Te-gl_376.jpg,test,tumor,glioma,Testing/glioma/Te-gl_376.jpg,4ff4c038b457430caea92395c2cab505,512,512
data\binary\test\tumor\glioma_Te-gl_377.jpg,test,tumor,glioma,Testing/glioma/Te-gl_377.jpg,11fca69a362963015a6187ff72edab19,512,512
data\binary\test\tumor\glioma_Te-gl_378.jpg,test,tumor,glioma,Testing/glioma/Te-gl_378.jpg,6d117186a36d34063ec5a726e44af98d,512,512
data\binary\test\tumor\glioma_Te-gl_379.jpg,test,tumor,glioma,Testing/glioma/Te-gl_379.jpg,55fae6b0994a45b2bc550b067c832766,512,512
data\binary\test\tumor\glioma_Te-gl_38.jpg,test,tumor,glioma,Testing/glioma/Te-gl_38.jpg,e092393aba9dcad7e260485c01bd34bd,512,512
data\binary\test\tumor\glioma_Te-gl_380.jpg,test,tumor,glioma,Testing/glioma/Te-gl_380.jpg,b112725c48d44ae980f9ef51c54ff23a,512,512
data\binary\test\tumor\glioma_Te-gl_381.jpg,test,tumor,glioma,Testing/glioma/Te-gl_381.jpg,6881fcff435c38c611b041b603409b70,512,512
data\binary\test\tumor\glioma_Te-gl_382.jpg,test,tumor,glioma,Testing/glioma/Te-gl_382.jpg,0d78657d558164277f28589a59096ec5,512,512
data\binary\test\tumor\glioma_Te-gl_383.jpg,test,tumor,glioma,Testing/glioma/Te-gl_383.jpg,ae69126712867e312ac3b88d0f3900a7,512,512
data\binary\test\tumor\glioma_Te-gl_384.jpg,test,tumor,glioma,Testing/glioma/Te-gl_384.jpg,f20582d51698ce32afbb9fd9198fd87c,512,512
data\binary\test\tumor\glioma_Te-gl_385.jpg,test,tumor,glioma,Testing/glioma/Te-gl_385.jpg,61a2ca28fd95ff412925f98c3d7662d7,512,512
data\binary\test\tumor\glioma_Te-gl_386.jpg,test,tumor,glioma,Testing/glioma/Te-gl_386.jpg,1107d49b45bcf99f4bf749933bde03df,512,512
data\binary\test\tumor\glioma_Te-gl_387.jpg,test,tumor,glioma,Testing/glioma/Te-gl_387.jpg,d9198933325c66906e96f7815bdde5e0,512,512
data\binary\test\tumor\glioma_Te-gl_388.jpg,test,tumor,glioma,Testing/glioma/Te-gl_388.jpg,19973a628d277abfd0c92531f43d92f5,512,512
data\binary\test\tumor\glioma_Te-gl_39.jpg,test,tumor,glioma,Testing/glioma/Te-gl_39.jpg,5aecc783156035febde49c4efcff8257,200,234
data\binary\test\tumor\glioma_Te-gl_390.jpg,test,tumor,glioma,Testing/glioma/Te-gl_390.jpg,30527730baec5df3dc0f6f3730d3c154,512,512
data\binary\test\tumor\glioma_Te-gl_391.jpg,test,tumor,glioma,Testing/glioma/Te-gl_391.jpg,8e0108bb8750ce4c3ccff54b2edad6e0,490,625
data\binary\test\tumor\glioma_Te-gl_392.jpg,test,tumor,glioma,Testing/glioma/Te-gl_392.jpg,1b2b326f2d609d40f590fae935eb0469,512,512
data\binary\test\tumor\glioma_Te-gl_393.jpg,test,tumor,glioma,Testing/glioma/Te-gl_393.jpg,dbd3c1285b585cb4981efc1d3e4724bc,512,512
data\binary\test\tumor\glioma_Te-gl_394.jpg,test,tumor,glioma,Testing/glioma/Te-gl_394.jpg,2c6ba60d10c0a0f87c29facb7fd5d4ad,512,512
data\binary\test\tumor\glioma_Te-gl_395.jpg,test,tumor,glioma,Testing/glioma/Te-gl_395.jpg,e2935e3e746077eedab7e98c42513762,512,512
data\binary\test\tumor\glioma_Te-gl_396.jpg,test,tumor,glioma,Testing/glioma/Te-gl_396.jpg,5dac84ca35c6dbe96e9bedbe2a36f3a6,512,512
data\binary\test\tumor\glioma_Te-gl_397.jpg,test,tumor,glioma,Testing/glioma/Te-gl_397.jpg,7e0bad9639785b71224a0dfa523727f0,512,512
data\binary\test\tumor\glioma_Te-gl_398.jpg,test,tumor,glioma,Testing/glioma/Te-gl_398.jpg,64b84cbb92d2e2f6e196e287fb30eddd,512,512
data\binary\test\tumor\glioma_Te-gl_399.jpg,test,tumor,glioma,Testing/glioma/Te-gl_399.jpg,acb7e8f554290f4004c973eacfd0f18c,512,512
data\binary\test\tumor\glioma_Te-gl_4.jpg,test,tumor,glioma,Testing/glioma/Te-gl_4.jpg,0b786470af03374d059f91eba8afb6d6,512,512
data\binary\test\tumor\glioma_Te-gl_40.jpg,test,tumor,glioma,Testing/glioma/Te-gl_40.jpg,9ab8cedcdf0e6f80ae27ac8a7a76f974,512,512
data\binary\test\tumor\glioma_Te-gl_400.jpg,test,tumor,glioma,Testing/glioma/Te-gl_400.jpg,c19fc55c5716e09fc56d1ee8723794ba,512,512
data\binary\test\tumor\glioma_Te-gl_41.jpg,test,tumor,glioma,Testing/glioma/Te-gl_41.jpg,06583ec0a463d52664dc7f151131e4de,512,512
data\binary\test\tumor\glioma_Te-gl_42.jpg,test,tumor,glioma,Testing/glioma/Te-gl_42.jpg,b86bf4bd56b1844dcea484db63296b0f,512,512
data\binary\test\tumor\glioma_Te-gl_43.jpg,test,tumor,glioma,Testing/glioma/Te-gl_43.jpg,cfbb6819b163a17ffbae9c5159cc786a,236,236
data\binary\test\tumor\glioma_Te-gl_44.jpg,test,tumor,glioma,Testing/glioma/Te-gl_44.jpg,8dd4fea97ad8cb66443edc35e6b9fa2d,512,512
data\binary\test\tumor\glioma_Te-gl_45.jpg,test,tumor,glioma,Testing/glioma/Te-gl_45.jpg,5e21193cb466e5a6d19cb17ffdfdd0f6,512,512
data\binary\test\tumor\glioma_Te-gl_46.jpg,test,tumor,glioma,Testing/glioma/Te-gl_46.jpg,3730577011d4b712e144302873498d7e,512,512
data\binary\test\tumor\glioma_Te-gl_47.jpg,test,tumor,glioma,Testing/glioma/Te-gl_47.jpg,579e1702b8676213eb39177d16d695a5,401,475
data\binary\test\tumor\glioma_Te-gl_48.jpg,test,tumor,glioma,Testing/glioma/Te-gl_48.jpg,7f5edbbd10269b829c521f148ab630cc,512,512
data\binary\test\tumor\glioma_Te-gl_49.jpg,test,tumor,glioma,Testing/glioma/Te-gl_49.jpg,8762f53c7cb5e6d501c9b60b51fe6d3a,512,512
data\binary\test\tumor\glioma_Te-gl_5.jpg,test,tumor,glioma,Testing/glioma/Te-gl_5.jpg,e93a1646ac21e3522cad66e198b6338a,512,512
data\binary\test\tumor\glioma_Te-gl_50.jpg,test,tumor,glioma,Testing/glioma/Te-gl_50.jpg,c0aea86b773395949902b9861afbcced,512,512
data\binary\test\tumor\glioma_Te-gl_51.jpg,test,tumor,glioma,Testing/glioma/Te-gl_51.jpg,017db06f75d30838999bb7feff0fc85b,512,512
data\binary\test\tumor\glioma_Te-gl_52.jpg,test,tumor,glioma,Testing/glioma/Te-gl_52.jpg,8c274b0172caeb9e7d251f1a59041366,512,512
data\binary\test\tumor\glioma_Te-gl_53.jpg,test,tumor,glioma,Testing/glioma/Te-gl_53.jpg,bbec4768373ae14a4df202e59af3a423,355,399
data\binary\test\tumor\glioma_Te-gl_54.jpg,test,tumor,glioma,Testing/glioma/Te-gl_54.jpg,47e52a9116b0d56b65411ac631c002c0,512,512
data\binary\test\tumor\glioma_Te-gl_55.jpg,test,tumor,glioma,Testing/glioma/Te-gl_55.jpg,ecb5d5578dc0076e71470b7073bcf713,512,512
data\binary\test\tumor\glioma_Te-gl_56.jpg,test,tumor,glioma,Testing/glioma/Te-gl_56.jpg,51a658b2bd7e4e5ec500d3d7b1627b11,512,512
data\binary\test\tumor\glioma_Te-gl_57.jpg,test,tumor,glioma,Testing/glioma/Te-gl_57.jpg,2a72dabfdf737920ec108aa64330f10c,512,512
data\binary\test\tumor\glioma_Te-gl_58.jpg,test,tumor,glioma,Testing/glioma/Te-gl_58.jpg,d1d55ea45aa70dedc546a5d5468d3838,282,257
data\binary\test\tumor\glioma_Te-gl_6.jpg,test,tumor,glioma,Testing/glioma/Te-gl_6.jpg,178292ec971ec6fbe024568d2b326272,512,512
data\binary\test\tumor\glioma_Te-gl_60.jpg,test,tumor,glioma,Testing/glioma/Te-gl_60.jpg,d73a7cae1c8c35ddeb43c2137e894e74,512,512
data\binary\test\tumor\glioma_Te-gl_61.jpg,test,tumor,glioma,Testing/glioma/Te-gl_61.jpg,1ef6fb68be9a706d552aabf337888f1a,512,512
data\binary\test\tumor\glioma_Te-gl_62.jpg,test,tumor,glioma,Testing/glioma/Te-gl_62.jpg,dcb9ea622419b123e358cea1b050b90e,317,378
data\binary\test\tumor\glioma_Te-gl_63.jpg,test,tumor,glioma,Testing/glioma/Te-gl_63.jpg,b6fee6372d0f471cf597c753a1dae3d7,512,512
data\binary\test\tumor\glioma_Te-gl_64.jpg,test,tumor,glioma,Testing/glioma/Te-gl_64.jpg,74d574d90715c9c826bdde2c4f0d84c2,512,512
data\binary\test\tumor\glioma_Te-gl_65.jpg,test,tumor,glioma,Testing/glioma/Te-gl_65.jpg,aa21987b8666ea6ed5f418297bf9a042,512,512
data\binary\test\tumor\glioma_Te-gl_66.jpg,test,tumor,glioma,Testing/glioma/Te-gl_66.jpg,0f4ced3a9bf6e93ddf8ea0bf5376d100,353,427
data\binary\test\tumor\glioma_Te-gl_67.jpg,test,tumor,glioma,Testing/glioma/Te-gl_67.jpg,ef51a98906f7403bbdcf652542ce3c85,512,512
data\binary\test\tumor\glioma_Te-gl_68.jpg,test,tumor,glioma,Testing/glioma/Te-gl_68.jpg,f93b87c4d3413c923703a3c6babb55a7,236,236
data\binary\test\tumor\glioma_Te-gl_69.jpg,test,tumor,glioma,Testing/glioma/Te-gl_69.jpg,a757ed8ce361ba28d4ffeeabb74279a4,512,512
data\binary\test\tumor\glioma_Te-gl_7.jpg,test,tumor,glioma,Testing/glioma/Te-gl_7.jpg,9fd73a48c8ccb99b236bcd016207853e,512,512
data\binary\test\tumor\glioma_Te-gl_70.jpg,test,tumor,glioma,Testing/glioma/Te-gl_70.jpg,792ad41aa66969c24f378ef0d18c9851,512,512
data\binary\test\tumor\glioma_Te-gl_71.jpg,test,tumor,glioma,Testing/glioma/Te-gl_71.jpg,d376602e869d9859cc6ff6afe9ea2e65,512,512
data\binary\test\tumor\glioma_Te-gl_73.jpg,test,tumor,glioma,Testing/glioma/Te-gl_73.jpg,a45d1ba46ce79c33ae7b269b5200974b,512,512
data\binary\test\tumor\glioma_Te-gl_74.jpg,test,tumor,glioma,Testing/glioma/Te-gl_74.jpg,2678366cb452c265ff8d9ada74ab9e68,440,398
data\binary\test\tumor\glioma_Te-gl_75.jpg,test,tumor,glioma,Testing/glioma/Te-gl_75.jpg,69f16717cd6fdc7f531423e9929ca0e0,512,512
data\binary\test\tumor\glioma_Te-gl_76.jpg,test,tumor,glioma,Testing/glioma/Te-gl_76.jpg,0f4ec8ee4e0654b99e98ab02e8f37ea2,564,665
data\binary\test\tumor\glioma_Te-gl_77.jpg,test,tumor,glioma,Testing/glioma/Te-gl_77.jpg,0c38783485cc794a274ba7bd77c96a12,512,512
data\binary\test\tumor\glioma_Te-gl_78.jpg,test,tumor,glioma,Testing/glioma/Te-gl_78.jpg,3064ee3b4e53094e3c1c31c6f09c90c8,421,504
data\binary\test\tumor\glioma_Te-gl_79.jpg,test,tumor,glioma,Testing/glioma/Te-gl_79.jpg,3dcd4cf6ac61b4555bdf96438b32fad4,512,512
data\binary\test\tumor\glioma_Te-gl_8.jpg,test,tumor,glioma,Testing/glioma/Te-gl_8.jpg,9f317cc1472c1609146cc4445509c2f5,512,512
data\binary\test\tumor\glioma_Te-gl_80.jpg,test,tumor,glioma,Testing/glioma/Te-gl_80.jpg,06a9ff4441ba25bfea5e899eda8f5d2d,512,512
data\binary\test\tumor\glioma_Te-gl_81.jpg,test,tumor,glioma,Testing/glioma/Te-gl_81.jpg,cb6099b260207cf0172f666c2636cdab,512,512
data\binary\test\tumor\glioma_Te-gl_82.jpg,test,tumor,glioma,Testing/glioma/Te-gl_82.jpg,debd394a0b194c21259bda73bc88c22c,512,512
data\binary\test\tumor\glioma_Te-gl_83.jpg,test,tumor,glioma,Testing/glioma/Te-gl_83.jpg,e65693d308fb8e7c266940efed48d9fb,512,512
data\binary\test\tumor\glioma_Te-gl_84.jpg,test,tumor,glioma,Testing/glioma/Te-gl_84.jpg,83989a329ba1dda76b9355e46b0ba93b,485,594
data\binary\test\tumor\glioma_Te-gl_85.jpg,test,tumor,glioma,Testing/glioma/Te-gl_85.jpg,8e500fc5f61d6d4787016299e1ee876f,512,512
data\binary\test\tumor\glioma_Te-gl_86.jpg,test,tumor,glioma,Testing/glioma/Te-gl_86.jpg,8dd205bf374632b6dfe1bf962e599194,386,406
data\binary\test\tumor\glioma_Te-gl_87.jpg,test,tumor,glioma,Testing/glioma/Te-gl_87.jpg,969a15a68d0796c3790bdf5fc15bfece,512,512
data\binary\test\tumor\glioma_Te-gl_88.jpg,test,tumor,glioma,Testing/glioma/Te-gl_88.jpg,00ff170dab2988e442309f7812c13276,512,512
data\binary\test\tumor\glioma_Te-gl_89.jpg,test,tumor,glioma,Testing/glioma/Te-gl_89.jpg,3db3cf3913a8665fb268b1d401cd7e98,512,512
data\binary\test\tumor\glioma_Te-gl_9.jpg,test,tumor,glioma,Testing/glioma/Te-gl_9.jpg,147c8fb312bbab5fe66bfe3698096d1b,512,512
data\binary\test\tumor\glioma_Te-gl_90.jpg,test,tumor,glioma,Testing/glioma/Te-gl_90.jpg,d2da74529f8660d4b0a5dbcc05fffb84,512,512
data\binary\test\tumor\glioma_Te-gl_91.jpg,test,tumor,glioma,Testing/glioma/Te-gl_91.jpg,3da55a2e470015320a007589cabcc8dc,512,512
data\binary\test\tumor\glioma_Te-gl_92.jpg,test,tumor,glioma,Testing/glioma/Te-gl_92.jpg,37116fc0ecbdbe14d0f734246221707b,512,512
data\binary\test\tumor\glioma_Te-gl_93.jpg,test,tumor,glioma,Testing/glioma/Te-gl_93.jpg,4e1300bc8538466edae503aed6b130b9,512,512
data\binary\test\tumor\glioma_Te-gl_94.jpg,test,tumor,glioma,Testing/glioma/Te-gl_94.jpg,78cdc69804677e4ff6aaf5102be7a807,512,512
data\binary\test\tumor\glioma_Te-gl_95.jpg,test,tumor,glioma,Testing/glioma/Te-gl_95.jpg,47902ab25d44391609029141ee3a60a6,512,512
data\binary\test\tumor\glioma_Te-gl_96.jpg,test,tumor,glioma,Testing/glioma/Te-gl_96.jpg,b1cad579c25c38a79ef6831271a98793,512,512
data\binary\test\tumor\glioma_Te-gl_97.jpg,test,tumor,glioma,Testing/glioma/Te-gl_97.jpg,4ba58d371951fd2a25f96a366b396975,504,608
data\binary\test\tumor\glioma_Te-gl_98.jpg,test,tumor,glioma,Testing/glioma/Te-gl_98.jpg,03a5c31d31800872662adb6ed007ae39,512,512
data\binary\test\tumor\glioma_Te-gl_99.jpg,test,tumor,glioma,Testing/glioma/Te-gl_99.jpg,51a17e33c4e2931cde3b780759752cdb,512,512
data\binary\test\tumor\meningioma_Te-aug-me_1.jpg,test,tumor,meningioma,Testing/meningioma/Te-aug-me_1.jpg,26f10c9f13020ecf73d4943940094ff2,512,512
data\binary\test\tumor\meningioma_Te-aug-me_10.jpg,test,tumor,meningioma,Testing/meningioma/Te-aug-me_10.jpg,4dd1bb1c2f227dda030c8474c79c1c14,512,512
data\binary\test\tumor\meningioma_Te-aug-me_100.jpg,test,tumor,meningioma,Testing/meningioma/Te-aug-me_100.jpg,4a710ed586667d8a4ef4a79a8f5eb1c2,512,512
data\binary\test\tumor\meningioma_Te-aug-me_101.jpg,test,tumor,meningioma,Testing/meningioma/Te-aug-me_101.jpg,a4d2b454f033d02b85821a7fc36ad8c3,512,512
data\binary\test\tumor\meningioma_Te-aug-me_102.jpg,test,tumor,meningioma,Testing/meningioma/Te-aug-me_102.jpg,3854d262bfd3d1069edb779e56faa081,512,512
data\binary\test\tumor\meningioma_Te-aug-me_103.jpg,test,tumor,meningioma,Testing/meningioma/Te-aug-me_103.jpg,f510cc58f40002f75fca112d3d2c7359,512,512
data\binary\test\tumor\meningioma_Te-aug-me_11.jpg,test,tumor,meningioma,Testing/meningioma/Te-aug-me_11.jpg,f17584a12d1cad5837a825fd9cced1b0,512,512
data\binary\test\tumor\meningioma_Te-aug-me_12.jpg,test,tumor,meningioma,Testing/meningioma/Te-aug-me_12.jpg,fc2e384c8ff9c3619a7af1f2fa78e2b9,512,512
data\binary\test\tumor\meningioma_Te-aug-me_13.jpg,test,tumor,meningioma,Testing/meningioma/Te-aug-me_13.jpg,a5eab7d252582c4b435bd69b97108b29,512,512
data\binary\test\tumor\meningioma_Te-aug-me_14.jpg,test,tumor,meningioma,Testing/meningioma/Te-aug-me_14.jpg,d599925e6a224442cae6bcaa37e4408f,512,512
data\binary\test\tumor\meningioma_Te-aug-me_15.jpg,test,tumor,meningioma,Testing/meningioma/Te-aug-me_15.jpg,2d1c25fa7fda57467a448c3db7816d44,512,512
data\binary\test\tumor\meningioma_Te-aug-me_16.jpg,test,tumor,meningioma,Testing/meningioma/Te-aug-me_16.jpg,eb317008de056d6fa3d6b5fbeaa29cfe,512,512
data\binary\test\tumor\meningioma_Te-aug-me_17.jpg,test,tumor,meningioma,Testing/meningioma/Te-aug-me_17.jpg,db3399e3fb893f472229307e877973e8,512,512
data\binary\test\tumor\meningioma_Te-aug-me_18.jpg,test,tumor,meningioma,Testing/meningioma/Te-aug-me_18.jpg,dab98e63a30a8ab327301544c6c502ce,512,512
data\binary\test\tumor\meningioma_Te-aug-me_19.jpg,test,tumor,meningioma,Testing/meningioma/Te-aug-me_19.jpg,c8b05d37d0735fada265e89ad87bf300,512,512
data\binary\test\tumor\meningioma_Te-aug-me_2.jpg,test,tumor,meningioma,Testing/meningioma/Te-aug-me_2.jpg,c184174bd90310e62d2e045983f8c057,512,512
data\binary\test\tumor\meningioma_Te-aug-me_20.jpg,test,tumor,meningioma,Testing/meningioma/Te-aug-me_20.jpg,3e5ea42ed5e35838e4d78035322b390f,512,512
data\binary\test\tumor\meningioma_Te-aug-me_21.jpg,test,tumor,meningioma,Testing/meningioma/Te-aug-me_21.jpg,f9913e64e27fb484dd0182c81792c18c,512,512
data\binary\test\tumor\meningioma_Te-aug-me_22.jpg,test,tumor,meningioma,Testing/meningioma/Te-aug-me_22.jpg,c75100fb28384d4cfc22dbf64fb68d78,512,512
data\binary\test\tumor\meningioma_Te-aug-me_23.jpg,test,tumor,meningioma,Testing/meningioma/Te-aug-me_23.jpg,21f64ff30f6b3647a96239836b2bc60c,512,512
data\binary\test\tumor\meningioma_Te-aug-me_24.jpg,test,tumor,meningioma,Testing/meningioma/Te-aug-me_24.jpg,d9e71d1cb935799f9699af4104f0ffac,512,512
data\binary\test\tumor\meningioma_Te-aug-me_25.jpg,test,tumor,meningioma,Testing/meningioma/Te-aug-me_25.jpg,5ad32ee8959bc889dc712c442ccddeda,512,512
data\binary\test\tumor\meningioma_Te-aug-me_26.jpg,test,tumor,meningioma,Testing/meningioma/Te-aug-me_26.jpg,a7290a39eb2a10a2fd16b9bde7beedf6,512,512
data\binary\test\tumor\meningioma_Te-aug-me_27.jpg,test,tumor,meningioma,Testing/meningioma/Te-aug-me_27.jpg,304b9ce586279ee6f599f6fde4aec436,512,512
data\binary\test\tumor\meningioma_Te-aug-me_28.jpg,test,tumor,meningioma,Testing/meningioma/Te-aug-me_28.jpg,a9f59bbdc4f9b0bb9326b82873ad8604,512,512
data\binary\test\tumor\meningioma_Te-aug-me_29.jpg,test,tumor,meningioma,Testing/meningioma/Te-aug-me_29.jpg,0a26df2d9def67d1d2fbb684299717d2,512,512
data\binary\test\tumor\meningioma_Te-aug-me_3.jpg,test,tumor,meningioma,Testing/meningioma/Te-aug-me_3.jpg,afa2443cac7587f3d1d1d1eb376bdebd,512,512
data\binary\test\tumor\meningioma_Te-aug-me_30.jpg,test,tumor,meningioma,Testing/meningioma/Te-aug-me_30.jpg,2aa10c2e7e23cc132a568d259f6caa6e,512,512
data\binary\test\tumor\meningioma_Te-aug-me_31.jpg,test,tumor,meningioma,Testing/meningioma/Te-aug-me_31.jpg,a67b050d13b111a58c1697d9af17180e,512,512
data\binary\test\tumor\meningioma_Te-aug-me_32.jpg,test,tumor,meningioma,Testing/meningioma/Te-aug-me_32.jpg,05699082c27f2654e682b625263e9763,512,512
data\binary\test\tumor\meningioma_Te-aug-me_33.jpg,test,tumor,meningioma,Testing/meningioma/Te-aug-me_33.jpg,b7b2ab09eb1fd52cf452aef9357bbdf7,512,512
data\binary\test\tumor\meningioma_Te-aug-me_34.jpg,test,tumor,meningioma,Testing/meningioma/Te-aug-me_34.jpg,d80d1fb72aee5acbe4e5c91d1445bd28,512,512
data\binary\test\tumor\meningioma_Te-aug-me_35.jpg,test,tumor,meningioma,Testing/meningioma/Te-aug-me_35.jpg,016b484892cddc0b955a50f91a183913,512,512
data\binary\test\tumor\meningioma_Te-aug-me_36.jpg,test,tumor,meningioma,Testing/meningioma/Te-aug-me_36.jpg,a9a17affeaec098a8d4e1b28e512f61a,512,512
data\binary\test\tumor\meningioma_Te-aug-me_37.jpg,test,tumor,meningioma,Testing/meningioma/Te-aug-me_37.jpg,3af247fb22f96f6b5fcaae7f17e98537,512,512
data\binary\test\tumor\meningioma_Te-aug-me_38.jpg,test,tumor,meningioma,Testing/meningioma/Te-aug-me_38.jpg,fa33f9de8d1c74be174a82d92e9fccd1,512,512
data\binary\test\tumor\meningioma_Te-aug-me_39.jpg,test,tumor,meningioma,Testing/meningioma/Te-aug-me_39.jpg,d2f5f5ca3c4b6560e72717d8ff126b6d,512,512
data\binary\test\tumor\meningioma_Te-aug-me_4.jpg,test,tumor,meningioma,Testing/meningioma/Te-aug-me_4.jpg,ff241b7b5761880cba92b2848eb04fd3,512,512
data\binary\test\tumor\meningioma_Te-aug-me_40.jpg,test,tumor,meningioma,Testing/meningioma/Te-aug-me_40.jpg,b4fc39806c66662bd7771e458b8e2778,512,512
data\binary\test\tumor\meningioma_Te-aug-me_41.jpg,test,tumor,meningioma,Testing/meningioma/Te-aug-me_41.jpg,342a394fb4d464d120237e5fc0b17bb6,512,512
data\binary\test\tumor\meningioma_Te-aug-me_42.jpg,test,tumor,meningioma,Testing/meningioma/Te-aug-me_42.jpg,5bbc16a31ad959f37342afa117e9cff3,512,512
data\binary\test\tumor\meningioma_Te-aug-me_43.jpg,test,tumor,meningioma,Testing/meningioma/Te-aug-me_43.jpg,86e1ba2b5d7e86a7d740b5469254236d,512,512
data\binary\test\tumor\meningioma_Te-aug-me_44.jpg,test,tumor,meningioma,Testing/meningioma/Te-aug-me_44.jpg,68397433b1fcebeb35313f36a71fa3a0,512,512
data\binary\test\tumor\meningioma_Te-aug-me_45.jpg,test,tumor,meningioma,Testing/meningioma/Te-aug-me_45.jpg,b92e12ecee314488ae7d46017af535d4,512,512
data\binary\test\tumor\meningioma_Te-aug-me_46.jpg,test,tumor,meningioma,Testing/meningioma/Te-aug-me_46.jpg,5890f35b4eef037d22d0c40ce9b9a397,512,512
data\binary\test\tumor\meningioma_Te-aug-me_47.jpg,test,tumor,meningioma,Testing/meningioma/Te-aug-me_47.jpg,bc9577e224d93120ea2a41ff5fafdd2e,512,512
data\binary\test\tumor\meningioma_Te-aug-me_48.jpg,test,tumor,meningioma,Testing/meningioma/Te-aug-me_48.jpg,5d468c61203d4b68deaececa40122817,512,512
data\binary\test\tumor\meningioma_Te-aug-me_49.jpg,test,tumor,meningioma,Testing/meningioma/Te-aug-me_49.jpg,1be7d3c47442ae0b29f9edc89930992d,512,512
data\binary\test\tumor\meningioma_Te-aug-me_5.jpg,test,tumor,meningioma,Testing/meningioma/Te-aug-me_5.jpg,bdf9ead9aad98e041aed4b415e5e7b91,512,512
data\binary\test\tumor\meningioma_Te-aug-me_50.jpg,test,tumor,meningioma,Testing/meningioma/Te-aug-me_50.jpg,baad9bf6980c14c64443c7c70c6a36f3,512,512
data\binary\test\tumor\meningioma_Te-aug-me_51.jpg,test,tumor,meningioma,Testing/meningioma/Te-aug-me_51.jpg,090d6f7b422ff6bfcb23105feef7942b,512,512
data\binary\test\tumor\meningioma_Te-aug-me_52.jpg,test,tumor,meningioma,Testing/meningioma/Te-aug-me_52.jpg,45af20bbf38a52ade5e5c190e19d93e5,512,512
data\binary\test\tumor\meningioma_Te-aug-me_53.jpg,test,tumor,meningioma,Testing/meningioma/Te-aug-me_53.jpg,3640defbc99dfe92096630789b17e205,512,512
data\binary\test\tumor\meningioma_Te-aug-me_54.jpg,test,tumor,meningioma,Testing/meningioma/Te-aug-me_54.jpg,90d5bf753833ae2f27c5532a61be6701,512,512
data\binary\test\tumor\meningioma_Te-aug-me_55.jpg,test,tumor,meningioma,Testing/meningioma/Te-aug-me_55.jpg,6e5889d8e597e7619a6de11afde7edba,512,512
data\binary\test\tumor\meningioma_Te-aug-me_56.jpg,test,tumor,meningioma,Testing/meningioma/Te-aug-me_56.jpg,cd391f6c48d24854098551f4dc165620,512,512
data\binary\test\tumor\meningioma_Te-aug-me_57.jpg,test,tumor,meningioma,Testing/meningioma/Te-aug-me_57.jpg,a379321634b64b0ac17873276a3328f3,512,512
data\binary\test\tumor\meningioma_Te-aug-me_58.jpg,test,tumor,meningioma,Testing/meningioma/Te-aug-me_58.jpg,16a78e6b091a63669cc1d49fabe19bbd,512,512
data\binary\test\tumor\meningioma_Te-aug-me_59.jpg,test,tumor,meningioma,Testing/meningioma/Te-aug-me_59.jpg,f5632c01e42611aff03533ee7c4f1e1a,512,512
data\binary\test\tumor\meningioma_Te-aug-me_6.jpg,test,tumor,meningioma,Testing/meningioma/Te-aug-me_6.jpg,16f7f5ef9551cd89d2996bb0a6e44eea,512,512
data\binary\test\tumor\meningioma_Te-aug-me_60.jpg,test,tumor,meningioma,Testing/meningioma/Te-aug-me_60.jpg,84e0c24afa19d03ef835c5715fd47cdf,512,512
data\binary\test\tumor\meningioma_Te-aug-me_61.jpg,test,tumor,meningioma,Testing/meningioma/Te-aug-me_61.jpg,19654cd44e444e5d878f7030e2f98c70,512,512
data\binary\test\tumor\meningioma_Te-aug-me_62.jpg,test,tumor,meningioma,Testing/meningioma/Te-aug-me_62.jpg,0932329c59f5f7a04d405647183e1926,512,512
data\binary\test\tumor\meningioma_Te-aug-me_63.jpg,test,tumor,meningioma,Testing/meningioma/Te-aug-me_63.jpg,7d470a187a18cda2690d1327ab8632a7,512,512
data\binary\test\tumor\meningioma_Te-aug-me_64.jpg,test,tumor,meningioma,Testing/meningioma/Te-aug-me_64.jpg,e18c441ecc059bc6dc5c7d2147af73cd,512,512
data\binary\test\tumor\meningioma_Te-aug-me_65.jpg,test,tumor,meningioma,Testing/meningioma/Te-aug-me_65.jpg,5a9da9c7951c0e8bfeb9541a9fe22ed9,512,512
data\binary\test\tumor\meningioma_Te-aug-me_66.jpg,test,tumor,meningioma,Testing/meningioma/Te-aug-me_66.jpg,9e0020d5d944f4a9301768bba3a8025e,512,512
data\binary\test\tumor\meningioma_Te-aug-me_67.jpg,test,tumor,meningioma,Testing/meningioma/Te-aug-me_67.jpg,427affa1cfa7dc7b8bb10851db4f394a,512,512
data\binary\test\tumor\meningioma_Te-aug-me_68.jpg,test,tumor,meningioma,Testing/meningioma/Te-aug-me_68.jpg,c752099ceade4f61993b582a47160a34,512,512
data\binary\test\tumor\meningioma_Te-aug-me_69.jpg,test,tumor,meningioma,Testing/meningioma/Te-aug-me_69.jpg,41f3fe0df178bcad59c01c585ce34548,512,512
data\binary\test\tumor\meningioma_Te-aug-me_7.jpg,test,tumor,meningioma,Testing/meningioma/Te-aug-me_7.jpg,c7eb8f855d434f29c8253b49c94ab6ea,512,512
data\binary\test\tumor\meningioma_Te-aug-me_70.jpg,test,tumor,meningioma,Testing/meningioma/Te-aug-me_70.jpg,bafa9dfc5bf76d254f643eea1dc5612b,512,512
data\binary\test\tumor\meningioma_Te-aug-me_71.jpg,test,tumor,meningioma,Testing/meningioma/Te-aug-me_71.jpg,a313a3505d13691f17b66a125ae1c40a,512,512
data\binary\test\tumor\meningioma_Te-aug-me_72.jpg,test,tumor,meningioma,Testing/meningioma/Te-aug-me_72.jpg,db9b73027cdf3ddd00488425215115d8,512,512
data\binary\test\tumor\meningioma_Te-aug-me_73.jpg,test,tumor,meningioma,Testing/meningioma/Te-aug-me_73.jpg,a57f65d33c85f7213d49945b82b096ed,512,512
data\binary\test\tumor\meningioma_Te-aug-me_74.jpg,test,tumor,meningioma,Testing/meningioma/Te-aug-me_74.jpg,7ed3addddb4fcf965df4fb8c6b769c79,512,512
data\binary\test\tumor\meningioma_Te-aug-me_75.jpg,test,tumor,meningioma,Testing/meningioma/Te-aug-me_75.jpg,13c724d09770bc9d9af30b48c87fcf4d,512,512
data\binary\test\tumor\meningioma_Te-aug-me_76.jpg,test,tumor,meningioma,Testing/meningioma/Te-aug-me_76.jpg,3440f191cc66597fcf8c41b31d40a1fe,512,512
data\binary\test\tumor\meningioma_Te-aug-me_77.jpg,test,tumor,meningioma,Testing/meningioma/Te-aug-me_77.jpg,6fda67de3d75498ecde9f6cc925cbfcf,512,512
data\binary\test\tumor\meningioma_Te-aug-me_78.jpg,test,tumor,meningioma,Testing/meningioma/Te-aug-me_78.jpg,3e7495deb4bc89ed8c844eb59831254c,512,512
data\binary\test\tumor\meningioma_Te-aug-me_79.jpg,test,tumor,meningioma,Testing/meningioma/Te-aug-me_79.jpg,6230a8f827ecd20b4c41273cc591c7ed,512,512
data\binary\test\tumor\meningioma_Te-aug-me_8.jpg,test,tumor,meningioma,Testing/meningioma/Te-aug-me_8.jpg,e7fe0650f2f81e59aefba40b638e2e0a,512,512
data\binary\test\tumor\meningioma_Te-aug-me_80.jpg,test,tumor,meningioma,Testing/meningioma/Te-aug-me_80.jpg,94205ed249851298d36e0c1d88314833,512,512
data\binary\test\tumor\meningioma_Te-aug-me_81.jpg,test,tumor,meningioma,Testing/meningioma/Te-aug-me_81.jpg,8079c23eb537237ffd2c1125819f48a7,512,512
data\binary\test\tumor\meningioma_Te-aug-me_82.jpg,test,tumor,meningioma,Testing/meningioma/Te-aug-me_82.jpg,493ba30492d7a423f444d48f10756bf6,512,512
data\binary\test\tumor\meningioma_Te-aug-me_83.jpg,test,tumor,meningioma,Testing/meningioma/Te-aug-me_83.jpg,acd352f1e1c2c102acb2eb23cad4140b,512,512
data\binary\test\tumor\meningioma_Te-aug-me_84.jpg,test,tumor,meningioma,Testing/meningioma/Te-aug-me_84.jpg,d0fab450249c5ec1d615dd67086e96be,512,512
data\binary\test\tumor\meningioma_Te-aug-me_85.jpg,test,tumor,meningioma,Testing/meningioma/Te-aug-me_85.jpg,d8858fcd829a580480ce940ac44e4339,512,512
data\binary\test\tumor\meningioma_Te-aug-me_86.jpg,test,tumor,meningioma,Testing/meningioma/Te-aug-me_86.jpg,f2abb59380c78e1793b6fb616dca4af8,512,512
data\binary\test\tumor\meningioma_Te-aug-me_87.jpg,test,tumor,meningioma,Testing/meningioma/Te-aug-me_87.jpg,d045b1bacf22a8b1e6e3236bc265f7fd,512,512
data\binary\test\tumor\meningioma_Te-aug-me_88.jpg,test,tumor,meningioma,Testing/meningioma/Te-aug-me_88.jpg,6b30cf9a8ad5df005524ee7f14ff4c0d,512,512
data\binary\test\tumor\meningioma_Te-aug-me_89.jpg,test,tumor,meningioma,Testing/meningioma/Te-aug-me_89.jpg,b44dc9f9958006b5a7ba54bf67c8f336,512,512
data\binary\test\tumor\meningioma_Te-aug-me_9.jpg,test,tumor,meningioma,Testing/meningioma/Te-aug-me_9.jpg,b812df57b43baddf927415d71f732502,512,512
data\binary\test\tumor\meningioma_Te-aug-me_90.jpg,test,tumor,meningioma,Testing/meningioma/Te-aug-me_90.jpg,d93c1524211be3d0536b43a3d2d5a9a5,512,512
data\binary\test\tumor\meningioma_Te-aug-me_91.jpg,test,tumor,meningioma,Testing/meningioma/Te-aug-me_91.jpg,ed13386d06bd6c75643bb4d0517fdf98,512,512
data\binary\test\tumor\meningioma_Te-aug-me_92.jpg,test,tumor,meningioma,Testing/meningioma/Te-aug-me_92.jpg,00657af3e9cf9f038cfa9aef55e8e453,512,512
data\binary\test\tumor\meningioma_Te-aug-me_93.jpg,test,tumor,meningioma,Testing/meningioma/Te-aug-me_93.jpg,348bb2e935a1b8c068faeb6e17932d65,512,512
data\binary\test\tumor\meningioma_Te-aug-me_94.jpg,test,tumor,meningioma,Testing/meningioma/Te-aug-me_94.jpg,1a08e9852922dfb857fed83a8b869a2f,512,512
data\binary\test\tumor\meningioma_Te-aug-me_95.jpg,test,tumor,meningioma,Testing/meningioma/Te-aug-me_95.jpg,2972d0699edbdacbe956d38cb7cf09c5,512,512
data\binary\test\tumor\meningioma_Te-aug-me_96.jpg,test,tumor,meningioma,Testing/meningioma/Te-aug-me_96.jpg,d0933c35c4a4a4c4718d59012ddffd47,512,512
data\binary\test\tumor\meningioma_Te-aug-me_97.jpg,test,tumor,meningioma,Testing/meningioma/Te-aug-me_97.jpg,5790fda361f3968fedb24f63b61285ef,512,512
data\binary\test\tumor\meningioma_Te-aug-me_98.jpg,test,tumor,meningioma,Testing/meningioma/Te-aug-me_98.jpg,d5b10bc35d236007e306411dca1431ad,512,512
data\binary\test\tumor\meningioma_Te-aug-me_99.jpg,test,tumor,meningioma,Testing/meningioma/Te-aug-me_99.jpg,3f6b9521ea56ed414517b6c452e9e9d2,512,512
data\binary\test\tumor\meningioma_Te-me_1.jpg,test,tumor,meningioma,Testing/meningioma/Te-me_1.jpg,c4d331c89213716051a472919d4853c7,442,442
data\binary\test\tumor\meningioma_Te-me_10.jpg,test,tumor,meningioma,Testing/meningioma/Te-me_10.jpg,2600739ac1cf8f2468e293c6de80c8cb,512,512
data\binary\test\tumor\meningioma_Te-me_100.jpg,test,tumor,meningioma,Testing/meningioma/Te-me_100.jpg,3c2fe9233eff5a046f135b3868a947c3,512,512
data\binary\test\tumor\meningioma_Te-me_101.jpg,test,tumor,meningioma,Testing/meningioma/Te-me_101.jpg,eb40381e0195cb12ab74038cb49d2a00,305,337
data\binary\test\tumor\meningioma_Te-me_102.jpg,test,tumor,meningioma,Testing/meningioma/Te-me_102.jpg,78472b59cdc7f9965defe2f2db587c2b,512,512
data\binary\test\tumor\meningioma_Te-me_103.jpg,test,tumor,meningioma,Testing/meningioma/Te-me_103.jpg,0cbe54f275d74b62542f4ed8565ba746,512,512
data\binary\test\tumor\meningioma_Te-me_104.jpg,test,tumor,meningioma,Testing/meningioma/Te-me_104.jpg,9fd8a6e107cd64d8624acb7659f550ee,512,512
data\binary\test\tumor\meningioma_Te-me_105.jpg,test,tumor,meningioma,Testing/meningioma/Te-me_105.jpg,75d4688fafa7d9c98e51f8f699d2c821,323,342
data\binary\test\tumor\meningioma_Te-me_106.jpg,test,tumor,meningioma,Testing/meningioma/Te-me_106.jpg,6606a1b808f88ab51c00c44d8299d138,512,512
data\binary\test\tumor\meningioma_Te-me_107.jpg,test,tumor,meningioma,Testing/meningioma/Te-me_107.jpg,69af1feff6a1fee339abe180a60520ce,512,512
data\binary\test\tumor\meningioma_Te-me_108.jpg,test,tumor,meningioma,Testing/meningioma/Te-me_108.jpg,5675e8cbe18e70d3ee9945d1b1bdef70,512,512
data\binary\test\tumor\meningioma_Te-me_109.jpg,test,tumor,meningioma,Testing/meningioma/Te-me_109.jpg,a846583cd8dcb5b03d33354264fc7fa2,239,224
data\binary\test\tumor\meningioma_Te-me_11.jpg,test,tumor,meningioma,Testing/meningioma/Te-me_11.jpg,371333097e45d462b0bec5849772c836,512,512
data\binary\test\tumor\meningioma_Te-me_110.jpg,test,tumor,meningioma,Testing/meningioma/Te-me_110.jpg,54d2cf429cae4530b59b60de5b106489,512,512
data\binary\test\tumor\meningioma_Te-me_111.jpg,test,tumor,meningioma,Testing/meningioma/Te-me_111.jpg,ae2ca1bc1c2ba66561a7db9473d10e6f,290,342
data\binary\test\tumor\meningioma_Te-me_112.jpg,test,tumor,meningioma,Testing/meningioma/Te-me_112.jpg,c5fd82bfcda6e3bff49f20a44701237b,512,512
data\binary\test\tumor\meningioma_Te-me_113.jpg,test,tumor,meningioma,Testing/meningioma/Te-me_113.jpg,169df254b7ad1a18a562485fc4f64eaf,257,307
data\binary\test\tumor\meningioma_Te-me_114.jpg,test,tumor,meningioma,Testing/meningioma/Te-me_114.jpg,9a0b4d6452a82815c032988f385fb802,512,512
data\binary\test\tumor\meningioma_Te-me_115.jpg,test,tumor,meningioma,Testing/meningioma/Te-me_115.jpg,d9c71ff74c3b13f6b927f55bd032e0ae,512,512
data\binary\test\tumor\meningioma_Te-me_116.jpg,test,tumor,meningioma,Testing/meningioma/Te-me_116.jpg,698ac9e379771e54f2dd985b1d58f8dd,455,500
data\binary\test\tumor\meningioma_Te-me_117.jpg,test,tumor,meningioma,Testing/meningioma/Te-me_117.jpg,a3973a629b0fd85b0154aff3a1b6bd64,209,241
data\binary\test\tumor\meningioma_Te-me_118.jpg,test,tumor,meningioma,Testing/meningioma/Te-me_118.jpg,8170d38af5de15575584a57d35100db3,512,512
data\binary\test\tumor\meningioma_Te-me_119.jpg,test,tumor,meningioma,Testing/meningioma/Te-me_119.jpg,0cff8faaf70273b0199a81690dede112,512,512
data\binary\test\tumor\meningioma_Te-me_12.jpg,test,tumor,meningioma,Testing/meningioma/Te-me_12.jpg,f2dde2ec95b92af3977374fb7b0113fa,512,512
data\binary\test\tumor\meningioma_Te-me_120.jpg,test,tumor,meningioma,Testing/meningioma/Te-me_120.jpg,0605ad8c54286cc5a50acb302bab54bd,512,512
data\binary\test\tumor\meningioma_Te-me_121.jpg,test,tumor,meningioma,Testing/meningioma/Te-me_121.jpg,b8b8939baceeeb98e037cbbd1c95eef9,216,216
data\binary\test\tumor\meningioma_Te-me_122.jpg,test,tumor,meningioma,Testing/meningioma/Te-me_122.jpg,2c902aedae1cd9d9fdce1ea4abc221ea,512,512
data\binary\test\tumor\meningioma_Te-me_123.jpg,test,tumor,meningioma,Testing/meningioma/Te-me_123.jpg,18f356d84470261dd0e21a9dcbf4aced,512,512
data\binary\test\tumor\meningioma_Te-me_124.jpg,test,tumor,meningioma,Testing/meningioma/Te-me_124.jpg,c10b07ccf1da51d171f975a5d785a530,512,512
data\binary\test\tumor\meningioma_Te-me_125.jpg,test,tumor,meningioma,Testing/meningioma/Te-me_125.jpg,d82026ce4e94b96cfa7d39fd6bbb928a,480,480
data\binary\test\tumor\meningioma_Te-me_126.jpg,test,tumor,meningioma,Testing/meningioma/Te-me_126.jpg,20c1850fe4120ddb9fab62b827983520,200,236
data\binary\test\tumor\meningioma_Te-me_127.jpg,test,tumor,meningioma,Testing/meningioma/Te-me_127.jpg,cc0b9529dab778b0b2b9c05fc62d269e,512,512
data\binary\test\tumor\meningioma_Te-me_128.jpg,test,tumor,meningioma,Testing/meningioma/Te-me_128.jpg,d1f0c7ec9129c33fa186bf774bfda95b,512,512
data\binary\test\tumor\meningioma_Te-me_129.jpg,test,tumor,meningioma,Testing/meningioma/Te-me_129.jpg,e7f1a539df2e31242e1fc94c5203d361,554,554
data\binary\test\tumor\meningioma_Te-me_13.jpg,test,tumor,meningioma,Testing/meningioma/Te-me_13.jpg,eb0c03c782cdd3ff0ac2dd5818957f64,512,512
data\binary\test\tumor\meningioma_Te-me_130.jpg,test,tumor,meningioma,Testing/meningioma/Te-me_130.jpg,7983e247139b0735f0af1b4e9a203f5a,512,512
data\binary\test\tumor\meningioma_Te-me_131.jpg,test,tumor,meningioma,Testing/meningioma/Te-me_131.jpg,2341e0a01e8e81dc866dcbf8d072ada6,512,512
data\binary\test\tumor\meningioma_Te-me_132.jpg,test,tumor,meningioma,Testing/meningioma/Te-me_132.jpg,6208068a7b2fd245f215a111589512a1,512,512
data\binary\test\tumor\meningioma_Te-me_133.jpg,test,tumor,meningioma,Testing/meningioma/Te-me_133.jpg,91f5c25dfd8bdf12688cddd61ab30c1d,512,512
data\binary\test\tumor\meningioma_Te-me_134.jpg,test,tumor,meningioma,Testing/meningioma/Te-me_134.jpg,95e0e412245cd2c822f8027da35608ee,512,512
data\binary\test\tumor\meningioma_Te-me_135.jpg,test,tumor,meningioma,Testing/meningioma/Te-me_135.jpg,7a9ca28229880adea41fb813a0318b88,512,512
data\binary\test\tumor\meningioma_Te-me_136.jpg,test,tumor,meningioma,Testing/meningioma/Te-me_136.jpg,51cb08f062d359171b374960405d6d3f,512,512
data\binary\test\tumor\meningioma_Te-me_137.jpg,test,tumor,meningioma,Testing/meningioma/Te-me_137.jpg,ade941ac3c22fbf1f857af45afc950c0,212,237
data\binary\test\tumor\meningioma_Te-me_138.jpg,test,tumor,meningioma,Testing/meningioma/Te-me_138.jpg,5389ba5fcde6ddb37b1b779e771ff7e4,226,214
data\binary\test\tumor\meningioma_Te-me_139.jpg,test,tumor,meningioma,Testing/meningioma/Te-me_139.jpg,93ec5a9519784fb2e49a5c5d8eae27e0,352,322
data\binary\test\tumor\meningioma_Te-me_14.jpg,test,tumor,meningioma,Testing/meningioma/Te-me_14.jpg,40311a1723ed0844b55a1248077204e0,512,512
data\binary\test\tumor\meningioma_Te-me_140.jpg,test,tumor,meningioma,Testing/meningioma/Te-me_140.jpg,0196ecac44116396ed72936661a80982,512,512
data\binary\test\tumor\meningioma_Te-me_141.jpg,test,tumor,meningioma,Testing/meningioma/Te-me_141.jpg,a9e7f5831ad5b3812c8e1130125d84e6,512,512
data\binary\test\tumor\meningioma_Te-me_142.jpg,test,tumor,meningioma,Testing/meningioma/Te-me_142.jpg,a72ec02e208d181ec9722c706bdcc48d,512,512
data\binary\test\tumor\meningioma_Te-me_143.jpg,test,tumor,meningioma,Testing/meningioma/Te-me_143.jpg,f4b922cc4027c0f3903d2bbe4e92bede,512,512
data\binary\test\tumor\meningioma_Te-me_144.jpg,test,tumor,meningioma,Testing/meningioma/Te-me_144.jpg,cf2a8cf69d87a3c050b029106de94c02,224,216
data\binary\test\tumor\meningioma_Te-me_145.jpg,test,tumor,meningioma,Testing/meningioma/Te-me_145.jpg,b7ff9558094a0119b6f000f3838ddc95,512,512
data\binary\test\tumor\meningioma_Te-me_146.jpg,test,tumor,meningioma,Testing/meningioma/Te-me_146.jpg,af13ba9a4dbef9086a53ac88f7fbab25,512,512
data\binary\test\tumor\meningioma_Te-me_147.jpg,test,tumor,meningioma,Testing/meningioma/Te-me_147.jpg,cdde69fa61cd3e026a90905c776f603e,512,512
data\binary\test\tumor\meningioma_Te-me_148.jpg,test,tumor,meningioma,Testing/meningioma/Te-me_148.jpg,8f7120fb2be1bb842cc4241e53e43d0b,512,512
data\binary\test\tumor\meningioma_Te-me_149.jpg,test,tumor,meningioma,Testing/meningioma/Te-me_149.jpg,97a796f73a374f89e520bf5c48cc1134,225,225
data\binary\test\tumor\meningioma_Te-me_15.jpg,test,tumor,meningioma,Testing/meningioma/Te-me_15.jpg,ddc5b44bb9c2b8b9dc92975d799d6cbc,512,512
data\binary\test\tumor\meningioma_Te-me_150.jpg,test,tumor,meningioma,Testing/meningioma/Te-me_150.jpg,f0baa5dd478fce7d8da17f4d394c4b44,512,512
data\binary\test\tumor\meningioma_Te-me_151.jpg,test,tumor,meningioma,Testing/meningioma/Te-me_151.jpg,23df2e36338f507a4f02d5cf46f0e7e1,512,512
data\binary\test\tumor\meningioma_Te-me_152.jpg,test,tumor,meningioma,Testing/meningioma/Te-me_152.jpg,af52eb2639ea52806698014be8019abb,512,512
data\binary\test\tumor\meningioma_Te-me_153.jpg,test,tumor,meningioma,Testing/meningioma/Te-me_153.jpg,7f1ea37a291602ddaf787de1d39718fb,512,512
data\binary\test\tumor\meningioma_Te-me_154.jpg,test,tumor,meningioma,Testing/meningioma/Te-me_154.jpg,27cdf23df6203088e63f3d15eb2b0329,512,512
data\binary\test\tumor\meningioma_Te-me_155.jpg,test,tumor,meningioma,Testing/meningioma/Te-me_155.jpg,e15e89d5ba56a440c342edd8ae85b503,512,512
data\binary\test\tumor\meningioma_Te-me_156.jpg,test,tumor,meningioma,Testing/meningioma/Te-me_156.jpg,dea2cd6ac6bdac387165e8ed45e7b865,341,377
data\binary\test\tumor\meningioma_Te-me_157.jpg,test,tumor,meningioma,Testing/meningioma/Te-me_157.jpg,40e9c971c6b61e35d2babd756231721f,366,395
data\binary\test\tumor\meningioma_Te-me_158.jpg,test,tumor,meningioma,Testing/meningioma/Te-me_158.jpg,045daebe7b27c1e9f232488729611e94,215,220
data\binary\test\tumor\meningioma_Te-me_159.jpg,test,tumor,meningioma,Testing/meningioma/Te-me_159.jpg,81769c8837f28cf28cf2ff338a0694fb,300,345
data\binary\test\tumor\meningioma_Te-me_16.jpg,test,tumor,meningioma,Testing/meningioma/Te-me_16.jpg,72bef722ac68ad5264de6f00e7ff4819,512,512
data\binary\test\tumor\meningioma_Te-me_160.jpg,test,tumor,meningioma,Testing/meningioma/Te-me_160.jpg,c8263aff9a16e57d60e723e50be34001,512,512
data\binary\test\tumor\meningioma_Te-me_161.jpg,test,tumor,meningioma,Testing/meningioma/Te-me_161.jpg,1a8332f0b5574539a6492b0afdb9dd7f,512,512
data\binary\test\tumor\meningioma_Te-me_162.jpg,test,tumor,meningioma,Testing/meningioma/Te-me_162.jpg,bb22285c41c42ca513a966485c355120,201,251
data\binary\test\tumor\meningioma_Te-me_163.jpg,test,tumor,meningioma,Testing/meningioma/Te-me_163.jpg,442468ba5f52d4dbcdb4a158813c1615,512,512
data\binary\test\tumor\meningioma_Te-me_164.jpg,test,tumor,meningioma,Testing/meningioma/Te-me_164.jpg,127ed9f4f41d1ef2f7449c6a8ccd9549,512,512
data\binary\test\tumor\meningioma_Te-me_165.jpg,test,tumor,meningioma,Testing/meningioma/Te-me_165.jpg,2722174027dad9bf77bb7404d7b3a202,402,396
data\binary\test\tumor\meningioma_Te-me_166.jpg,test,tumor,meningioma,Testing/meningioma/Te-me_166.jpg,0b7ef2f12d829317e126426bfa5f1e18,512,512
data\binary\test\tumor\meningioma_Te-me_167.jpg,test,tumor,meningioma,Testing/meningioma/Te-me_167.jpg,a604b2f3f97ab3aa259545402887dc26,200,223
data\binary\test\tumor\meningioma_Te-me_168.jpg,test,tumor,meningioma,Testing/meningioma/Te-me_168.jpg,805ccbd561eb159e8d151e45bed0a3ca,512,512
data\binary\test\tumor\meningioma_Te-me_169.jpg,test,tumor,meningioma,Testing/meningioma/Te-me_169.jpg,5f2a073b883f4945549a85300fce9bf7,512,512
data\binary\test\tumor\meningioma_Te-me_17.jpg,test,tumor,meningioma,Testing/meningioma/Te-me_17.jpg,971f259493ae1b05993aeeb80d213f7d,512,512
data\binary\test\tumor\meningioma_Te-me_170.jpg,test,tumor,meningioma,Testing/meningioma/Te-me_170.jpg,7c505cc4f59a6f1e88ffd442c652556c,512,512
data\binary\test\tumor\meningioma_Te-me_171.jpg,test,tumor,meningioma,Testing/meningioma/Te-me_171.jpg,cd7a527c0ff647e58da7f40721c5225d,306,306
data\binary\test\tumor\meningioma_Te-me_172.jpg,test,tumor,meningioma,Testing/meningioma/Te-me_172.jpg,c62dfb00bf514ffcff7a22e2c2ba0702,512,512
data\binary\test\tumor\meningioma_Te-me_173.jpg,test,tumor,meningioma,Testing/meningioma/Te-me_173.jpg,a9574ef582dabd7fe765d874d73fedb5,512,512
data\binary\test\tumor\meningioma_Te-me_174.jpg,test,tumor,meningioma,Testing/meningioma/Te-me_174.jpg,9b906bc8208252d9ec41963b95dc7608,290,339
data\binary\test\tumor\meningioma_Te-me_175.jpg,test,tumor,meningioma,Testing/meningioma/Te-me_175.jpg,18ffabcc9d1d708bf05c3ecde21a3597,212,238
data\binary\test\tumor\meningioma_Te-me_176.jpg,test,tumor,meningioma,Testing/meningioma/Te-me_176.jpg,37388dc12eb1cc068d0b445997bd1068,540,568
data\binary\test\tumor\meningioma_Te-me_177.jpg,test,tumor,meningioma,Testing/meningioma/Te-me_177.jpg,f00068cb2470145f1fefc66e22c0e053,512,512
data\binary\test\tumor\meningioma_Te-me_178.jpg,test,tumor,meningioma,Testing/meningioma/Te-me_178.jpg,758a10c01dec3e84cb258c5f2ad5d777,512,512
data\binary\test\tumor\meningioma_Te-me_179.jpg,test,tumor,meningioma,Testing/meningioma/Te-me_179.jpg,784114ee48882bf1b8b7b92a559da83d,341,395
data\binary\test\tumor\meningioma_Te-me_18.jpg,test,tumor,meningioma,Testing/meningioma/Te-me_18.jpg,fd981cc35eafec2277740fe730c5c58b,204,249
data\binary\test\tumor\meningioma_Te-me_180.jpg,test,tumor,meningioma,Testing/meningioma/Te-me_180.jpg,cf968a5cb24ff463610a1c4d65206f70,200,235
data\binary\test\tumor\meningioma_Te-me_181.jpg,test,tumor,meningioma,Testing/meningioma/Te-me_181.jpg,092d01363b402a82a562644ab0277e53,512,512
data\binary\test\tumor\meningioma_Te-me_182.jpg,test,tumor,meningioma,Testing/meningioma/Te-me_182.jpg,8f954e10bb9cf2b5027d9da1a8509f81,210,240
data\binary\test\tumor\meningioma_Te-me_183.jpg,test,tumor,meningioma,Testing/meningioma/Te-me_183.jpg,b228ac36783562674dd3576f85bc3b28,512,512
data\binary\test\tumor\meningioma_Te-me_184.jpg,test,tumor,meningioma,Testing/meningioma/Te-me_184.jpg,cc65264e5bf20c42e117fd1faa9dc60d,374,370
data\binary\test\tumor\meningioma_Te-me_185.jpg,test,tumor,meningioma,Testing/meningioma/Te-me_185.jpg,f171eef662099d2807a1cf017eb2eef7,512,512
data\binary\test\tumor\meningioma_Te-me_186.jpg,test,tumor,meningioma,Testing/meningioma/Te-me_186.jpg,972648666ca7aa511e22c1e1b0f6599a,314,195
data\binary\test\tumor\meningioma_Te-me_187.jpg,test,tumor,meningioma,Testing/meningioma/Te-me_187.jpg,073f7bbbd11d3bb3da8c1f61c1b9a3b4,304,410
data\binary\test\tumor\meningioma_Te-me_188.jpg,test,tumor,meningioma,Testing/meningioma/Te-me_188.jpg,98a9b80635de521f29035af5a67ec44e,512,512
data\binary\test\tumor\meningioma_Te-me_189.jpg,test,tumor,meningioma,Testing/meningioma/Te-me_189.jpg,a6162c3080985d2facb932f6c35085df,512,512
data\binary\test\tumor\meningioma_Te-me_19.jpg,test,tumor,meningioma,Testing/meningioma/Te-me_19.jpg,b6992e8163d1f767fbd69b56d2409cb4,341,372
data\binary\test\tumor\meningioma_Te-me_190.jpg,test,tumor,meningioma,Testing/meningioma/Te-me_190.jpg,959b90c3dba0a0b76f670771b7c06407,212,237
data\binary\test\tumor\meningioma_Te-me_191.jpg,test,tumor,meningioma,Testing/meningioma/Te-me_191.jpg,4cbee60044bd85141fedabe089994e1e,512,512
data\binary\test\tumor\meningioma_Te-me_192.jpg,test,tumor,meningioma,Testing/meningioma/Te-me_192.jpg,f50429d507ade0024abaaafdec9be3c3,512,512
data\binary\test\tumor\meningioma_Te-me_193.jpg,test,tumor,meningioma,Testing/meningioma/Te-me_193.jpg,7a1cc730f2171ea6b87ea285c4b81923,512,512
data\binary\test\tumor\meningioma_Te-me_194.jpg,test,tumor,meningioma,Testing/meningioma/Te-me_194.jpg,a03d26b0295f85fca4a5b08f1bdc4f26,512,512
data\binary\test\tumor\meningioma_Te-me_195.jpg,test,tumor,meningioma,Testing/meningioma/Te-me_195.jpg,0a27d241249189b8f192f4b6c212e3e9,238,212
data\binary\test\tumor\meningioma_Te-me_196.jpg,test,tumor,meningioma,Testing/meningioma/Te-me_196.jpg,5c34d3eeda52c5cbc72141a511ba161a,512,512
data\binary\test\tumor\meningioma_Te-me_197.jpg,test,tumor,meningioma,Testing/meningioma/Te-me_197.jpg,f201b24df75f7b6ffddc3b281deca220,442,442
data\binary\test\tumor\meningioma_Te-me_199.jpg,test,tumor,meningioma,Testing/meningioma/Te-me_199.jpg,d0727c91bb46cc7ad6bec594f8d5a54c,512,512
data\binary\test\tumor\meningioma_Te-me_2.jpg,test,tumor,meningioma,Testing/meningioma/Te-me_2.jpg,7c34c80d6b461dcae7ff08efa557bb94,318,354
data\binary\test\tumor\meningioma_Te-me_20.jpg,test,tumor,meningioma,Testing/meningioma/Te-me_20.jpg,25fcbb0c5a060b02ceac6877d28287ce,289,354
data\binary\test\tumor\meningioma_Te-me_200.jpg,test,tumor,meningioma,Testing/meningioma/Te-me_200.jpg,3f3e0d31e4266e721e307481006f227b,512,512
data\binary\test\tumor\meningioma_Te-me_201.jpg,test,tumor,meningioma,Testing/meningioma/Te-me_201.jpg,aad0748bf97a9c8d522300e6e8698d14,512,512
data\binary\test\tumor\meningioma_Te-me_202.jpg,test,tumor,meningioma,Testing/meningioma/Te-me_202.jpg,fda352e653c09a39684498afc911bdbd,225,225
data\binary\test\tumor\meningioma_Te-me_203.jpg,test,tumor,meningioma,Testing/meningioma/Te-me_203.jpg,d9e4fb1d4d1f8b23dc300ab846cff7dc,512,512
data\binary\test\tumor\meningioma_Te-me_204.jpg,test,tumor,meningioma,Testing/meningioma/Te-me_204.jpg,23ba8e6ad97f792bd49752d8f0808ca2,512,512
data\binary\test\tumor\meningioma_Te-me_205.jpg,test,tumor,meningioma,Testing/meningioma/Te-me_205.jpg,dac1c8ccaabc09c4f46399ea3b86d7e9,225,225
data\binary\test\tumor\meningioma_Te-me_206.jpg,test,tumor,meningioma,Testing/meningioma/Te-me_206.jpg,3df93ca8db58b7d26900188fd229715d,252,303
data\binary\test\tumor\meningioma_Te-me_207.jpg,test,tumor,meningioma,Testing/meningioma/Te-me_207.jpg,aef138178c9d6f2ffac6afbdaece6b45,200,223
data\binary\test\tumor\meningioma_Te-me_208.jpg,test,tumor,meningioma,Testing/meningioma/Te-me_208.jpg,b8d8905e2f5f4e6615f4544f2de268d2,442,442
data\binary\test\tumor\meningioma_Te-me_209.jpg,test,tumor,meningioma,Testing/meningioma/Te-me_209.jpg,331f73f01ab2b242ab2db3a055aeabba,512,512
data\binary\test\tumor\meningioma_Te-me_21.jpg,test,tumor,meningioma,Testing/meningioma/Te-me_21.jpg,5b568e18904f1d7c6724dde0ebda97ca,512,512
data\binary\test\tumor\meningioma_Te-me_210.jpg,test,tumor,meningioma,Testing/meningioma/Te-me_210.jpg,e584adc3018b562b35748516f95e1654,411,396
data\binary\test\tumor\meningioma_Te-me_211.jpg,test,tumor,meningioma,Testing/meningioma/Te-me_211.jpg,e6e63ee25e8bf9cb45c4e0883c76e8a8,512,512
data\binary\test\tumor\meningioma_Te-me_212.jpg,test,tumor,meningioma,Testing/meningioma/Te-me_212.jpg,ec53df0cdc6b970a78f8dc17dcbf116f,512,512
data\binary\test\tumor\meningioma_Te-me_213.jpg,test,tumor,meningioma,Testing/meningioma/Te-me_213.jpg,27cb4f4301cf6492ebc4a222941c56cc,295,394
data\binary\test\tumor\meningioma_Te-me_214.jpg,test,tumor,meningioma,Testing/meningioma/Te-me_214.jpg,a5fbd03f56c3e172fbcc79d574387447,528,581
data\binary\test\tumor\meningioma_Te-me_215.jpg,test,tumor,meningioma,Testing/meningioma/Te-me_215.jpg,b9319da362e02fc8bf77d1c19632b3b4,512,512
data\binary\test\tumor\meningioma_Te-me_216.jpg,test,tumor,meningioma,Testing/meningioma/Te-me_216.jpg,1deb3cdef5cb3c00e565d74372a7cf44,300,412
data\binary\test\tumor\meningioma_Te-me_217.jpg,test,tumor,meningioma,Testing/meningioma/Te-me_217.jpg,512af359ba9dbf3a78cd1fa9a9d09d9e,512,512
data\binary\test\tumor\meningioma_Te-me_218.jpg,test,tumor,meningioma,Testing/meningioma/Te-me_218.jpg,4511fa054fe9b605d3d8425db586eac4,512,512
data\binary\test\tumor\meningioma_Te-me_219.jpg,test,tumor,meningioma,Testing/meningioma/Te-me_219.jpg,9f8642ada59033429668c701b17b04aa,262,308
data\binary\test\tumor\meningioma_Te-me_22.jpg,test,tumor,meningioma,Testing/meningioma/Te-me_22.jpg,2ac4b6c2fdf26922bd181e97369ea170,512,512
data\binary\test\tumor\meningioma_Te-me_220.jpg,test,tumor,meningioma,Testing/meningioma/Te-me_220.jpg,10b2be779c73a28d177cccdaf6835e45,512,512
data\binary\test\tumor\meningioma_Te-me_221.jpg,test,tumor,meningioma,Testing/meningioma/Te-me_221.jpg,390c38b7860c2df6ee26159b56e0f1af,512,512
data\binary\test\tumor\meningioma_Te-me_222.jpg,test,tumor,meningioma,Testing/meningioma/Te-me_222.jpg,cb146c652ccc84e95679fba5f5a099d7,512,512
data\binary\test\tumor\meningioma_Te-me_223.jpg,test,tumor,meningioma,Testing/meningioma/Te-me_223.jpg,4935e943a00e5a3e92279825ffbc67ab,722,690
data\binary\test\tumor\meningioma_Te-me_224.jpg,test,tumor,meningioma,Testing/meningioma/Te-me_224.jpg,e1144e2888f019d23dc4be3df9e65d51,512,512
data\binary\test\tumor\meningioma_Te-me_225.jpg,test,tumor,meningioma,Testing/meningioma/Te-me_225.jpg,17305b6816d1cb5454c4cf85885a3494,512,512
data\binary\test\tumor\meningioma_Te-me_226.jpg,test,tumor,meningioma,Testing/meningioma/Te-me_226.jpg,6621eb07cfb95a33cb7d977cbc33e34e,512,512
data\binary\test\tumor\meningioma_Te-me_227.jpg,test,tumor,meningioma,Testing/meningioma/Te-me_227.jpg,25abb6ff727d0f42babb4044f2e7fb4f,174,230
data\binary\test\tumor\meningioma_Te-me_228.jpg,test,tumor,meningioma,Testing/meningioma/Te-me_228.jpg,51ca86d12f8494b755d94249d1223c37,219,234
data\binary\test\tumor\meningioma_Te-me_229.jpg,test,tumor,meningioma,Testing/meningioma/Te-me_229.jpg,8ef56f582907c69e4501827678a6bd1c,441,427
data\binary\test\tumor\meningioma_Te-me_23.jpg,test,tumor,meningioma,Testing/meningioma/Te-me_23.jpg,618b6696c0f6c0cd625fee8ddc1567ba,512,512
data\binary\test\tumor\meningioma_Te-me_230.jpg,test,tumor,meningioma,Testing/meningioma/Te-me_230.jpg,1ddae239d4ceca1deb3fb3faf826d931,367,395
data\binary\test\tumor\meningioma_Te-me_231.jpg,test,tumor,meningioma,Testing/meningioma/Te-me_231.jpg,0136984b127d6f451c97a1c715d0246b,645,439
data\binary\test\tumor\meningioma_Te-me_232.jpg,test,tumor,meningioma,Testing/meningioma/Te-me_232.jpg,444c5b8b396413d517370bef070f4f27,338,345
data\binary\test\tumor\meningioma_Te-me_233.jpg,test,tumor,meningioma,Testing/meningioma/Te-me_233.jpg,5bc44774aff18a7e3233adc3549e82fc,512,512
data\binary\test\tumor\meningioma_Te-me_234.jpg,test,tumor,meningioma,Testing/meningioma/Te-me_234.jpg,af3b8492373b16b0e8b588a0dce1251d,314,358
data\binary\test\tumor\meningioma_Te-me_236.jpg,test,tumor,meningioma,Testing/meningioma/Te-me_236.jpg,7c6b37c6ad1d7605ad5d2d080658f6b2,512,512
data\binary\test\tumor\meningioma_Te-me_237.jpg,test,tumor,meningioma,Testing/meningioma/Te-me_237.jpg,11cbc43b4c39fa341a9f0be0f29538da,512,512
data\binary\test\tumor\meningioma_Te-me_238.jpg,test,tumor,meningioma,Testing/meningioma/Te-me_238.jpg,ae1e051ae98f802c9e173581179a2b5a,512,512
data\binary\test\tumor\meningioma_Te-me_239.jpg,test,tumor,meningioma,Testing/meningioma/Te-me_239.jpg,ee5b5033e97ed35ee6ed688ff94eb532,512,512
data\binary\test\tumor\meningioma_Te-me_24.jpg,test,tumor,meningioma,Testing/meningioma/Te-me_24.jpg,32413ecd4a49730b545980cab1893e59,512,512
data\binary\test\tumor\meningioma_Te-me_240.jpg,test,tumor,meningioma,Testing/meningioma/Te-me_240.jpg,54c15c34c2a09686fa4d14bd3db8c4c9,512,512
data\binary\test\tumor\meningioma_Te-me_241.jpg,test,tumor,meningioma,Testing/meningioma/Te-me_241.jpg,770772e6c518d518fc0c73b0a97cb425,206,249
data\binary\test\tumor\meningioma_Te-me_242.jpg,test,tumor,meningioma,Testing/meningioma/Te-me_242.jpg,94e59cd387824b3b1081e9e43089551e,512,512
data\binary\test\tumor\meningioma_Te-me_243.jpg,test,tumor,meningioma,Testing/meningioma/Te-me_243.jpg,d716d2ecb500712720e0543a99e1dab6,200,252
data\binary\test\tumor\meningioma_Te-me_244.jpg,test,tumor,meningioma,Testing/meningioma/Te-me_244.jpg,a1f46cb9caf5a930be0c22a227988fb6,512,512
data\binary\test\tumor\meningioma_Te-me_245.jpg,test,tumor,meningioma,Testing/meningioma/Te-me_245.jpg,7eb2ad5cc72684f84ca57f1d48a53056,512,512
data\binary\test\tumor\meningioma_Te-me_246.jpg,test,tumor,meningioma,Testing/meningioma/Te-me_246.jpg,e62badf1a272b7f04818ff0878168e93,512,512
data\binary\test\tumor\meningioma_Te-me_247.jpg,test,tumor,meningioma,Testing/meningioma/Te-me_247.jpg,f1ebd77cdff753e93d0e8c27069f7962,512,512
data\binary\test\tumor\meningioma_Te-me_248.jpg,test,tumor,meningioma,Testing/meningioma/Te-me_248.jpg,ea6c5f6c778375c51f39b1aeac47fdcd,512,512
data\binary\test\tumor\meningioma_Te-me_249.jpg,test,tumor,meningioma,Testing/meningioma/Te-me_249.jpg,bea090ebec41130b9a45f637bf29d21d,512,512
data\binary\test\tumor\meningioma_Te-me_25.jpg,test,tumor,meningioma,Testing/meningioma/Te-me_25.jpg,85d5643128ef0dffcf159cc560ca5097,512,512
data\binary\test\tumor\meningioma_Te-me_250.jpg,test,tumor,meningioma,Testing/meningioma/Te-me_250.jpg,8ce1af910dc3febedf4d14cee455e8ba,512,512
data\binary\test\tumor\meningioma_Te-me_251.jpg,test,tumor,meningioma,Testing/meningioma/Te-me_251.jpg,9ee3b8c7b91fb305d13ad59e373b1beb,205,251
data\binary\test\tumor\meningioma_Te-me_252.jpg,test,tumor,meningioma,Testing/meningioma/Te-me_252.jpg,6d474f1026ba5b0ed45e03d6e3901ec0,213,237
data\binary\test\tumor\meningioma_Te-me_253.jpg,test,tumor,meningioma,Testing/meningioma/Te-me_253.jpg,0dcc02bf2fb5ade6be4b72a0435c41f1,291,340
data\binary\test\tumor\meningioma_Te-me_254.jpg,test,tumor,meningioma,Testing/meningioma/Te-me_254.jpg,53deeef3904be53cd8e6b853a3adac8e,512,512
data\binary\test\tumor\meningioma_Te-me_255.jpg,test,tumor,meningioma,Testing/meningioma/Te-me_255.jpg,6d70d19354ed8f613828290bbe1d12c2,234,216
data\binary\test\tumor\meningioma_Te-me_256.jpg,test,tumor,meningioma,Testing/meningioma/Te-me_256.jpg,e8466fe3c369d1cd243af9b821064285,512,512
data\binary\test\tumor\meningioma_Te-me_257.jpg,test,tumor,meningioma,Testing/meningioma/Te-me_257.jpg,825479d06b59b10cfa9619316e130f48,512,512
data\binary\test\tumor\meningioma_Te-me_258.jpg,test,tumor,meningioma,Testing/meningioma/Te-me_258.jpg,fc2b786b8ab434cfaa3e5c17e72248b2,512,512
data\binary\test\tumor\meningioma_Te-me_259.jpg,test,tumor,meningioma,Testing/meningioma/Te-me_259.jpg,4c67e36324652f87288c193bab9f4ab3,217,232
data\binary\test\tumor\meningioma_Te-me_26.jpg,test,tumor,meningioma,Testing/meningioma/Te-me_26.jpg,acf196902b66e660682571d9c5400a56,507,605
data\binary\test\tumor\meningioma_Te-me_260.jpg,test,tumor,meningioma,Testing/meningioma/Te-me_260.jpg,6af12a03bdaa2d749dfa170bff46c5cc,512,512
data\binary\test\tumor\meningioma_Te-me_261.jpg,test,tumor,meningioma,Testing/meningioma/Te-me_261.jpg,46d52527679789ba9af3f22a8999e498,512,512
data\binary\test\tumor\meningioma_Te-me_262.jpg,test,tumor,meningioma,Testing/meningioma/Te-me_262.jpg,75bd377d32c720c13faaf976ed26f0eb,591,650
data\binary\test\tumor\meningioma_Te-me_263.jpg,test,tumor,meningioma,Testing/meningioma/Te-me_263.jpg,81f714b40f29ab80b8da4695f34d36cd,512,512
data\binary\test\tumor\meningioma_Te-me_264.jpg,test,tumor,meningioma,Testing/meningioma/Te-me_264.jpg,2276a6a5249a57a019336854da5e05f5,512,512
data\binary\test\tumor\meningioma_Te-me_265.jpg,test,tumor,meningioma,Testing/meningioma/Te-me_265.jpg,dd452006a5031789caa5d535362fc5c3,225,225
data\binary\test\tumor\meningioma_Te-me_266.jpg,test,tumor,meningioma,Testing/meningioma/Te-me_266.jpg,c7f1fd0acea2454b8129cbd24d51df4a,211,239
data\binary\test\tumor\meningioma_Te-me_267.jpg,test,tumor,meningioma,Testing/meningioma/Te-me_267.jpg,b6d17b1223825b8afb51d277ccabfa68,512,512
data\binary\test\tumor\meningioma_Te-me_268.jpg,test,tumor,meningioma,Testing/meningioma/Te-me_268.jpg,012f96bc1709df841a7870fd18e1a442,512,512
data\binary\test\tumor\meningioma_Te-me_269.jpg,test,tumor,meningioma,Testing/meningioma/Te-me_269.jpg,1a45468c64a3ada7ec628df185051a22,512,512
data\binary\test\tumor\meningioma_Te-me_27.jpg,test,tumor,meningioma,Testing/meningioma/Te-me_27.jpg,a83e382c29b43ee71b64cbfed7977481,512,512
data\binary\test\tumor\meningioma_Te-me_270.jpg,test,tumor,meningioma,Testing/meningioma/Te-me_270.jpg,ec15943878197cdeab13e9417bead5cf,210,240
data\binary\test\tumor\meningioma_Te-me_271.jpg,test,tumor,meningioma,Testing/meningioma/Te-me_271.jpg,84df430bb5b48dc568fc27fb971596cb,512,512
data\binary\test\tumor\meningioma_Te-me_272.jpg,test,tumor,meningioma,Testing/meningioma/Te-me_272.jpg,5658f2b2d610d7b49a822deac2fc8162,534,674
data\binary\test\tumor\meningioma_Te-me_273.jpg,test,tumor,meningioma,Testing/meningioma/Te-me_273.jpg,fc0f405e974e458327368053864c83d6,512,512
data\binary\test\tumor\meningioma_Te-me_274.jpg,test,tumor,meningioma,Testing/meningioma/Te-me_274.jpg,8cc3b9ebd30f8cdbacb183b34a0969a1,201,251
data\binary\test\tumor\meningioma_Te-me_275.jpg,test,tumor,meningioma,Testing/meningioma/Te-me_275.jpg,81649ccbb42d043848c18ca869688c92,512,512
data\binary\test\tumor\meningioma_Te-me_276.jpg,test,tumor,meningioma,Testing/meningioma/Te-me_276.jpg,e7f8b153d32ec0d002ef801f38708b4c,416,395
data\binary\test\tumor\meningioma_Te-me_277.jpg,test,tumor,meningioma,Testing/meningioma/Te-me_277.jpg,547a39e07fa9106ad457297f585757ca,472,546
data\binary\test\tumor\meningioma_Te-me_278.jpg,test,tumor,meningioma,Testing/meningioma/Te-me_278.jpg,18f6a0abfb7659f5dc8906581dc6dd80,530,526
data\binary\test\tumor\meningioma_Te-me_279.jpg,test,tumor,meningioma,Testing/meningioma/Te-me_279.jpg,6543089edbf0e3d276cbf2fcc9ba9d01,300,258
data\binary\test\tumor\meningioma_Te-me_28.jpg,test,tumor,meningioma,Testing/meningioma/Te-me_28.jpg,201bf66f12534eb4fffb29a445c44d6b,512,512
data\binary\test\tumor\meningioma_Te-me_280.jpg,test,tumor,meningioma,Testing/meningioma/Te-me_280.jpg,cbb2a0b8d732307329d690fc1e255ece,442,442
data\binary\test\tumor\meningioma_Te-me_281.jpg,test,tumor,meningioma,Testing/meningioma/Te-me_281.jpg,b3578fc1e8abd206052719dba0f9aa26,512,512
data\binary\test\tumor\meningioma_Te-me_282.jpg,test,tumor,meningioma,Testing/meningioma/Te-me_282.jpg,4ff6fb51c156b4be2b16b4d91ca63838,512,512
data\binary\test\tumor\meningioma_Te-me_283.jpg,test,tumor,meningioma,Testing/meningioma/Te-me_283.jpg,540fd832de383d810910fd39d5a4d75b,512,512
data\binary\test\tumor\meningioma_Te-me_284.jpg,test,tumor,meningioma,Testing/meningioma/Te-me_284.jpg,838413df979141eeb13956a6e96f7598,512,512
data\binary\test\tumor\meningioma_Te-me_285.jpg,test,tumor,meningioma,Testing/meningioma/Te-me_285.jpg,ec7a666f27fe1b7a979405010447309f,1149,1019
data\binary\test\tumor\meningioma_Te-me_286.jpg,test,tumor,meningioma,Testing/meningioma/Te-me_286.jpg,eae72b7484675ed56c6bb27e86badfcc,512,512
data\binary\test\tumor\meningioma_Te-me_287.jpg,test,tumor,meningioma,Testing/meningioma/Te-me_287.jpg,b557e94e06e1300381409f77c5130e92,512,512
data\binary\test\tumor\meningioma_Te-me_288.jpg,test,tumor,meningioma,Testing/meningioma/Te-me_288.jpg,d137cc89053fd2772a2055ca07bff809,239,248
data\binary\test\tumor\meningioma_Te-me_289.jpg,test,tumor,meningioma,Testing/meningioma/Te-me_289.jpg,bee2027833fddbcb8f5c4365a545018a,512,512
data\binary\test\tumor\meningioma_Te-me_29.jpg,test,tumor,meningioma,Testing/meningioma/Te-me_29.jpg,f3ba1217a76a44d1004221ca39b5359d,313,393
data\binary\test\tumor\meningioma_Te-me_290.jpg,test,tumor,meningioma,Testing/meningioma/Te-me_290.jpg,b3fb2d5d531a658a4b2b8cb174420d99,213,236
data\binary\test\tumor\meningioma_Te-me_291.jpg,test,tumor,meningioma,Testing/meningioma/Te-me_291.jpg,b5bcc70f15633cbeb176f82922c75eeb,512,512
data\binary\test\tumor\meningioma_Te-me_292.jpg,test,tumor,meningioma,Testing/meningioma/Te-me_292.jpg,e7d2d5b100e6bf037d19ac3c601f39f9,512,512
data\binary\test\tumor\meningioma_Te-me_293.jpg,test,tumor,meningioma,Testing/meningioma/Te-me_293.jpg,0f26de79b70825491dbee38f846274fd,224,219
data\binary\test\tumor\meningioma_Te-me_294.jpg,test,tumor,meningioma,Testing/meningioma/Te-me_294.jpg,6f1df61d932b4ff03dacaec4d925ae7f,512,512
data\binary\test\tumor\meningioma_Te-me_295.jpg,test,tumor,meningioma,Testing/meningioma/Te-me_295.jpg,731e05a0bab32f2ba3f699627f2f5c7e,228,221
data\binary\test\tumor\meningioma_Te-me_296.jpg,test,tumor,meningioma,Testing/meningioma/Te-me_296.jpg,1b41a074438c1691ea8fccffece6858d,315,315
data\binary\test\tumor\meningioma_Te-me_297.jpg,test,tumor,meningioma,Testing/meningioma/Te-me_297.jpg,4d9682135a9091f0e46710846b0e739d,512,512
data\binary\test\tumor\meningioma_Te-me_3.jpg,test,tumor,meningioma,Testing/meningioma/Te-me_3.jpg,8cbd63f43bc28864de6b2bf80116c45f,232,261
data\binary\test\tumor\meningioma_Te-me_30.jpg,test,tumor,meningioma,Testing/meningioma/Te-me_30.jpg,5beb3f5b4e35da1b2508733dd3c43f38,369,395
data\binary\test\tumor\meningioma_Te-me_31.jpg,test,tumor,meningioma,Testing/meningioma/Te-me_31.jpg,0d2a156b417ad63fcdf241902ce6ff08,225,225
data\binary\test\tumor\meningioma_Te-me_32.jpg,test,tumor,meningioma,Testing/meningioma/Te-me_32.jpg,1a313589bc6dab247063dce04c5f24d7,512,512
data\binary\test\tumor\meningioma_Te-me_33.jpg,test,tumor,meningioma,Testing/meningioma/Te-me_33.jpg,9c84bb5fa075f1615e9627d095e07622,512,512
data\binary\test\tumor\meningioma_Te-me_34.jpg,test,tumor,meningioma,Testing/meningioma/Te-me_34.jpg,2ec457655d8804b187510d81f22ba2f8,512,512
data\binary\test\tumor\meningioma_Te-me_35.jpg,test,tumor,meningioma,Testing/meningioma/Te-me_35.jpg,69ed4710b1ade126fbb9593dbd193c0c,512,512
data\binary\test\tumor\meningioma_Te-me_36.jpg,test,tumor,meningioma,Testing/meningioma/Te-me_36.jpg,4f1ce2ab263221ce08b65f4051b13c04,512,512
data\binary\test\tumor\meningioma_Te-me_37.jpg,test,tumor,meningioma,Testing/meningioma/Te-me_37.jpg,2031c3c22938cfb34f0d30579c076baf,630,423
data\binary\test\tumor\meningioma_Te-me_38.jpg,test,tumor,meningioma,Testing/meningioma/Te-me_38.jpg,206ae76dee6c50a55fea727c27715a10,512,512
data\binary\test\tumor\meningioma_Te-me_39.jpg,test,tumor,meningioma,Testing/meningioma/Te-me_39.jpg,37839bc77d5fdbccd6af4dbcc0b7941c,286,356
data\binary\test\tumor\meningioma_Te-me_4.jpg,test,tumor,meningioma,Testing/meningioma/Te-me_4.jpg,32ba7a49f37e07b292b83a380daa18d2,201,207
data\binary\test\tumor\meningioma_Te-me_40.jpg,test,tumor,meningioma,Testing/meningioma/Te-me_40.jpg,d329ab4b97e9d4053f52ec36626c6770,512,512
data\binary\test\tumor\meningioma_Te-me_41.jpg,test,tumor,meningioma,Testing/meningioma/Te-me_41.jpg,47fd3bea75c015e610f1acadb7fe9734,512,512
data\binary\test\tumor\meningioma_Te-me_42.jpg,test,tumor,meningioma,Testing/meningioma/Te-me_42.jpg,eb18a5fc3247036b45d78a653fb69416,214,235
data\binary\test\tumor\meningioma_Te-me_43.jpg,test,tumor,meningioma,Testing/meningioma/Te-me_43.jpg,15498664913078924a9bd70cad4428b5,512,512
data\binary\test\tumor\meningioma_Te-me_44.jpg,test,tumor,meningioma,Testing/meningioma/Te-me_44.jpg,2e01288333a07b7c23ba86a2cb315ebd,512,512
data\binary\test\tumor\meningioma_Te-me_45.jpg,test,tumor,meningioma,Testing/meningioma/Te-me_45.jpg,6d6c9585464724be8ab0183e2c069635,210,240
data\binary\test\tumor\meningioma_Te-me_46.jpg,test,tumor,meningioma,Testing/meningioma/Te-me_46.jpg,0676505f97717bf144972eb1224582cf,512,512
data\binary\test\tumor\meningioma_Te-me_47.jpg,test,tumor,meningioma,Testing/meningioma/Te-me_47.jpg,53b4c1f39cfceb286b9d6eccf6cf17d0,512,512
data\binary\test\tumor\meningioma_Te-me_48.jpg,test,tumor,meningioma,Testing/meningioma/Te-me_48.jpg,00069b314d25620a7683a60d84e3f695,512,512
data\binary\test\tumor\meningioma_Te-me_49.jpg,test,tumor,meningioma,Testing/meningioma/Te-me_49.jpg,08163fcac04a6486aaa11dc51a6be9ec,343,367
data\binary\test\tumor\meningioma_Te-me_5.jpg,test,tumor,meningioma,Testing/meningioma/Te-me_5.jpg,0534a001aafb4e76ab89a6aa6c1d102a,257,248
data\binary\test\tumor\meningioma_Te-me_50.jpg,test,tumor,meningioma,Testing/meningioma/Te-me_50.jpg,799fb19ff1a3e59118b5bc49e58fb5ce,225,225
data\binary\test\tumor\meningioma_Te-me_51.jpg,test,tumor,meningioma,Testing/meningioma/Te-me_51.jpg,5b7a348e85c38fc8979fe1d99b0f6866,512,512
data\binary\test\tumor\meningioma_Te-me_52.jpg,test,tumor,meningioma,Testing/meningioma/Te-me_52.jpg,a4e82ea59005aac574de4c43eac68e17,351,398
data\binary\test\tumor\meningioma_Te-me_53.jpg,test,tumor,meningioma,Testing/meningioma/Te-me_53.jpg,e35bbd6102893c8e18c779365d10cc2c,512,512
data\binary\test\tumor\meningioma_Te-me_54.jpg,test,tumor,meningioma,Testing/meningioma/Te-me_54.jpg,120b95f9440df0c22deddca026d2e3c3,312,401
data\binary\test\tumor\meningioma_Te-me_55.jpg,test,tumor,meningioma,Testing/meningioma/Te-me_55.jpg,5d21662c80c8601ebb06f51d8eb4ee7c,512,512
data\binary\test\tumor\meningioma_Te-me_56.jpg,test,tumor,meningioma,Testing/meningioma/Te-me_56.jpg,3c7b45f533cd11c1ea53300bfaef2993,512,512
data\binary\test\tumor\meningioma_Te-me_57.jpg,test,tumor,meningioma,Testing/meningioma/Te-me_57.jpg,bfe876f0801fe08fc7c7018523161180,512,512
data\binary\test\tumor\meningioma_Te-me_58.jpg,test,tumor,meningioma,Testing/meningioma/Te-me_58.jpg,2df8eb7999954f12f39f9c2abbfe1052,512,512
data\binary\test\tumor\meningioma_Te-me_59.jpg,test,tumor,meningioma,Testing/meningioma/Te-me_59.jpg,62c6f5354f6b5f6f42bfbd78b0d40974,512,512
data\binary\test\tumor\meningioma_Te-me_6.jpg,test,tumor,meningioma,Testing/meningioma/Te-me_6.jpg,ad831ad6257f07805545b6e7bbc12240,440,278
data\binary\test\tumor\meningioma_Te-me_60.jpg,test,tumor,meningioma,Testing/meningioma/Te-me_60.jpg,8a27d1e1347419a1a99e5e99923c0e0d,512,512
data\binary\test\tumor\meningioma_Te-me_61.jpg,test,tumor,meningioma,Testing/meningioma/Te-me_61.jpg,8417c2f0f4eab1abd06eb4ad05fa366f,554,554
data\binary\test\tumor\meningioma_Te-me_62.jpg,test,tumor,meningioma,Testing/meningioma/Te-me_62.jpg,5330e7aae0a6daa2ffdc6460e9cd5a80,206,245
data\binary\test\tumor\meningioma_Te-me_63.jpg,test,tumor,meningioma,Testing/meningioma/Te-me_63.jpg,d2867131b0f2852470d4ae39949bb15b,512,512
data\binary\test\tumor\meningioma_Te-me_64.jpg,test,tumor,meningioma,Testing/meningioma/Te-me_64.jpg,95060a6ec2ef8e87037ad1e9fafbe4e0,512,512
data\binary\test\tumor\meningioma_Te-me_65.jpg,test,tumor,meningioma,Testing/meningioma/Te-me_65.jpg,398efcc5097ff5327cf502139d815794,512,512
data\binary\test\tumor\meningioma_Te-me_66.jpg,test,tumor,meningioma,Testing/meningioma/Te-me_66.jpg,89aedfdaf29cdb2140125a18c968fab8,278,306
data\binary\test\tumor\meningioma_Te-me_67.jpg,test,tumor,meningioma,Testing/meningioma/Te-me_67.jpg,dc8a2c49fa085dcebe2cd3b8c01067a6,512,512
data\binary\test\tumor\meningioma_Te-me_68.jpg,test,tumor,meningioma,Testing/meningioma/Te-me_68.jpg,ac30bec9f7484daaa312de66507111ff,512,512
data\binary\test\tumor\meningioma_Te-me_69.jpg,test,tumor,meningioma,Testing/meningioma/Te-me_69.jpg,e5833478093b36b371d38ce1230c55b9,512,512
data\binary\test\tumor\meningioma_Te-me_7.jpg,test,tumor,meningioma,Testing/meningioma/Te-me_7.jpg,0b29f13dd36a395affa11e32e16b9837,512,512
data\binary\test\tumor\meningioma_Te-me_70.jpg,test,tumor,meningioma,Testing/meningioma/Te-me_70.jpg,1db456ea3c66dc2f1856226065b601e6,228,221
data\binary\test\tumor\meningioma_Te-me_71.jpg,test,tumor,meningioma,Testing/meningioma/Te-me_71.jpg,96ac987bd37f7db4655ce8c3db0fbed1,273,326
data\binary\test\tumor\meningioma_Te-me_72.jpg,test,tumor,meningioma,Testing/meningioma/Te-me_72.jpg,0732ef7d252fcf6a2352c1d2c62c1505,512,512
data\binary\test\tumor\meningioma_Te-me_73.jpg,test,tumor,meningioma,Testing/meningioma/Te-me_73.jpg,61b5f6df57471dd3ce6f98e83248ff27,512,512
data\binary\test\tumor\meningioma_Te-me_74.jpg,test,tumor,meningioma,Testing/meningioma/Te-me_74.jpg,e47ee4a9dd1982c8a15f22b765578446,512,512
data\binary\test\tumor\meningioma_Te-me_75.jpg,test,tumor,meningioma,Testing/meningioma/Te-me_75.jpg,aeb91bb91dcb1dd98d5d04ecb96eaff4,315,341
data\binary\test\tumor\meningioma_Te-me_76.jpg,test,tumor,meningioma,Testing/meningioma/Te-me_76.jpg,41c55664870195838541e08ade0c32b6,512,512
data\binary\test\tumor\meningioma_Te-me_77.jpg,test,tumor,meningioma,Testing/meningioma/Te-me_77.jpg,f07743dc0af78afc9d34854314a4b6d3,512,512
data\binary\test\tumor\meningioma_Te-me_78.jpg,test,tumor,meningioma,Testing/meningioma/Te-me_78.jpg,d676e5354726abce4f22a596ccf1bd66,512,512
data\binary\test\tumor\meningioma_Te-me_79.jpg,test,tumor,meningioma,Testing/meningioma/Te-me_79.jpg,2207817846642cffb7fbb580401f2466,512,512
data\binary\test\tumor\meningioma_Te-me_8.jpg,test,tumor,meningioma,Testing/meningioma/Te-me_8.jpg,2576171aacea0dd809125a0b2514e1f1,214,216
data\binary\test\tumor\meningioma_Te-me_80.jpg,test,tumor,meningioma,Testing/meningioma/Te-me_80.jpg,fc2e69c2f4a1b55ed409a552a5c2be55,512,512
data\binary\test\tumor\meningioma_Te-me_81.jpg,test,tumor,meningioma,Testing/meningioma/Te-me_81.jpg,b3ceadb20cb7e53195ba39e9e7c5c1f4,221,228
data\binary\test\tumor\meningioma_Te-me_82.jpg,test,tumor,meningioma,Testing/meningioma/Te-me_82.jpg,58a46c881aeeeb5f7e3b1433e9712df3,225,225
data\binary\test\tumor\meningioma_Te-me_83.jpg,test,tumor,meningioma,Testing/meningioma/Te-me_83.jpg,ac5559fec237f9622fc183a6b4ac7ba2,369,398
data\binary\test\tumor\meningioma_Te-me_84.jpg,test,tumor,meningioma,Testing/meningioma/Te-me_84.jpg,94d174385819092fbca7f63682039ab8,512,512
data\binary\test\tumor\meningioma_Te-me_85.jpg,test,tumor,meningioma,Testing/meningioma/Te-me_85.jpg,f4268a57902569931009056a303c3fd7,512,512
data\binary\test\tumor\meningioma_Te-me_86.jpg,test,tumor,meningioma,Testing/meningioma/Te-me_86.jpg,74c64f712a0dd6ac508946ce2679ee8c,256,256
data\binary\test\tumor\meningioma_Te-me_87.jpg,test,tumor,meningioma,Testing/meningioma/Te-me_87.jpg,eedd323307264e66a9512575368da79f,512,512
data\binary\test\tumor\meningioma_Te-me_88.jpg,test,tumor,meningioma,Testing/meningioma/Te-me_88.jpg,b7e4e193e6025e0a7920268b40021fae,512,512
data\binary\test\tumor\meningioma_Te-me_89.jpg,test,tumor,meningioma,Testing/meningioma/Te-me_89.jpg,a258600fedb2bf186fabd68345a9ed75,512,512
data\binary\test\tumor\meningioma_Te-me_9.jpg,test,tumor,meningioma,Testing/meningioma/Te-me_9.jpg,a43cfb410c4933e515ba9a424db3768a,330,355
data\binary\test\tumor\meningioma_Te-me_90.jpg,test,tumor,meningioma,Testing/meningioma/Te-me_90.jpg,54e0392bfd8920a6632a19b74abf4d4f,512,512
data\binary\test\tumor\meningioma_Te-me_91.jpg,test,tumor,meningioma,Testing/meningioma/Te-me_91.jpg,d8a815bf42fec982c7ea475ab08f0d65,512,512
data\binary\test\tumor\meningioma_Te-me_92.jpg,test,tumor,meningioma,Testing/meningioma/Te-me_92.jpg,0b352097c1877c77f03eaeffb9ad515b,512,512
data\binary\test\tumor\meningioma_Te-me_93.jpg,test,tumor,meningioma,Testing/meningioma/Te-me_93.jpg,c4c46b505a3367f58d121728114bf5ac,491,624
data\binary\test\tumor\meningioma_Te-me_94.jpg,test,tumor,meningioma,Testing/meningioma/Te-me_94.jpg,62b97a5456e77e07af3d431061baf922,215,234
data\binary\test\tumor\meningioma_Te-me_95.jpg,test,tumor,meningioma,Testing/meningioma/Te-me_95.jpg,c3a583f2373a49b9845c19a936148800,208,243
data\binary\test\tumor\meningioma_Te-me_96.jpg,test,tumor,meningioma,Testing/meningioma/Te-me_96.jpg,5a38672458dcff92ab3d416cf9dd4982,554,554
data\binary\test\tumor\meningioma_Te-me_97.jpg,test,tumor,meningioma,Testing/meningioma/Te-me_97.jpg,5625d76e2f360a702222b476b50a9bbc,512,512
data\binary\test\tumor\meningioma_Te-me_98.jpg,test,tumor,meningioma,Testing/meningioma/Te-me_98.jpg,ad77da976589f3266cc95090bd6d6725,512,512
data\binary\test\tumor\meningioma_Te-me_99.jpg,test,tumor,meningioma,Testing/meningioma/Te-me_99.jpg,b278dcf714a4e3b12761486a923c4da1,512,512
data\binary\test\no_tumor\notumor_Te-no_1.jpg,test,no_tumor,notumor,Testing/notumor/Te-no_1.jpg,2042832b5b485a4aff45bcdc4da97779,200,252
data\binary\test\no_tumor\notumor_Te-no_10.jpg,test,no_tumor,notumor,Testing/notumor/Te-no_10.jpg,0f0881b1eca15cb4235ef8a6efd5fb32,225,225
data\binary\test\no_tumor\notumor_Te-no_100.jpg,test,no_tumor,notumor,Testing/notumor/Te-no_100.jpg,c48656252ade4398b218c5db87b9b726,442,442
data\binary\test\no_tumor\notumor_Te-no_101.jpg,test,no_tumor,notumor,Testing/notumor/Te-no_101.jpg,ba19e6ed946fcde76ddbe2cb73275fc2,227,222
data\binary\test\no_tumor\notumor_Te-no_102.jpg,test,no_tumor,notumor,Testing/notumor/Te-no_102.jpg,d6adcf7a85a1d5d670cea2f77f4b56e6,428,417
data\binary\test\no_tumor\notumor_Te-no_103.jpg,test,no_tumor,notumor,Testing/notumor/Te-no_103.jpg,4c47b2401c76339c30a05d73aa630dbc,275,183
data\binary\test\no_tumor\notumor_Te-no_104.jpg,test,no_tumor,notumor,Testing/notumor/Te-no_104.jpg,4e1876e6dff89de8205aa7e0eccdf21d,225,225
data\binary\test\no_tumor\notumor_Te-no_105.jpg,test,no_tumor,notumor,Testing/notumor/Te-no_105.jpg,3a51142363109be6719682de63e0479a,232,217
data\binary\test\no_tumor\notumor_Te-no_106.jpg,test,no_tumor,notumor,Testing/notumor/Te-no_106.jpg,288df0396dae58adb51c65937da4f845,150,198
data\binary\test\no_tumor\notumor_Te-no_107.jpg,test,no_tumor,notumor,Testing/notumor/Te-no_107.jpg,036f9b148f98cd956d2b632b475c3db2,232,217
data\binary\test\no_tumor\notumor_Te-no_108.jpg,test,no_tumor,notumor,Testing/notumor/Te-no_108.jpg,597fb27f0146a5b98727bbff60402604,225,225
data\binary\test\no_tumor\notumor_Te-no_109.jpg,test,no_tumor,notumor,Testing/notumor/Te-no_109.jpg,78bc1f2c3edeca4211fe82dc7af3ac4a,356,474
data\binary\test\no_tumor\notumor_Te-no_11.jpg,test,no_tumor,notumor,Testing/notumor/Te-no_11.jpg,6953b881bdfd92f814a3ce12c3149e37,220,275
data\binary\test\no_tumor\notumor_Te-no_110.jpg,test,no_tumor,notumor,Testing/notumor/Te-no_110.jpg,5f281bed65fc63ebdaa7f2c7f2043bf8,300,168
data\binary\test\no_tumor\notumor_Te-no_111.jpg,test,no_tumor,notumor,Testing/notumor/Te-no_111.jpg,8f132d6b40b4e84a456f6407107a65a0,420,280
data\binary\test\no_tumor\notumor_Te-no_112.jpg,test,no_tumor,notumor,Testing/notumor/Te-no_112.jpg,868351fb75f602e4613106913be869df,225,225
data\binary\test\no_tumor\notumor_Te-no_113.jpg,test,no_tumor,notumor,Testing/notumor/Te-no_113.jpg,884825af8c26b94cc2aac6950e441b4f,225,225
data\binary\test\no_tumor\notumor_Te-no_114.jpg,test,no_tumor,notumor,Testing/notumor/Te-no_114.jpg,5583e6f5b2e75b694e8dae7a693705fa,428,417
data\binary\test\no_tumor\notumor_Te-no_115.jpg,test,no_tumor,notumor,Testing/notumor/Te-no_115.jpg,3bf189d9ce6e9cc4980e6bc5dcd6a731,150,198
data\binary\test\no_tumor\notumor_Te-no_116.jpg,test,no_tumor,notumor,Testing/notumor/Te-no_116.jpg,8e4f0086f906bec7f33b690117b56330,225,225
data\binary\test\no_tumor\notumor_Te-no_117.jpg,test,no_tumor,notumor,Testing/notumor/Te-no_117.jpg,8e84ba447f725ccd8fd1bf23f84e6746,225,225
data\binary\test\no_tumor\notumor_Te-no_118.jpg,test,no_tumor,notumor,Testing/notumor/Te-no_118.jpg,8d9112356bed79e0395c01742860190d,173,201
data\binary\test\no_tumor\notumor_Te-no_119.jpg,test,no_tumor,notumor,Testing/notumor/Te-no_119.jpg,eba359d49796d5ae0500f9ba8c9288cb,504,540
data\binary\test\no_tumor\notumor_Te-no_12.jpg,test,no_tumor,notumor,Testing/notumor/Te-no_12.jpg,fb5a53e61e87e7d284355d5afa157b9f,227,222
data\binary\test\no_tumor\notumor_Te-no_120.jpg,test,no_tumor,notumor,Testing/notumor/Te-no_120.jpg,a223a7bb7bf659de8b1e54741ba91f53,227,262
data\binary\test\no_tumor\notumor_Te-no_121.jpg,test,no_tumor,notumor,Testing/notumor/Te-no_121.jpg,a27782854a8b969e863c7e2f6fcc9fd0,236,236
data\binary\test\no_tumor\notumor_Te-no_122.jpg,test,no_tumor,notumor,Testing/notumor/Te-no_122.jpg,afd65e8e7bcafb8f62459c10b553f8a0,680,680
data\binary\test\no_tumor\notumor_Te-no_123.jpg,test,no_tumor,notumor,Testing/notumor/Te-no_123.jpg,67c1c523e5d4a983face67496b99debb,225,225
data\binary\test\no_tumor\notumor_Te-no_124.jpg,test,no_tumor,notumor,Testing/notumor/Te-no_124.jpg,cffe474ffd726ef0c18518a152f28d17,225,225
data\binary\test\no_tumor\notumor_Te-no_125.jpg,test,no_tumor,notumor,Testing/notumor/Te-no_125.jpg,688e7c76335a3fe059afbf86c636f2d0,630,630
data\binary\test\no_tumor\notumor_Te-no_126.jpg,test,no_tumor,notumor,Testing/notumor/Te-no_126.jpg,2323fed4f1cadbf7947c41a6e2a4d9bc,192,192
data\binary\test\no_tumor\notumor_Te-no_127.jpg,test,no_tumor,notumor,Testing/notumor/Te-no_127.jpg,c28927058a5925354625eb9d3245a829,428,417
data\binary\test\no_tumor\notumor_Te-no_128.jpg,test,no_tumor,notumor,Testing/notumor/Te-no_128.jpg,508edb55ce8c4170a75b875bc25d1923,630,630
data\binary\test\no_tumor\notumor_Te-no_129.jpg,test,no_tumor,notumor,Testing/notumor/Te-no_129.jpg,11cedb9945428095ca752be6b30bdd6e,227,222
data\binary\test\no_tumor\notumor_Te-no_13.jpg,test,no_tumor,notumor,Testing/notumor/Te-no_13.jpg,4f073e5096637b5a7f8e9deb05151be4,225,225
data\binary\test\no_tumor\notumor_Te-no_130.jpg,test,no_tumor,notumor,Testing/notumor/Te-no_130.jpg,10d27b1fb66a83c851c03eebd4bca89d,206,244
data\binary\test\no_tumor\notumor_Te-no_131.jpg,test,no_tumor,notumor,Testing/notumor/Te-no_131.jpg,9038af0459ab0c6d3ff6bb2f74b42f17,428,417
data\binary\test\no_tumor\notumor_Te-no_132.jpg,test,no_tumor,notumor,Testing/notumor/Te-no_132.jpg,6a31b328e5ee2e766abd5759ac82d208,276,326
data\binary\test\no_tumor\notumor_Te-no_133.jpg,test,no_tumor,notumor,Testing/notumor/Te-no_133.jpg,34a8005fce80d9490c1c1bf169008a9b,228,221
data\binary\test\no_tumor\notumor_Te-no_134.jpg,test,no_tumor,notumor,Testing/notumor/Te-no_134.jpg,0f23f6683b937c4383092569fa16ddf9,225,225
data\binary\test\no_tumor\notumor_Te-no_135.jpg,test,no_tumor,notumor,Testing/notumor/Te-no_135.jpg,d7cc6888cb82d1e67d6934bb3be7b387,232,217
data\binary\test\no_tumor\notumor_Te-no_136.jpg,test,no_tumor,notumor,Testing/notumor/Te-no_136.jpg,1dfb1c81a572ba7c7f4623b8b0183525,150,198
data\binary\test\no_tumor\notumor_Te-no_137.jpg,test,no_tumor,notumor,Testing/notumor/Te-no_137.jpg,ff64b368abbb6ffb822ca51d0d4e0ab5,215,234
data\binary\test\no_tumor\notumor_Te-no_138.jpg,test,no_tumor,notumor,Testing/notumor/Te-no_138.jpg,7e703efd4174a8af860e4486c54b7ff7,468,444
data\binary\test\no_tumor\notumor_Te-no_139.jpg,test,no_tumor,notumor,Testing/notumor/Te-no_139.jpg,eb29d52b3d9c7209b78da38555921d07,173,201
data\binary\test\no_tumor\notumor_Te-no_14.jpg,test,no_tumor,notumor,Testing/notumor/Te-no_14.jpg,70810b450d4571cabffd1ac38ac4ca09,232,217
data\binary\test\no_tumor\notumor_Te-no_140.jpg,test,no_tumor,notumor,Testing/notumor/Te-no_140.jpg,76a8071e71aa0fe903924fef1dfa8348,225,225
data\binary\test\no_tumor\notumor_Te-no_141.jpg,test,no_tumor,notumor,Testing/notumor/Te-no_141.jpg,431c4c4feacf0069d2437d438e3cddb8,225,225
data\binary\test\no_tumor\notumor_Te-no_142.jpg,test,no_tumor,notumor,Testing/notumor/Te-no_142.jpg,5a2211287d27dbef023f47f87a79f087,232,217
data\binary\test\no_tumor\notumor_Te-no_143.jpg,test,no_tumor,notumor,Testing/notumor/Te-no_143.jpg,7c4df10c24595daacfb992893d642f07,236,213
data\binary\test\no_tumor\notumor_Te-no_144.jpg,test,no_tumor,notumor,Testing/notumor/Te-no_144.jpg,f1fb0628a550b34d18bf6055b24e63a9,630,630
data\binary\test\no_tumor\notumor_Te-no_145.jpg,test,no_tumor,notumor,Testing/notumor/Te-no_145.jpg,895068dffbc93fed6babf4efa1e946fe,225,225
data\binary\test\no_tumor\notumor_Te-no_146.jpg,test,no_tumor,notumor,Testing/notumor/Te-no_146.jpg,a8bcbab1653cfac4b51672392fd1fcba,300,168
data\binary\test\no_tumor\notumor_Te-no_147.jpg,test,no_tumor,notumor,Testing/notumor/Te-no_147.jpg,aeaa627b54fc2294c022574da69ac638,227,222
data\binary\test\no_tumor\notumor_Te-no_148.jpg,test,no_tumor,notumor,Testing/notumor/Te-no_148.jpg,51dc74e66c8a101dab6129780216e65c,207,243
data\binary\test\no_tumor\notumor_Te-no_149.jpg,test,no_tumor,notumor,Testing/notumor/Te-no_149.jpg,093b3b34c384e7d870d8d39d142a55c9,300,168
data\binary\test\no_tumor\notumor_Te-no_15.jpg,test,no_tumor,notumor,Testing/notumor/Te-no_15.jpg,f407389c1a0e11d831f946887149982f,225,225
data\binary\test\no_tumor\notumor_Te-no_150.jpg,test,no_tumor,notumor,Testing/notumor/Te-no_150.jpg,f512297aa5f5b355eca18914f4fd7100,236,251
data\binary\test\no_tumor\notumor_Te-no_151.jpg,test,no_tumor,notumor,Testing/notumor/Te-no_151.jpg,9e630e2842e3c476af3321095639534c,194,259
data\binary\test\no_tumor\notumor_Te-no_152.jpg,test,no_tumor,notumor,Testing/notumor/Te-no_152.jpg,810a5bf08e877efb933daf79356f6591,225,225
data\binary\test\no_tumor\notumor_Te-no_153.jpg,test,no_tumor,notumor,Testing/notumor/Te-no_153.jpg,c40b264047366ec614e6823e451fc0be,276,326
data\binary\test\no_tumor\notumor_Te-no_154.jpg,test,no_tumor,notumor,Testing/notumor/Te-no_154.jpg,86f281a7d8116b508c5b7b6ab1f7b62f,339,340
data\binary\test\no_tumor\notumor_Te-no_155.jpg,test,no_tumor,notumor,Testing/notumor/Te-no_155.jpg,0b1592de988dbc0fc1d9e085eeb887d5,228,221
data\binary\test\no_tumor\notumor_Te-no_156.jpg,test,no_tumor,notumor,Testing/notumor/Te-no_156.jpg,400fd96d00fc4d5fb4e0d7a8db9f6fbb,200,252
data\binary\test\no_tumor\notumor_Te-no_157.jpg,test,no_tumor,notumor,Testing/notumor/Te-no_157.jpg,ddf81b54dba8aea98fc2dbbd0e14ed58,225,225
data\binary\test\no_tumor\notumor_Te-no_158.jpg,test,no_tumor,notumor,Testing/notumor/Te-no_158.jpg,efb6f31c6c85e359d6adb8df6b54cb62,173,201
data\binary\test\no_tumor\notumor_Te-no_159.jpg,test,no_tumor,notumor,Testing/notumor/Te-no_159.jpg,dd9251c72a68ddc78a9c18e0c1135e6d,236,236
data\binary\test\no_tumor\notumor_Te-no_16.jpg,test,no_tumor,notumor,Testing/notumor/Te-no_16.jpg,1a1e6b620b32162b71f2154fe06297be,380,530
data\binary\test\no_tumor\notumor_Te-no_160.jpg,test,no_tumor,notumor,Testing/notumor/Te-no_160.jpg,571b27a80412a4618a91b42af05d06d5,442,442
data\binary\test\no_tumor\notumor_Te-no_161.jpg,test,no_tumor,notumor,Testing/notumor/Te-no_161.jpg,69503761278654f6717c1f52dad8266d,428,417
data\binary\test\no_tumor\notumor_Te-no_162.jpg,test,no_tumor,notumor,Testing/notumor/Te-no_162.jpg,f0f30fd6421e85883d3c572e48f38b19,504,540
data\binary\test\no_tumor\notumor_Te-no_163.jpg,test,no_tumor,notumor,Testing/notumor/Te-no_163.jpg,84ed0911b87d5deb9ee1856a1d7bc6ff,630,630
data\binary\test\no_tumor\notumor_Te-no_164.jpg,test,no_tumor,notumor,Testing/notumor/Te-no_164.jpg,d729b3ae5f823eca325a44282bfa86e6,642,361
data\binary\test\no_tumor\notumor_Te-no_165.jpg,test,no_tumor,notumor,Testing/notumor/Te-no_165.jpg,4821c544b0e50f66e207e20672030b33,400,442
data\binary\test\no_tumor\notumor_Te-no_166.jpg,test,no_tumor,notumor,Testing/notumor/Te-no_166.jpg,5eca9c793e51c7d5644fffb29481a78b,630,630
data\binary\test\no_tumor\notumor_Te-no_167.jpg,test,no_tumor,notumor,Testing/notumor/Te-no_167.jpg,f6a66c84d44375a05fb458bc0b450fe8,236,236
data\binary\test\no_tumor\notumor_Te-no_168.jpg,test,no_tumor,notumor,Testing/notumor/Te-no_168.jpg,722920a8ba3075aaab1850c67bd5dd83,227,222
data\binary\test\no_tumor\notumor_Te-no_169.jpg,test,no_tumor,notumor,Testing/notumor/Te-no_169.jpg,77954413718ac88c4ff55ff684d661aa,512,512
data\binary\test\no_tumor\notumor_Te-no_17.jpg,test,no_tumor,notumor,Testing/notumor/Te-no_17.jpg,257f798750c63471a460a86c9b1f9f9f,228,221
data\binary\test\no_tumor\notumor_Te-no_170.jpg,test,no_tumor,notumor,Testing/notumor/Te-no_170.jpg,3c93781bb71169e89b19d3aac73db99d,225,225
data\binary\test\no_tumor\notumor_Te-no_171.jpg,test,no_tumor,notumor,Testing/notumor/Te-no_171.jpg,046d5492f4d9f344cdf95aac9ecd94d3,173,201
data\binary\test\no_tumor\notumor_Te-no_172.jpg,test,no_tumor,notumor,Testing/notumor/Te-no_172.jpg,e85b8e1a9e1596be9d1de191ecb54297,442,454
data\binary\test\no_tumor\notumor_Te-no_173.jpg,test,no_tumor,notumor,Testing/notumor/Te-no_173.jpg,452f101b79c45042fe485f73655d2c02,232,217
data\binary\test\no_tumor\notumor_Te-no_174.jpg,test,no_tumor,notumor,Testing/notumor/Te-no_174.jpg,17b671d3adb4a102487c1479e148f666,441,442
data\binary\test\no_tumor\notumor_Te-no_175.jpg,test,no_tumor,notumor,Testing/notumor/Te-no_175.jpg,95fdbba7e8af96b58abdda2029e4a4f2,227,222
data\binary\test\no_tumor\notumor_Te-no_176.jpg,test,no_tumor,notumor,Testing/notumor/Te-no_176.jpg,6da271e8ccda2d7957b38b3ffbdad341,218,231
data\binary\test\no_tumor\notumor_Te-no_177.jpg,test,no_tumor,notumor,Testing/notumor/Te-no_177.jpg,31435d297a1df56024c4033a3fb27400,630,630
data\binary\test\no_tumor\notumor_Te-no_178.jpg,test,no_tumor,notumor,Testing/notumor/Te-no_178.jpg,25256204c5ce82f2081e7e20db962102,201,250
data\binary\test\no_tumor\notumor_Te-no_179.jpg,test,no_tumor,notumor,Testing/notumor/Te-no_179.jpg,78564bdb73a5226fb6a651a2efa04a87,228,221
data\binary\test\no_tumor\notumor_Te-no_18.jpg,test,no_tumor,notumor,Testing/notumor/Te-no_18.jpg,18679d17b65dc1b6a71d7d642d9c4322,230,282
data\binary\test\no_tumor\notumor_Te-no_180.jpg,test,no_tumor,notumor,Testing/notumor/Te-no_180.jpg,0403829ce77f78b963d6b644f9bd0a9d,630,630
data\binary\test\no_tumor\notumor_Te-no_181.jpg,test,no_tumor,notumor,Testing/notumor/Te-no_181.jpg,e80c418611d194833d121aea7a423bc1,218,231
data\binary\test\no_tumor\notumor_Te-no_182.jpg,test,no_tumor,notumor,Testing/notumor/Te-no_182.jpg,f21be8a602b3c452302e3819116013e1,200,252
data\binary\test\no_tumor\notumor_Te-no_183.jpg,test,no_tumor,notumor,Testing/notumor/Te-no_183.jpg,927b10a53cd58434435c7cb0442f7bc1,150,198
data\binary\test\no_tumor\notumor_Te-no_184.jpg,test,no_tumor,notumor,Testing/notumor/Te-no_184.jpg,807ad9979619332658c608e97fde4079,201,251
data\binary\test\no_tumor\notumor_Te-no_185.jpg,test,no_tumor,notumor,Testing/notumor/Te-no_185.jpg,76193fdd074756c19a8e3d8629e417a7,428,417
data\binary\test\no_tumor\notumor_Te-no_186.jpg,test,no_tumor,notumor,Testing/notumor/Te-no_186.jpg,d98abeb9709375612c4a97c3594bc926,173,201
data\binary\test\no_tumor\notumor_Te-no_187.jpg,test,no_tumor,notumor,Testing/notumor/Te-no_187.jpg,b50f940af0b040e6766554de855683a3,468,444
data\binary\test\no_tumor\notumor_Te-no_188.jpg,test,no_tumor,notumor,Testing/notumor/Te-no_188.jpg,0741671357bbd3ae800b8812e0780209,206,244
data\binary\test\no_tumor\notumor_Te-no_189.jpg,test,no_tumor,notumor,Testing/notumor/Te-no_189.jpg,4c6b572abdba1355ce343486819af079,225,225
data\binary\test\no_tumor\notumor_Te-no_19.jpg,test,no_tumor,notumor,Testing/notumor/Te-no_19.jpg,1706aa5c5f0c9d2dedfe59a62be046cc,192,192
data\binary\test\no_tumor\notumor_Te-no_190.jpg,test,no_tumor,notumor,Testing/notumor/Te-no_190.jpg,69f55137cf16f6a7710b3013d52ba4ba,300,168
data\binary\test\no_tumor\notumor_Te-no_191.jpg,test,no_tumor,notumor,Testing/notumor/Te-no_191.jpg,ffaf452c2b180e3e92505c0ad5b40b5f,642,361
data\binary\test\no_tumor\notumor_Te-no_192.jpg,test,no_tumor,notumor,Testing/notumor/Te-no_192.jpg,c050f68e2a6305217a455c66704ac5b1,215,234
data\binary\test\no_tumor\notumor_Te-no_193.jpg,test,no_tumor,notumor,Testing/notumor/Te-no_193.jpg,ee9dc312848f67650ec3f20ba1cb2058,206,244
data\binary\test\no_tumor\notumor_Te-no_194.jpg,test,no_tumor,notumor,Testing/notumor/Te-no_194.jpg,6c04ffe5eb7ca3e5fe6a3618f03f8925,234,224
data\binary\test\no_tumor\notumor_Te-no_195.jpg,test,no_tumor,notumor,Testing/notumor/Te-no_195.jpg,f59856b583408cc49831f901871a5a2f,428,417
data\binary\test\no_tumor\notumor_Te-no_196.jpg,test,no_tumor,notumor,Testing/notumor/Te-no_196.jpg,7f4e64b51077c89fa0d0043f3bc54acd,300,168
data\binary\test\no_tumor\notumor_Te-no_197.jpg,test,no_tumor,notumor,Testing/notumor/Te-no_197.jpg,a893c58146e9b9b4540c903ed03c236a,441,442
data\binary\test\no_tumor\notumor_Te-no_198.jpg,test,no_tumor,notumor,Testing/notumor/Te-no_198.jpg,02e80027e6b31a4cb623385a6c80fee1,227,222
data\binary\test\no_tumor\notumor_Te-no_199.jpg,test,no_tumor,notumor,Testing/notumor/Te-no_199.jpg,a53d23be867fbfa4509087d31820c14e,215,234
data\binary\test\no_tumor\notumor_Te-no_2.jpg,test,no_tumor,notumor,Testing/notumor/Te-no_2.jpg,271fc119aec6ff45efd4e942b8fb93c9,232,217
data\binary\test\no_tumor\notumor_Te-no_20.jpg,test,no_tumor,notumor,Testing/notumor/Te-no_20.jpg,ca909ed620cf2797e695d7b71b34fe84,393,400
data\binary\test\no_tumor\notumor_Te-no_200.jpg,test,no_tumor,notumor,Testing/notumor/Te-no_200.jpg,d6fb109759c3439156abd876ed9675b1,642,361
data\binary\test\no_tumor\notumor_Te-no_201.jpg,test,no_tumor,notumor,Testing/notumor/Te-no_201.jpg,3df6098c68e6a6d8ecf1ece3170dcc8c,227,262
data\binary\test\no_tumor\notumor_Te-no_202.jpg,test,no_tumor,notumor,Testing/notumor/Te-no_202.jpg,166328f05d1fbcf37b69bf0aec339bba,225,225
data\binary\test\no_tumor\notumor_Te-no_203.jpg,test,no_tumor,notumor,Testing/notumor/Te-no_203.jpg,54d0d0f1929a7f06eca204e44035c32a,225,225
data\binary\test\no_tumor\notumor_Te-no_204.jpg,test,no_tumor,notumor,Testing/notumor/Te-no_204.jpg,7da28622205508b79ffd2edf649f82c2,380,530
data\binary\test\no_tumor\notumor_Te-no_205.jpg,test,no_tumor,notumor,Testing/notumor/Te-no_205.jpg,0b668248e3bee4060194089811f1166d,232,217
data\binary\test\no_tumor\notumor_Te-no_206.jpg,test,no_tumor,notumor,Testing/notumor/Te-no_206.jpg,5a8ba4099b7d1d9cd736c760daf5bf7c,504,540
data\binary\test\no_tumor\notumor_Te-no_207.jpg,test,no_tumor,notumor,Testing/notumor/Te-no_207.jpg,50a754556503b383b3218919204230f3,225,225
data\binary\test\no_tumor\notumor_Te-no_208.jpg,test,no_tumor,notumor,Testing/notumor/Te-no_208.jpg,ea6446c04cbc5ece204f24ca7181c3ea,225,225
data\binary\test\no_tumor\notumor_Te-no_209.jpg,test,no_tumor,notumor,Testing/notumor/Te-no_209.jpg,12e3942687e7bc174f7544b6780bb5ed,225,225
data\binary\test\no_tumor\notumor_Te-no_21.jpg,test,no_tumor,notumor,Testing/notumor/Te-no_21.jpg,31e0ec1fb819a391d8575c399fc27f95,225,225
data\binary\test\no_tumor\notumor_Te-no_210.jpg,test,no_tumor,notumor,Testing/notumor/Te-no_210.jpg,b0655e97be2fb5181eb43a1c9e1596eb,642,361
data\binary\test\no_tumor\notumor_Te-no_211.jpg,test,no_tumor,notumor,Testing/notumor/Te-no_211.jpg,2d094f7ae366d85c7f994e75f27a10e4,428,417
data\binary\test\no_tumor\notumor_Te-no_212.jpg,test,no_tumor,notumor,Testing/notumor/Te-no_212.jpg,d74b59dcc3418699270b3169ff824145,225,225
data\binary\test\no_tumor\notumor_Te-no_213.jpg,test,no_tumor,notumor,Testing/notumor/Te-no_213.jpg,1ddeee7e546dfa3003255a800a489d63,225,225
data\binary\test\no_tumor\notumor_Te-no_214.jpg,test,no_tumor,notumor,Testing/notumor/Te-no_214.jpg,4b0b2425057ff2bd1e3e40cdf66f6a1b,276,326
data\binary\test\no_tumor\notumor_Te-no_215.jpg,test,no_tumor,notumor,Testing/notumor/Te-no_215.jpg,e53c1890fa72bfcf22cd9252d5be4334,236,213
data\binary\test\no_tumor\notumor_Te-no_216.jpg,test,no_tumor,notumor,Testing/notumor/Te-no_216.jpg,f95a401781ac799b2f9d7d024b536c9d,200,252
data\binary\test\no_tumor\notumor_Te-no_217.jpg,test,no_tumor,notumor,Testing/notumor/Te-no_217.jpg,59733eeb4ccf1f045d6256367a33affb,300,168
data\binary\test\no_tumor\notumor_Te-no_218.jpg,test,no_tumor,notumor,Testing/notumor/Te-no_218.jpg,a24258e69bcf1bbbbc58a70ea7fcbe0e,206,244
data\binary\test\no_tumor\notumor_Te-no_219.jpg,test,no_tumor,notumor,Testing/notumor/Te-no_219.jpg,56c7f7efeca7648c0c36a5c3f303bed6,194,259
data\binary\test\no_tumor\notumor_Te-no_22.jpg,test,no_tumor,notumor,Testing/notumor/Te-no_22.jpg,9986b9ebe8b394bff641df66877e3401,235,214
data\binary\test\no_tumor\notumor_Te-no_220.jpg,test,no_tumor,notumor,Testing/notumor/Te-no_220.jpg,66111495c49b65911b1f4b4a811d9f6a,350,393
data\binary\test\no_tumor\notumor_Te-no_221.jpg,test,no_tumor,notumor,Testing/notumor/Te-no_221.jpg,a25221bc74fbe6d012a516dc6f6553f1,380,530
data\binary\test\no_tumor\notumor_Te-no_222.jpg,test,no_tumor,notumor,Testing/notumor/Te-no_222.jpg,055fef60413800ae281f419ff64a5fa2,232,217
data\binary\test\no_tumor\notumor_Te-no_223.jpg,test,no_tumor,notumor,Testing/notumor/Te-no_223.jpg,adf705dd8d0a87d5d756683601bf6dff,630,630
data\binary\test\no_tumor\notumor_Te-no_224.jpg,test,no_tumor,notumor,Testing/notumor/Te-no_224.jpg,53c9a743da19e08f7bd5f0c39d8596ce,225,225
data\binary\test\no_tumor\notumor_Te-no_225.jpg,test,no_tumor,notumor,Testing/notumor/Te-no_225.jpg,f88d0fa3ff45a8980af53bf252a19af2,512,512
data\binary\test\no_tumor\notumor_Te-no_226.jpg,test,no_tumor,notumor,Testing/notumor/Te-no_226.jpg,364bd6a0e1a073675a121bcaa7a2ef78,207,243
data\binary\test\no_tumor\notumor_Te-no_227.jpg,test,no_tumor,notumor,Testing/notumor/Te-no_227.jpg,14f6efe08d3b9ad4d94f6b04e2bca7b3,225,225
data\binary\test\no_tumor\notumor_Te-no_228.jpg,test,no_tumor,notumor,Testing/notumor/Te-no_228.jpg,77f9ff2acf02f0c527924d941f6d9b74,235,214
data\binary\test\no_tumor\notumor_Te-no_229.jpg,test,no_tumor,notumor,Testing/notumor/Te-no_229.jpg,b555477c9362d4f3ca33a90a22c7618d,215,234
data\binary\test\no_tumor\notumor_Te-no_23.jpg,test,no_tumor,notumor,Testing/notumor/Te-no_23.jpg,4be887c4526854146d8acf7ed10711ee,192,192
data\binary\test\no_tumor\notumor_Te-no_230.jpg,test,no_tumor,notumor,Testing/notumor/Te-no_230.jpg,2ead675cef596cea4daf77f62dfa710a,420,280
data\binary\test\no_tumor\notumor_Te-no_231.jpg,test,no_tumor,notumor,Testing/notumor/Te-no_231.jpg,99a7ee37a8e64129a5f8700f7d1ea9af,630,630
data\binary\test\no_tumor\notumor_Te-no_232.jpg,test,no_tumor,notumor,Testing/notumor/Te-no_232.jpg,959e9820d8b70bc28e6fa929d5dcaea0,359,449
data\binary\test\no_tumor\notumor_Te-no_233.jpg,test,no_tumor,notumor,Testing/notumor/Te-no_233.jpg,ae6093bd71f56e20374a8ca280216ce7,201,251
data\binary\test\no_tumor\notumor_Te-no_234.jpg,test,no_tumor,notumor,Testing/notumor/Te-no_234.jpg,a582ea641fe855ba06c61d706ade4479,200,252
data\binary\test\no_tumor\notumor_Te-no_235.jpg,test,no_tumor,notumor,Testing/notumor/Te-no_235.jpg,faa8d99cf064de1f4fc3abb4b312f244,227,222
data\binary\test\no_tumor\notumor_Te-no_236.jpg,test,no_tumor,notumor,Testing/notumor/Te-no_236.jpg,24e9fd121e9244e57a7d4f5933304b7f,225,225
data\binary\test\no_tumor\notumor_Te-no_237.jpg,test,no_tumor,notumor,Testing/notumor/Te-no_237.jpg,7ab4dce4445ab9e4ab98175e639be57b,232,217
data\binary\test\no_tumor\notumor_Te-no_238.jpg,test,no_tumor,notumor,Testing/notumor/Te-no_238.jpg,fe5c01e28966296d5a4f1d01496ffb69,225,225
data\binary\test\no_tumor\notumor_Te-no_239.jpg,test,no_tumor,notumor,Testing/notumor/Te-no_239.jpg,b6fde06125916629e6db66b5b9678c01,206,244
data\binary\test\no_tumor\notumor_Te-no_24.jpg,test,no_tumor,notumor,Testing/notumor/Te-no_24.jpg,05a396ae1d56301398bceac817614cfb,227,222
data\binary\test\no_tumor\notumor_Te-no_240.jpg,test,no_tumor,notumor,Testing/notumor/Te-no_240.jpg,c934276b7ca3276ac8db7cefa6446d19,393,400
data\binary\test\no_tumor\notumor_Te-no_241.jpg,test,no_tumor,notumor,Testing/notumor/Te-no_241.jpg,67ab62e5a4ec65134bb929c16bc2bcad,232,217
data\binary\test\no_tumor\notumor_Te-no_242.jpg,test,no_tumor,notumor,Testing/notumor/Te-no_242.jpg,ab55fa6719ea8e056bf2e60463897e42,225,225
data\binary\test\no_tumor\notumor_Te-no_243.jpg,test,no_tumor,notumor,Testing/notumor/Te-no_243.jpg,789860409296564d02f27b5653b1fac6,227,222
data\binary\test\no_tumor\notumor_Te-no_244.jpg,test,no_tumor,notumor,Testing/notumor/Te-no_244.jpg,8979c0f91b4b28f4492712fab9e995bc,225,225
data\binary\test\no_tumor\notumor_Te-no_245.jpg,test,no_tumor,notumor,Testing/notumor/Te-no_245.jpg,03c72d7bab78c70418230106684f1ce5,400,442
data\binary\test\no_tumor\notumor_Te-no_246.jpg,test,no_tumor,notumor,Testing/notumor/Te-no_246.jpg,aa6da115b688a8ac8b208dc91d89776a,630,630
data\binary\test\no_tumor\notumor_Te-no_247.jpg,test,no_tumor,notumor,Testing/notumor/Te-no_247.jpg,5202aa0e6bfe151af63c3e3e9d0b31ff,194,259
data\binary\test\no_tumor\notumor_Te-no_248.jpg,test,no_tumor,notumor,Testing/notumor/Te-no_248.jpg,8e3e7c2cb60053515fab12bd6720ef0a,630,630
data\binary\test\no_tumor\notumor_Te-no_249.jpg,test,no_tumor,notumor,Testing/notumor/Te-no_249.jpg,293874a7364d32d1d5c86e75984cdcef,225,225
data\binary\test\no_tumor\notumor_Te-no_25.jpg,test,no_tumor,notumor,Testing/notumor/Te-no_25.jpg,88cfa1b405e0072469601186b25e90fd,227,222
data\binary\test\no_tumor\notumor_Te-no_250.jpg,test,no_tumor,notumor,Testing/notumor/Te-no_250.jpg,bc1dc6695f5e54cf9a61b4edf8203376,232,217
data\binary\test\no_tumor\notumor_Te-no_251.jpg,test,no_tumor,notumor,Testing/notumor/Te-no_251.jpg,60dec7adda3ca9d328ab428349604576,214,236
data\binary\test\no_tumor\notumor_Te-no_252.jpg,test,no_tumor,notumor,Testing/notumor/Te-no_252.jpg,41b4f65fd85deb967817cf5a5a15355e,442,442
data\binary\test\no_tumor\notumor_Te-no_253.jpg,test,no_tumor,notumor,Testing/notumor/Te-no_253.jpg,e012842d5bbbb3fc8782013662334d45,201,251
data\binary\test\no_tumor\notumor_Te-no_254.jpg,test,no_tumor,notumor,Testing/notumor/Te-no_254.jpg,b38ad0d8cf2c46f9ff6b0fc491c5a786,225,225
data\binary\test\no_tumor\notumor_Te-no_255.jpg,test,no_tumor,notumor,Testing/notumor/Te-no_255.jpg,e52c672c2ff7b3c701bde8a8e9cc804d,218,231
data\binary\test\no_tumor\notumor_Te-no_256.jpg,test,no_tumor,notumor,Testing/notumor/Te-no_256.jpg,f2623e246fd1e1f5808f026b369549ab,630,630
data\binary\test\no_tumor\notumor_Te-no_257.jpg,test,no_tumor,notumor,Testing/notumor/Te-no_257.jpg,a2c9b3c85b06bdfdf8d2945af96925bd,225,225
data\binary\test\no_tumor\notumor_Te-no_258.jpg,test,no_tumor,notumor,Testing/notumor/Te-no_258.jpg,45edfc28378d730f7a1dddb63424bb44,225,225
data\binary\test\no_tumor\notumor_Te-no_259.jpg,test,no_tumor,notumor,Testing/notumor/Te-no_259.jpg,5b7b6ffd74329ddaf2bbfb92c425f5e4,232,217
data\binary\test\no_tumor\notumor_Te-no_26.jpg,test,no_tumor,notumor,Testing/notumor/Te-no_26.jpg,7f96089f52715e573674d5c08964feee,442,442
data\binary\test\no_tumor\notumor_Te-no_260.jpg,test,no_tumor,notumor,Testing/notumor/Te-no_260.jpg,8942572b970227ab4e416d6d39168459,225,225
data\binary\test\no_tumor\notumor_Te-no_261.jpg,test,no_tumor,notumor,Testing/notumor/Te-no_261.jpg,1c4f026757df66e0442aa1589a5fe424,225,225
data\binary\test\no_tumor\notumor_Te-no_262.jpg,test,no_tumor,notumor,Testing/notumor/Te-no_262.jpg,19367f7c669c639e18ab14257ab61d23,173,201
data\binary\test\no_tumor\notumor_Te-no_263.jpg,test,no_tumor,notumor,Testing/notumor/Te-no_263.jpg,ba6e7501ab38c4d0f551b0abf2a3bfd6,227,262
data\binary\test\no_tumor\notumor_Te-no_264.jpg,test,no_tumor,notumor,Testing/notumor/Te-no_264.jpg,ab2d5acfa60f4557dcf35ba0a9976b01,201,251
data\binary\test\no_tumor\notumor_Te-no_265.jpg,test,no_tumor,notumor,Testing/notumor/Te-no_265.jpg,9d2db0d280ef098c73ae9e421b862d00,212,238
data\binary\test\no_tumor\notumor_Te-no_266.jpg,test,no_tumor,notumor,Testing/notumor/Te-no_266.jpg,2d0bd78365eef52b5132fef868e57362,225,225
data\binary\test\no_tumor\notumor_Te-no_267.jpg,test,no_tumor,notumor,Testing/notumor/Te-no_267.jpg,59c81b7ba29b994e5b855d7f2bfc3bb5,150,198
data\binary\test\no_tumor\notumor_Te-no_268.jpg,test,no_tumor,notumor,Testing/notumor/Te-no_268.jpg,194a399bd77eba4cd2e7acef5d03654b,201,251
data\binary\test\no_tumor\notumor_Te-no_269.jpg,test,no_tumor,notumor,Testing/notumor/Te-no_269.jpg,a8cd00add32b5ce72d0cdf7dc2fee275,206,244
data\binary\test\no_tumor\notumor_Te-no_27.jpg,test,no_tumor,notumor,Testing/notumor/Te-no_27.jpg,7b91c39b9dad5edfc81871dc4daf4068,194,259
data\binary\test\no_tumor\notumor_Te-no_270.jpg,test,no_tumor,notumor,Testing/notumor/Te-no_270.jpg,8ed5b1ff12a8ea493cce61d5e0cbe6f5,276,326
data\binary\test\no_tumor\notumor_Te-no_271.jpg,test,no_tumor,notumor,Testing/notumor/Te-no_271.jpg,8edaaea0078f0511fd48696d4983a09f,630,630
data\binary\test\no_tumor\notumor_Te-no_272.jpg,test,no_tumor,notumor,Testing/notumor/Te-no_272.jpg,656e51cb5713aa5e5dc44c65b5e787e0,228,221
data\binary\test\no_tumor\notumor_Te-no_273.jpg,test,no_tumor,notumor,Testing/notumor/Te-no_273.jpg,6df3b2f5749cfab6a480fe39876b9fe2,208,242
data\binary\test\no_tumor\notumor_Te-no_274.jpg,test,no_tumor,notumor,Testing/notumor/Te-no_274.jpg,27a0f32ecb31a5c7221b31d4bcd5e1bf,300,168
data\binary\test\no_tumor\notumor_Te-no_275.jpg,test,no_tumor,notumor,Testing/notumor/Te-no_275.jpg,f22c2ab34c4c31533be89a379ba42227,225,225
data\binary\test\no_tumor\notumor_Te-no_276.jpg,test,no_tumor,notumor,Testing/notumor/Te-no_276.jpg,77eeda09a8046c004c960b9ab7021a83,630,630
data\binary\test\no_tumor\notumor_Te-no_277.jpg,test,no_tumor,notumor,Testing/notumor/Te-no_277.jpg,447e1c550e97ea74fa43d3649f10d619,177,197
data\binary\test\no_tumor\notumor_Te-no_278.jpg,test,no_tumor,notumor,Testing/notumor/Te-no_278.jpg,1a139439e0ffa04691902f26a61222c3,359,449
data\binary\test\no_tumor\notumor_Te-no_279.jpg,test,no_tumor,notumor,Testing/notumor/Te-no_279.jpg,44f82f71b39981d4af631029e58b9c84,200,252
data\binary\test\no_tumor\notumor_Te-no_28.jpg,test,no_tumor,notumor,Testing/notumor/Te-no_28.jpg,75876c212e0be42d92eaa62568a40032,225,225
data\binary\test\no_tumor\notumor_Te-no_280.jpg,test,no_tumor,notumor,Testing/notumor/Te-no_280.jpg,36e99f6c0cd1c3987fd7a04da793e757,208,242
data\binary\test\no_tumor\notumor_Te-no_281.jpg,test,no_tumor,notumor,Testing/notumor/Te-no_281.jpg,e5680290c89bd57406e32962c7022432,206,244
data\binary\test\no_tumor\notumor_Te-no_282.jpg,test,no_tumor,notumor,Testing/notumor/Te-no_282.jpg,181903128aaf7ed59dadefdec591bafa,225,225
data\binary\test\no_tumor\notumor_Te-no_283.jpg,test,no_tumor,notumor,Testing/notumor/Te-no_283.jpg,3891725dec8d2288e221dc909bcbfead,201,251
data\binary\test\no_tumor\notumor_Te-no_284.jpg,test,no_tumor,notumor,Testing/notumor/Te-no_284.jpg,2f463ff1aee696458ca62edf8111d4c7,225,225
data\binary\test\no_tumor\notumor_Te-no_285.jpg,test,no_tumor,notumor,Testing/notumor/Te-no_285.jpg,32708b1590ac46d85856257c7ca3c50f,225,225
data\binary\test\no_tumor\notumor_Te-no_286.jpg,test,no_tumor,notumor,Testing/notumor/Te-no_286.jpg,579471478aa28e928392b7176f15a7f2,232,217
data\binary\test\no_tumor\notumor_Te-no_287.jpg,test,no_tumor,notumor,Testing/notumor/Te-no_287.jpg,bb9479d8dc09976c5d9d5964a87d95ac,192,192
data\binary\test\no_tumor\notumor_Te-no_288.jpg,test,no_tumor,notumor,Testing/notumor/Te-no_288.jpg,9d99ba510d3438f6eda840b1dfaf3dac,235,214
data\binary\test\no_tumor\notumor_Te-no_289.jpg,test,no_tumor,notumor,Testing/notumor/Te-no_289.jpg,71c96a400964d0a6816ac7787019bf5c,207,243
data\binary\test\no_tumor\notumor_Te-no_29.jpg,test,no_tumor,notumor,Testing/notumor/Te-no_29.jpg,90fcd42d3a837f32e56ff239e3dc868b,300,168
data\binary\test\no_tumor\notumor_Te-no_290.jpg,test,no_tumor,notumor,Testing/notumor/Te-no_290.jpg,96317639fb01658fe6317fe244d56614,225,225
data\binary\test\no_tumor\notumor_Te-no_291.jpg,test,no_tumor,notumor,Testing/notumor/Te-no_291.jpg,192ca3501f1adda8e10d06a17b2b4a86,228,221
data\binary\test\no_tumor\notumor_Te-no_292.jpg,test,no_tumor,notumor,Testing/notumor/Te-no_292.jpg,a1332dc1c7263c4c47c94cca1a2e3a11,201,250
data\binary\test\no_tumor\notumor_Te-no_293.jpg,test,no_tumor,notumor,Testing/notumor/Te-no_293.jpg,53c30adbc5ba86d98baee051f00e3b18,550,664
data\binary\test\no_tumor\notumor_Te-no_294.jpg,test,no_tumor,notumor,Testing/notumor/Te-no_294.jpg,5fed330cbdc0fab890a431995c01e4ec,227,262
data\binary\test\no_tumor\notumor_Te-no_295.jpg,test,no_tumor,notumor,Testing/notumor/Te-no_295.jpg,b2db7c514c34d9351f31a63c5d6f062a,228,221
data\binary\test\no_tumor\notumor_Te-no_296.jpg,test,no_tumor,notumor,Testing/notumor/Te-no_296.jpg,424bb26cbc0c7a9df6cf42b901cba732,173,201
data\binary\test\no_tumor\notumor_Te-no_297.jpg,test,no_tumor,notumor,Testing/notumor/Te-no_297.jpg,f348fdfc7366c2374c1118959f076288,200,252
data\binary\test\no_tumor\notumor_Te-no_298.jpg,test,no_tumor,notumor,Testing/notumor/Te-no_298.jpg,3e80f229c024466ce6442750d921fb35,642,361
data\binary\test\no_tumor\notumor_Te-no_299.jpg,test,no_tumor,notumor,Testing/notumor/Te-no_299.jpg,5be90e7a728eae19ddb597dd4e2f467b,228,221
data\binary\test\no_tumor\notumor_Te-no_3.jpg,test,no_tumor,notumor,Testing/notumor/Te-no_3.jpg,da478b975a00ffef5546997494117463,208,242
data\binary\test\no_tumor\notumor_Te-no_30.jpg,test,no_tumor,notumor,Testing/notumor/Te-no_30.jpg,c63171b97ebdc8fddb2369ed4e0f108e,300,168
data\binary\test\no_tumor\notumor_Te-no_300.jpg,test,no_tumor,notumor,Testing/notumor/Te-no_300.jpg,3ff0ff2fe639f61540713d24834eb8c1,150,198
data\binary\test\no_tumor\notumor_Te-no_301.jpg,test,no_tumor,notumor,Testing/notumor/Te-no_301.jpg,77991d8d0fa5c64b6fd2f555e45112e2,208,242
data\binary\test\no_tumor\notumor_Te-no_302.jpg,test,no_tumor,notumor,Testing/notumor/Te-no_302.jpg,a2fbdb1c68768c0d97d0b1b18ff6dc2d,150,198
data\binary\test\no_tumor\notumor_Te-no_303.jpg,test,no_tumor,notumor,Testing/notumor/Te-no_303.jpg,e03db20d5df487d520223d6a4c1b5d00,227,222
data\binary\test\no_tumor\notumor_Te-no_304.jpg,test,no_tumor,notumor,Testing/notumor/Te-no_304.jpg,d42afe27bf77aa2dbb4bd9fcbfa6e7d4,150,198
data\binary\test\no_tumor\notumor_Te-no_305.jpg,test,no_tumor,notumor,Testing/notumor/Te-no_305.jpg,8052f5b49b4de2ef3b164db163b328df,225,225
data\binary\test\no_tumor\notumor_Te-no_306.jpg,test,no_tumor,notumor,Testing/notumor/Te-no_306.jpg,d83c7132cad32abadf99dd914c4d020a,642,361
data\binary\test\no_tumor\notumor_Te-no_307.jpg,test,no_tumor,notumor,Testing/notumor/Te-no_307.jpg,35974ccd7c3691a1256ddaa46eb71538,400,442
data\binary\test\no_tumor\notumor_Te-no_308.jpg,test,no_tumor,notumor,Testing/notumor/Te-no_308.jpg,5306bc99aa7e67441ff55a59cedd07a5,208,242
data\binary\test\no_tumor\notumor_Te-no_309.jpg,test,no_tumor,notumor,Testing/notumor/Te-no_309.jpg,b6c434e3ac10aff8e2eb511c990bb227,512,512
data\binary\test\no_tumor\notumor_Te-no_31.jpg,test,no_tumor,notumor,Testing/notumor/Te-no_31.jpg,9d8929d799a4c05c7060c11e132aec2a,468,444
data\binary\test\no_tumor\notumor_Te-no_310.jpg,test,no_tumor,notumor,Testing/notumor/Te-no_310.jpg,29cb422336a76cd92f949be508c4dc72,468,444
data\binary\test\no_tumor\notumor_Te-no_311.jpg,test,no_tumor,notumor,Testing/notumor/Te-no_311.jpg,a71b1bff3f25d0374c0e4c6ad03333cd,228,221
data\binary\test\no_tumor\notumor_Te-no_312.jpg,test,no_tumor,notumor,Testing/notumor/Te-no_312.jpg,597f9f9757570809c016f3d8a459dffc,228,221
data\binary\test\no_tumor\notumor_Te-no_313.jpg,test,no_tumor,notumor,Testing/notumor/Te-no_313.jpg,cabaf9584eaefeb7e4958025cdaef828,228,221
data\binary\test\no_tumor\notumor_Te-no_314.jpg,test,no_tumor,notumor,Testing/notumor/Te-no_314.jpg,36b20f02394e67b930802b8d3f99cf0a,225,225
data\binary\test\no_tumor\notumor_Te-no_315.jpg,test,no_tumor,notumor,Testing/notumor/Te-no_315.jpg,91f231be028a4fbf0e246fdba57ea727,236,236
data\binary\test\no_tumor\notumor_Te-no_316.jpg,test,no_tumor,notumor,Testing/notumor/Te-no_316.jpg,d94b1884c1770e7218ec26f167e82683,442,454
data\binary\test\no_tumor\notumor_Te-no_317.jpg,test,no_tumor,notumor,Testing/notumor/Te-no_317.jpg,99018718469d3b5bb5a349befb6fb9d4,232,217
data\binary\test\no_tumor\notumor_Te-no_318.jpg,test,no_tumor,notumor,Testing/notumor/Te-no_318.jpg,dd8ca43babe5f9ce0b5c9303fdaeb14c,227,262
data\binary\test\no_tumor\notumor_Te-no_319.jpg,test,no_tumor,notumor,Testing/notumor/Te-no_319.jpg,bd74ef77b5a77ddddd5fe2f7c4b5683c,300,168
data\binary\test\no_tumor\notumor_Te-no_32.jpg,test,no_tumor,notumor,Testing/notumor/Te-no_32.jpg,b052093b3142325b6c8f2aca969a6fbc,228,221
data\binary\test\no_tumor\notumor_Te-no_320.jpg,test,no_tumor,notumor,Testing/notumor/Te-no_320.jpg,882a67e16c64ce8b66ca667138537843,207,243
data\binary\test\no_tumor\notumor_Te-no_321.jpg,test,no_tumor,notumor,Testing/notumor/Te-no_321.jpg,d2287f359692e784685872b2d444f367,200,252
data\binary\test\no_tumor\notumor_Te-no_322.jpg,test,no_tumor,notumor,Testing/notumor/Te-no_322.jpg,b64b855f9b08863368cf1de7e6f3f01c,359,449
data\binary\test\no_tumor\notumor_Te-no_323.jpg,test,no_tumor,notumor,Testing/notumor/Te-no_323.jpg,321ba409133b50c2d4822547af160a0b,359,449
data\binary\test\no_tumor\notumor_Te-no_324.jpg,test,no_tumor,notumor,Testing/notumor/Te-no_324.jpg,4669e4e9a3f2b1e119656b1251fde0bd,201,251
data\binary\test\no_tumor\notumor_Te-no_325.jpg,test,no_tumor,notumor,Testing/notumor/Te-no_325.jpg,793a873f7004ef17e612dcc0001eef83,228,221
data\binary\test\no_tumor\notumor_Te-no_326.jpg,test,no_tumor,notumor,Testing/notumor/Te-no_326.jpg,3f11b4a966682a5b0d99696a5750fc80,225,225
data\binary\test\no_tumor\notumor_Te-no_327.jpg,test,no_tumor,notumor,Testing/notumor/Te-no_327.jpg,3d27efca6b0e8aac3b04c19c8a8dd7af,227,222
data\binary\test\no_tumor\notumor_Te-no_328.jpg,test,no_tumor,notumor,Testing/notumor/Te-no_328.jpg,eeab1e7013fdb78e17ce9090c409d429,232,217
data\binary\test\no_tumor\notumor_Te-no_329.jpg,test,no_tumor,notumor,Testing/notumor/Te-no_329.jpg,720615130a7529578897212ee665b053,227,222
data\binary\test\no_tumor\notumor_Te-no_33.jpg,test,no_tumor,notumor,Testing/notumor/Te-no_33.jpg,9b5d9d7d1bfa2e8417d7c7d6bc78bc00,225,225
data\binary\test\no_tumor\notumor_Te-no_330.jpg,test,no_tumor,notumor,Testing/notumor/Te-no_330.jpg,9da1d306cc6ce693011b088cf05aad1a,442,442
data\binary\test\no_tumor\notumor_Te-no_331.jpg,test,no_tumor,notumor,Testing/notumor/Te-no_331.jpg,c9c0854bf1f73dcb577d3b05cba38609,393,400
data\binary\test\no_tumor\notumor_Te-no_332.jpg,test,no_tumor,notumor,Testing/notumor/Te-no_332.jpg,dda6130b780e92b11817de3cee29404d,200,252
data\binary\test\no_tumor\notumor_Te-no_333.jpg,test,no_tumor,notumor,Testing/notumor/Te-no_333.jpg,825ca1e20999b4c7a8261214613e9d63,225,225
data\binary\test\no_tumor\notumor_Te-no_334.jpg,test,no_tumor,notumor,Testing/notumor/Te-no_334.jpg,77a2812ec4098efe517db78e91f440de,225,225
data\binary\test\no_tumor\notumor_Te-no_335.jpg,test,no_tumor,notumor,Testing/notumor/Te-no_335.jpg,4d1abcd1d2db4eae2d61c9924393ba3e,214,236
data\binary\test\no_tumor\notumor_Te-no_336.jpg,test,no_tumor,notumor,Testing/notumor/Te-no_336.jpg,1f949d4c1669edccb9133487b629ae5e,428,417
data\binary\test\no_tumor\notumor_Te-no_337.jpg,test,no_tumor,notumor,Testing/notumor/Te-no_337.jpg,602189fef9334f61bdc31615b021d466,225,225
data\binary\test\no_tumor\notumor_Te-no_338.jpg,test,no_tumor,notumor,Testing/notumor/Te-no_338.jpg,a9f8abb969de54e2908d44023505ed80,359,449
data\binary\test\no_tumor\notumor_Te-no_339.jpg,test,no_tumor,notumor,Testing/notumor/Te-no_339.jpg,ff912bb0c3dc7bb4696df91906b8c11b,630,630
data\binary\test\no_tumor\notumor_Te-no_34.jpg,test,no_tumor,notumor,Testing/notumor/Te-no_34.jpg,53e160d8dfd284743286127636d78068,400,442
data\binary\test\no_tumor\notumor_Te-no_340.jpg,test,no_tumor,notumor,Testing/notumor/Te-no_340.jpg,e36e0cb0906a39cdc4986a23c8deb8fc,207,243
data\binary\test\no_tumor\notumor_Te-no_341.jpg,test,no_tumor,notumor,Testing/notumor/Te-no_341.jpg,902c019c63fff4b9c921455ca19c1297,177,197
data\binary\test\no_tumor\notumor_Te-no_342.jpg,test,no_tumor,notumor,Testing/notumor/Te-no_342.jpg,6b5e451e5f1ed86b0607ccdd07140082,642,361
data\binary\test\no_tumor\notumor_Te-no_343.jpg,test,no_tumor,notumor,Testing/notumor/Te-no_343.jpg,d8615b07ec3b8281d016a1354f0f3280,208,242
data\binary\test\no_tumor\notumor_Te-no_344.jpg,test,no_tumor,notumor,Testing/notumor/Te-no_344.jpg,ec5f5f4d513a3803eafc8436d0ffb988,630,630
data\binary\test\no_tumor\notumor_Te-no_345.jpg,test,no_tumor,notumor,Testing/notumor/Te-no_345.jpg,1d1d690ae2a7d950e3e6ff5accb0cc19,225,225
data\binary\test\no_tumor\notumor_Te-no_346.jpg,test,no_tumor,notumor,Testing/notumor/Te-no_346.jpg,9e23d347322bfa53a609d1c659dcedac,232,217
data\binary\test\no_tumor\notumor_Te-no_347.jpg,test,no_tumor,notumor,Testing/notumor/Te-no_347.jpg,fd35749ebbfebb85ef04e2514eff3c0f,212,238
data\binary\test\no_tumor\notumor_Te-no_348.jpg,test,no_tumor,notumor,Testing/notumor/Te-no_348.jpg,2fbcac3304662994d71bec1ec41b5a31,194,259
data\binary\test\no_tumor\notumor_Te-no_349.jpg,test,no_tumor,notumor,Testing/notumor/Te-no_349.jpg,c89721074c17bb093329351d9f0463d3,300,168
data\binary\test\no_tumor\notumor_Te-no_35.jpg,test,no_tumor,notumor,Testing/notumor/Te-no_35.jpg,6f08bbc48bfbf5533cf94ccd6c386ea8,201,251
data\binary\test\no_tumor\notumor_Te-no_350.jpg,test,no_tumor,notumor,Testing/notumor/Te-no_350.jpg,4512165784b5e088acb2227bbec2ec2b,207,243
data\binary\test\no_tumor\notumor_Te-no_351.jpg,test,no_tumor,notumor,Testing/notumor/Te-no_351.jpg,e6ef7d7e5bbcaccbbac069facb211d28,225,225
data\binary\test\no_tumor\notumor_Te-no_352.jpg,test,no_tumor,notumor,Testing/notumor/Te-no_352.jpg,d1a4082eccd0eb7f37aac12ea759b73a,300,168
data\binary\test\no_tumor\notumor_Te-no_353.jpg,test,no_tumor,notumor,Testing/notumor/Te-no_353.jpg,e5c66b576c153abacc99cd3a736e1eda,441,442
data\binary\test\no_tumor\notumor_Te-no_354.jpg,test,no_tumor,notumor,Testing/notumor/Te-no_354.jpg,bf134f48020426a8b725c2b6e8d832d9,276,326
data\binary\test\no_tumor\notumor_Te-no_355.jpg,test,no_tumor,notumor,Testing/notumor/Te-no_355.jpg,d7cf8d341776113158f564d7194aa3b1,420,280
data\binary\test\no_tumor\notumor_Te-no_356.jpg,test,no_tumor,notumor,Testing/notumor/Te-no_356.jpg,4a80a5d85befd67d3fe65f5e1a415d3d,208,242
data\binary\test\no_tumor\notumor_Te-no_357.jpg,test,no_tumor,notumor,Testing/notumor/Te-no_357.jpg,7b512ae15e893fbc4935f2631f052b8a,428,417
data\binary\test\no_tumor\notumor_Te-no_358.jpg,test,no_tumor,notumor,Testing/notumor/Te-no_358.jpg,750d24e9f377aa76af8ecd0a09146ae1,201,251
data\binary\test\no_tumor\notumor_Te-no_359.jpg,test,no_tumor,notumor,Testing/notumor/Te-no_359.jpg,a63ac9a31d3f25a8ba1506f9cbbc027e,207,243
data\binary\test\no_tumor\notumor_Te-no_36.jpg,test,no_tumor,notumor,Testing/notumor/Te-no_36.jpg,5d7cc6fd2e69bc5943b31c8ef7346fa5,227,262
data\binary\test\no_tumor\notumor_Te-no_360.jpg,test,no_tumor,notumor,Testing/notumor/Te-no_360.jpg,ddc2a8023409cc1ea1183d7ab4c2abd6,173,201
data\binary\test\no_tumor\notumor_Te-no_361.jpg,test,no_tumor,notumor,Testing/notumor/Te-no_361.jpg,57ee32ae9425c74d760e6799f981c110,275,183
data\binary\test\no_tumor\notumor_Te-no_362.jpg,test,no_tumor,notumor,Testing/notumor/Te-no_362.jpg,6e8101776a26a739f7a91e151205502f,201,251
data\binary\test\no_tumor\notumor_Te-no_363.jpg,test,no_tumor,notumor,Testing/notumor/Te-no_363.jpg,64f9aa8ade741831a1658b2914c19c19,442,442
data\binary\test\no_tumor\notumor_Te-no_364.jpg,test,no_tumor,notumor,Testing/notumor/Te-no_364.jpg,8a1010ecb6249dddb33d610e5d3ae41d,228,221
data\binary\test\no_tumor\notumor_Te-no_365.jpg,test,no_tumor,notumor,Testing/notumor/Te-no_365.jpg,ea51c1673cf167e8a4013683f4733b52,235,233
data\binary\test\no_tumor\notumor_Te-no_366.jpg,test,no_tumor,notumor,Testing/notumor/Te-no_366.jpg,21544a89d2e3bdb6c7561dab4645f23c,215,234
data\binary\test\no_tumor\notumor_Te-no_367.jpg,test,no_tumor,notumor,Testing/notumor/Te-no_367.jpg,bc8bac09dc50487854c0fb64a6e04e78,275,183
data\binary\test\no_tumor\notumor_Te-no_368.jpg,test,no_tumor,notumor,Testing/notumor/Te-no_368.jpg,1873622a744c055655c961251ebb9694,218,231
data\binary\test\no_tumor\notumor_Te-no_369.jpg,test,no_tumor,notumor,Testing/notumor/Te-no_369.jpg,5f5ee3bafde2d405383ac5139468f5f2,359,449
data\binary\test\no_tumor\notumor_Te-no_37.jpg,test,no_tumor,notumor,Testing/notumor/Te-no_37.jpg,d792ef10b28b662d7ccb250119abc4ac,150,198
data\binary\test\no_tumor\notumor_Te-no_370.jpg,test,no_tumor,notumor,Testing/notumor/Te-no_370.jpg,bf3baa247db216aedca63c2dbd1b3999,215,234
data\binary\test\no_tumor\notumor_Te-no_371.jpg,test,no_tumor,notumor,Testing/notumor/Te-no_371.jpg,5aa6cabab77a9c8ab1b1bf53b4cce6f3,504,540
data\binary\test\no_tumor\notumor_Te-no_372.jpg,test,no_tumor,notumor,Testing/notumor/Te-no_372.jpg,22c050252442286ffba7618e42863453,630,630
data\binary\test\no_tumor\notumor_Te-no_373.jpg,test,no_tumor,notumor,Testing/notumor/Te-no_373.jpg,d56919f70cd881345bc0221a487eb78e,192,192
data\binary\test\no_tumor\notumor_Te-no_374.jpg,test,no_tumor,notumor,Testing/notumor/Te-no_374.jpg,36a2e14fe1c73f7eb2ead5501377cad0,225,225
data\binary\test\no_tumor\notumor_Te-no_375.jpg,test,no_tumor,notumor,Testing/notumor/Te-no_375.jpg,f8a6de26a77dec86b6437970dd4ba335,214,236
data\binary\test\no_tumor\notumor_Te-no_376.jpg,test,no_tumor,notumor,Testing/notumor/Te-no_376.jpg,7c7d49d6d5625a862e13ad2b32ac2986,225,225
data\binary\test\no_tumor\notumor_Te-no_377.jpg,test,no_tumor,notumor,Testing/notumor/Te-no_377.jpg,33959e0a1d434cb2e8e7460bf34861b5,442,454
data\binary\test\no_tumor\notumor_Te-no_378.jpg,test,no_tumor,notumor,Testing/notumor/Te-no_378.jpg,ef20b56a08d099c96091a85b7403fbf2,235,214
data\binary\test\no_tumor\notumor_Te-no_379.jpg,test,no_tumor,notumor,Testing/notumor/Te-no_379.jpg,b2aa473c68f6162961f970171594530f,225,225
data\binary\test\no_tumor\notumor_Te-no_38.jpg,test,no_tumor,notumor,Testing/notumor/Te-no_38.jpg,ec2ffd80cb4c73034f428aa035b8e3c0,300,168
data\binary\test\no_tumor\notumor_Te-no_380.jpg,test,no_tumor,notumor,Testing/notumor/Te-no_380.jpg,c23f32eb398023363eabc5dad3a45e05,276,326
data\binary\test\no_tumor\notumor_Te-no_381.jpg,test,no_tumor,notumor,Testing/notumor/Te-no_381.jpg,b55a4315c1b7b6756a6c21f1d205b988,208,242
data\binary\test\no_tumor\notumor_Te-no_382.jpg,test,no_tumor,notumor,Testing/notumor/Te-no_382.jpg,f5da905ea09ceb8602918982b3288a75,225,225
data\binary\test\no_tumor\notumor_Te-no_383.jpg,test,no_tumor,notumor,Testing/notumor/Te-no_383.jpg,33db3edcd8744888895c0ae5b7f79c79,201,251
data\binary\test\no_tumor\notumor_Te-no_384.jpg,test,no_tumor,notumor,Testing/notumor/Te-no_384.jpg,bb54d485ac68461366392c13d8a7e3dd,275,183
data\binary\test\no_tumor\notumor_Te-no_385.jpg,test,no_tumor,notumor,Testing/notumor/Te-no_385.jpg,5819cde96124d65fc5536cff43dfbe69,200,252
data\binary\test\no_tumor\notumor_Te-no_386.jpg,test,no_tumor,notumor,Testing/notumor/Te-no_386.jpg,add51c610a02a4a73f2f40e7d75fc78d,225,225
data\binary\test\no_tumor\notumor_Te-no_387.jpg,test,no_tumor,notumor,Testing/notumor/Te-no_387.jpg,1a0975b8a2f38499b32a068f0d1f6acd,218,231
data\binary\test\no_tumor\notumor_Te-no_388.jpg,test,no_tumor,notumor,Testing/notumor/Te-no_388.jpg,31b011827c127f074cc0c3e6ee9d7851,225,225
data\binary\test\no_tumor\notumor_Te-no_389.jpg,test,no_tumor,notumor,Testing/notumor/Te-no_389.jpg,e352d2343897b0ac66ff7d000b1d3646,196,257
data\binary\test\no_tumor\notumor_Te-no_39.jpg,test,no_tumor,notumor,Testing/notumor/Te-no_39.jpg,eb6c20896a20a37db3ff1129cba76517,232,217
data\binary\test\no_tumor\notumor_Te-no_390.jpg,test,no_tumor,notumor,Testing/notumor/Te-no_390.jpg,7ce94731a86ec8f14a9ffd6286982fe6,225,225
data\binary\test\no_tumor\notumor_Te-no_391.jpg,test,no_tumor,notumor,Testing/notumor/Te-no_391.jpg,15e3be54b956a62fc9559bdbcfaed75b,225,225
data\binary\test\no_tumor\notumor_Te-no_392.jpg,test,no_tumor,notumor,Testing/notumor/Te-no_392.jpg,37093c43fe483f747604245cbc29e69c,201,251
data\binary\test\no_tumor\notumor_Te-no_393.jpg,test,no_tumor,notumor,Testing/notumor/Te-no_393.jpg,260e23c50bad1475349801b8fe6d7a74,194,259
data\binary\test\no_tumor\notumor_Te-no_394.jpg,test,no_tumor,notumor,Testing/notumor/Te-no_394.jpg,1563f06a8d31132002402ef97ddd8c28,218,231
data\binary\test\no_tumor\notumor_Te-no_395.jpg,test,no_tumor,notumor,Testing/notumor/Te-no_395.jpg,9196508eb4743f8c5dd7a9b41ba8fef7,227,222
data\binary\test\no_tumor\notumor_Te-no_396.jpg,test,no_tumor,notumor,Testing/notumor/Te-no_396.jpg,f3658e1fb7408254336fed1150bab528,227,222
data\binary\test\no_tumor\notumor_Te-no_397.jpg,test,no_tumor,notumor,Testing/notumor/Te-no_397.jpg,e051344fb60ad03aea52097c9ce0eecf,173,201
data\binary\test\no_tumor\notumor_Te-no_398.jpg,test,no_tumor,notumor,Testing/notumor/Te-no_398.jpg,93205f9f8772c90916153c243390be61,442,454
data\binary\test\no_tumor\notumor_Te-no_399.jpg,test,no_tumor,notumor,Testing/notumor/Te-no_399.jpg,e8ac157f9dc8b433b60a93e038831276,227,262
data\binary\test\no_tumor\notumor_Te-no_4.jpg,test,no_tumor,notumor,Testing/notumor/Te-no_4.jpg,e05e440b4e32a76d80eebfe95a27926f,359,449
data\binary\test\no_tumor\notumor_Te-no_40.jpg,test,no_tumor,notumor,Testing/notumor/Te-no_40.jpg,221f54464e4e24083b95bde0e1ffae56,225,225
data\binary\test\no_tumor\notumor_Te-no_400.jpg,test,no_tumor,notumor,Testing/notumor/Te-no_400.jpg,eae2c593c8e485563b5f2b5b416e07a4,468,444
data\binary\test\no_tumor\notumor_Te-no_41.jpg,test,no_tumor,notumor,Testing/notumor/Te-no_41.jpg,c431d818c590db15720136d501a20112,200,252
data\binary\test\no_tumor\notumor_Te-no_42.jpg,test,no_tumor,notumor,Testing/notumor/Te-no_42.jpg,fd9de4c6f6a7a3e835819ed355758328,225,225
data\binary\test\no_tumor\notumor_Te-no_43.jpg,test,no_tumor,notumor,Testing/notumor/Te-no_43.jpg,cda155da819704627c5b56273a2934ac,200,252
data\binary\test\no_tumor\notumor_Te-no_44.jpg,test,no_tumor,notumor,Testing/notumor/Te-no_44.jpg,601b706311864e5da18ec6c3fad933f9,173,201
data\binary\test\no_tumor\notumor_Te-no_45.jpg,test,no_tumor,notumor,Testing/notumor/Te-no_45.jpg,ee0bd7f554952f12a5150ab18723ee7e,206,244
data\binary\test\no_tumor\notumor_Te-no_46.jpg,test,no_tumor,notumor,Testing/notumor/Te-no_46.jpg,16675ee8858186475e7be1124e152080,225,225
data\binary\test\no_tumor\notumor_Te-no_47.jpg,test,no_tumor,notumor,Testing/notumor/Te-no_47.jpg,6d556e699110e6c6f56f7ea5bef9ad75,225,225
data\binary\test\no_tumor\notumor_Te-no_48.jpg,test,no_tumor,notumor,Testing/notumor/Te-no_48.jpg,45d74521f842013c8d898d6cc3305ec0,504,540
data\binary\test\no_tumor\notumor_Te-no_49.jpg,test,no_tumor,notumor,Testing/notumor/Te-no_49.jpg,1b89505b8c8468c49bf54cc7c649cd89,630,630
data\binary\test\no_tumor\notumor_Te-no_5.jpg,test,no_tumor,notumor,Testing/notumor/Te-no_5.jpg,11c02b86d9947217ab47b8b5bc3b2ee7,380,530
data\binary\test\no_tumor\notumor_Te-no_50.jpg,test,no_tumor,notumor,Testing/notumor/Te-no_50.jpg,51cb9a93ee2bc8e05884c4b05b522e87,380,530
data\binary\test\no_tumor\notumor_Te-no_51.jpg,test,no_tumor,notumor,Testing/notumor/Te-no_51.jpg,db3f1d56aba0672693b5519771fef394,235,214
data\binary\test\no_tumor\notumor_Te-no_52.jpg,test,no_tumor,notumor,Testing/notumor/Te-no_52.jpg,342a164cea95748cb5452234337bec36,230,282
data\binary\test\no_tumor\notumor_Te-no_53.jpg,test,no_tumor,notumor,Testing/notumor/Te-no_53.jpg,2cadbc87a6a215ed64aa969820d73002,206,244
data\binary\test\no_tumor\notumor_Te-no_54.jpg,test,no_tumor,notumor,Testing/notumor/Te-no_54.jpg,7f2614fe6c118d8bf7d3c6e04ac452af,215,234
data\binary\test\no_tumor\notumor_Te-no_55.jpg,test,no_tumor,notumor,Testing/notumor/Te-no_55.jpg,362a0eec7ad6aac064e247ee1d25c28e,227,262
data\binary\test\no_tumor\notumor_Te-no_56.jpg,test,no_tumor,notumor,Testing/notumor/Te-no_56.jpg,3207ab6a24bda5a4799bc6c754bf9479,228,221
data\binary\test\no_tumor\notumor_Te-no_57.jpg,test,no_tumor,notumor,Testing/notumor/Te-no_57.jpg,289c253a59fb9c6be6dc5b2284f5e28a,225,225
data\binary\test\no_tumor\notumor_Te-no_58.jpg,test,no_tumor,notumor,Testing/notumor/Te-no_58.jpg,c20c8440c94831de12643cd0407e4552,225,225
data\binary\test\no_tumor\notumor_Te-no_59.jpg,test,no_tumor,notumor,Testing/notumor/Te-no_59.jpg,419c0d5a4b827d4302b4206f8d93c70f,630,630
data\binary\test\no_tumor\notumor_Te-no_6.jpg,test,no_tumor,notumor,Testing/notumor/Te-no_6.jpg,ba2bf29637bb0f154275738a36e82218,275,183
data\binary\test\no_tumor\notumor_Te-no_60.jpg,test,no_tumor,notumor,Testing/notumor/Te-no_60.jpg,f501dfbad5aef84739d981fb635a296e,228,221
data\binary\test\no_tumor\notumor_Te-no_61.jpg,test,no_tumor,notumor,Testing/notumor/Te-no_61.jpg,be0d17bda868f6b6e6e09820590b51b5,201,251
data\binary\test\no_tumor\notumor_Te-no_62.jpg,test,no_tumor,notumor,Testing/notumor/Te-no_62.jpg,11ddd61c54cd6eb95967d4a87d172932,201,251
data\binary\test\no_tumor\notumor_Te-no_63.jpg,test,no_tumor,notumor,Testing/notumor/Te-no_63.jpg,104b9786487274e5598f1061b5d49eea,200,252
data\binary\test\no_tumor\notumor_Te-no_64.jpg,test,no_tumor,notumor,Testing/notumor/Te-no_64.jpg,6f1f2d8025598b75f2b3302030b6e0de,194,259
data\binary\test\no_tumor\notumor_Te-no_65.jpg,test,no_tumor,notumor,Testing/notumor/Te-no_65.jpg,b3b4670287b410a0acfac2fe139d9562,208,248
data\binary\test\no_tumor\notumor_Te-no_66.jpg,test,no_tumor,notumor,Testing/notumor/Te-no_66.jpg,98aec4f381b4d8c940d9f3a223312f88,642,361
data\binary\test\no_tumor\notumor_Te-no_67.jpg,test,no_tumor,notumor,Testing/notumor/Te-no_67.jpg,3e1cc603519a4a9da1ef43ec0472204e,680,680
data\binary\test\no_tumor\notumor_Te-no_68.jpg,test,no_tumor,notumor,Testing/notumor/Te-no_68.jpg,0024f3b93b100e6e322989276150906c,201,251
data\binary\test\no_tumor\notumor_Te-no_69.jpg,test,no_tumor,notumor,Testing/notumor/Te-no_69.jpg,f0e8c203237c89a4c18f758b6699d0a3,504,540
data\binary\test\no_tumor\notumor_Te-no_7.jpg,test,no_tumor,notumor,Testing/notumor/Te-no_7.jpg,8358721eda6be5431b9c877bcc23861b,218,231
data\binary\test\no_tumor\notumor_Te-no_70.jpg,test,no_tumor,notumor,Testing/notumor/Te-no_70.jpg,6ae86ffc17074023178758827fa0c8f1,225,225
data\binary\test\no_tumor\notumor_Te-no_71.jpg,test,no_tumor,notumor,Testing/notumor/Te-no_71.jpg,3b5379023a89901373b66bbf8acf6160,227,222
data\binary\test\no_tumor\notumor_Te-no_72.jpg,test,no_tumor,notumor,Testing/notumor/Te-no_72.jpg,401d57697c78a5cca6aacb664acd5640,630,630
data\binary\test\no_tumor\notumor_Te-no_73.jpg,test,no_tumor,notumor,Testing/notumor/Te-no_73.jpg,a457b1d46fcf6d08c8779304f2ec5f76,150,198
data\binary\test\no_tumor\notumor_Te-no_74.jpg,test,no_tumor,notumor,Testing/notumor/Te-no_74.jpg,7944fbb7dd13e851b687b90e230a2976,225,225
data\binary\test\no_tumor\notumor_Te-no_75.jpg,test,no_tumor,notumor,Testing/notumor/Te-no_75.jpg,6a0ca2e365a7d69ca0c9aea15a82e65f,225,225
data\binary\test\no_tumor\notumor_Te-no_76.jpg,test,no_tumor,notumor,Testing/notumor/Te-no_76.jpg,f63774ac0a08ecd609e1109381dcb407,225,225
data\binary\test\no_tumor\notumor_Te-no_77.jpg,test,no_tumor,notumor,Testing/notumor/Te-no_77.jpg,91d6d24a1a59351d45c0080930062574,236,280
data\binary\test\no_tumor\notumor_Te-no_78.jpg,test,no_tumor,notumor,Testing/notumor/Te-no_78.jpg,501b9a2d7d3c59adc53dabf321733dd8,393,400
data\binary\test\no_tumor\notumor_Te-no_79.jpg,test,no_tumor,notumor,Testing/notumor/Te-no_79.jpg,5a9fd4d5402135f7b076edcf8758cc04,228,221
data\binary\test\no_tumor\notumor_Te-no_8.jpg,test,no_tumor,notumor,Testing/notumor/Te-no_8.jpg,26795e0b1653202deba6f2685a0e9c45,420,280
data\binary\test\no_tumor\notumor_Te-no_80.jpg,test,no_tumor,notumor,Testing/notumor/Te-no_80.jpg,fce1bd4720398fe26c9b653790262067,275,183
data\binary\test\no_tumor\notumor_Te-no_81.jpg,test,no_tumor,notumor,Testing/notumor/Te-no_81.jpg,997daa1a6cc946ef9bdbb04667bbad26,400,442
data\binary\test\no_tumor\notumor_Te-no_82.jpg,test,no_tumor,notumor,Testing/notumor/Te-no_82.jpg,b9892aec5d33df27ad7449fb2020322f,225,225
data\binary\test\no_tumor\notumor_Te-no_83.jpg,test,no_tumor,notumor,Testing/notumor/Te-no_83.jpg,160ccf3ec3f133b4a627bdc40ab5067e,642,361
data\binary\test\no_tumor\notumor_Te-no_84.jpg,test,no_tumor,notumor,Testing/notumor/Te-no_84.jpg,ed664114053bf250e74531079a30359d,225,225
data\binary\test\no_tumor\notumor_Te-no_85.jpg,test,no_tumor,notumor,Testing/notumor/Te-no_85.jpg,7c7ac657140316c93e71b01396fb6b3a,428,417
data\binary\test\no_tumor\notumor_Te-no_86.jpg,test,no_tumor,notumor,Testing/notumor/Te-no_86.jpg,06f45b13ad2b776f95d1f659af31e895,680,680
data\binary\test\no_tumor\notumor_Te-no_87.jpg,test,no_tumor,notumor,Testing/notumor/Te-no_87.jpg,5a04fed3ebafc103918e2144c20c03ea,201,250
data\binary\test\no_tumor\notumor_Te-no_88.jpg,test,no_tumor,notumor,Testing/notumor/Te-no_88.jpg,301cd1d3804b5f5668366e645ad0f17b,630,630
data\binary\test\no_tumor\notumor_Te-no_89.jpg,test,no_tumor,notumor,Testing/notumor/Te-no_89.jpg,1610f15947ba4e14b8ac322877d5637c,227,222
data\binary\test\no_tumor\notumor_Te-no_9.jpg,test,no_tumor,notumor,Testing/notumor/Te-no_9.jpg,f6413f8a15c11082d9d1d67a2643c6d8,259,194
data\binary\test\no_tumor\notumor_Te-no_90.jpg,test,no_tumor,notumor,Testing/notumor/Te-no_90.jpg,ff3aefe42df9fb333f8c2ce0b17e27a5,227,222
data\binary\test\no_tumor\notumor_Te-no_91.jpg,test,no_tumor,notumor,Testing/notumor/Te-no_91.jpg,89575389489241d6181d21c0436efca8,215,234
data\binary\test\no_tumor\notumor_Te-no_92.jpg,test,no_tumor,notumor,Testing/notumor/Te-no_92.jpg,452575a847b9814148933342f47a4a90,236,270
data\binary\test\no_tumor\notumor_Te-no_93.jpg,test,no_tumor,notumor,Testing/notumor/Te-no_93.jpg,5422880f6901bb8cfcd9b6f61fa995e4,192,192
data\binary\test\no_tumor\notumor_Te-no_94.jpg,test,no_tumor,notumor,Testing/notumor/Te-no_94.jpg,70fae62f9fe55188ea842cb8eaf35830,225,225
data\binary\test\no_tumor\notumor_Te-no_95.jpg,test,no_tumor,notumor,Testing/notumor/Te-no_95.jpg,1ea5582430513379203070b07ce90b81,225,225
data\binary\test\no_tumor\notumor_Te-no_96.jpg,test,no_tumor,notumor,Testing/notumor/Te-no_96.jpg,b00cf1a49702ae4ed32a4d858e5935c2,212,238
data\binary\test\no_tumor\notumor_Te-no_97.jpg,test,no_tumor,notumor,Testing/notumor/Te-no_97.jpg,22585444511f94a755842dc081293ab5,177,197
data\binary\test\no_tumor\notumor_Te-no_98.jpg,test,no_tumor,notumor,Testing/notumor/Te-no_98.jpg,5458772da45542ac291734bd637b444f,235,214
data\binary\test\no_tumor\notumor_Te-no_99.jpg,test,no_tumor,notumor,Testing/notumor/Te-no_99.jpg,774ed316f67cf0dab1d3aa6709d74926,150,198
data\binary\test\tumor\pituitary_Te-pi_1.jpg,test,tumor,pituitary,Testing/pituitary/Te-pi_1.jpg,1f88b711ae1045e18668777b8786a90a,512,512
data\binary\test\tumor\pituitary_Te-pi_10.jpg,test,tumor,pituitary,Testing/pituitary/Te-pi_10.jpg,eba611b97eed65084bbe602d4a220826,512,512
data\binary\test\tumor\pituitary_Te-pi_100.jpg,test,tumor,pituitary,Testing/pituitary/Te-pi_100.jpg,11e76105c41ec4264697cc5f1b12cb6e,512,512
data\binary\test\tumor\pituitary_Te-pi_101.jpg,test,tumor,pituitary,Testing/pituitary/Te-pi_101.jpg,47e978374252ed34566a8c1f34a7bfcd,512,512
data\binary\test\tumor\pituitary_Te-pi_102.jpg,test,tumor,pituitary,Testing/pituitary/Te-pi_102.jpg,a83f45b8d412f67c49595df622769d44,512,512
data\binary\test\tumor\pituitary_Te-pi_103.jpg,test,tumor,pituitary,Testing/pituitary/Te-pi_103.jpg,78cc608a04fc55143a22f52e8d4d2253,512,512
data\binary\test\tumor\pituitary_Te-pi_104.jpg,test,tumor,pituitary,Testing/pituitary/Te-pi_104.jpg,221f5877ee40e36331df16016ac812c3,256,256
data\binary\test\tumor\pituitary_Te-pi_105.jpg,test,tumor,pituitary,Testing/pituitary/Te-pi_105.jpg,41fc4679a821dbd32439b8384f70a055,512,512
data\binary\test\tumor\pituitary_Te-pi_106.jpg,test,tumor,pituitary,Testing/pituitary/Te-pi_106.jpg,c7a13a9367b45f17ece68151526b21b7,512,512
data\binary\test\tumor\pituitary_Te-pi_107.jpg,test,tumor,pituitary,Testing/pituitary/Te-pi_107.jpg,ced8f7062a78c1a4673a3376b3eba3e8,512,512
data\binary\test\tumor\pituitary_Te-pi_108.jpg,test,tumor,pituitary,Testing/pituitary/Te-pi_108.jpg,b0c3d7c6f53ca5bc5db91547cfbeb960,512,512
data\binary\test\tumor\pituitary_Te-pi_109.jpg,test,tumor,pituitary,Testing/pituitary/Te-pi_109.jpg,80534302e6798d141faf57257fbf1738,512,512
data\binary\test\tumor\pituitary_Te-pi_11.jpg,test,tumor,pituitary,Testing/pituitary/Te-pi_11.jpg,ed2b6a2b11547b0062e5434ecf400b8d,512,512
data\binary\test\tumor\pituitary_Te-pi_110.jpg,test,tumor,pituitary,Testing/pituitary/Te-pi_110.jpg,199ca65700ecb7a57a6b22864f68ea97,512,512
data\binary\test\tumor\pituitary_Te-pi_111.jpg,test,tumor,pituitary,Testing/pituitary/Te-pi_111.jpg,0b57ee8da6d7ef3c601e86d82ca23a21,512,512
data\binary\test\tumor\pituitary_Te-pi_112.jpg,test,tumor,pituitary,Testing/pituitary/Te-pi_112.jpg,200c286515fcfed1b3f6dfa79d4c0f7d,512,512
data\binary\test\tumor\pituitary_Te-pi_113.jpg,test,tumor,pituitary,Testing/pituitary/Te-pi_113.jpg,e199097724831726be93c52ea1a2a5c8,512,512
data\binary\test\tumor\pituitary_Te-pi_114.jpg,test,tumor,pituitary,Testing/pituitary/Te-pi_114.jpg,e989f68cfcb6e92765adf783d9bc7817,512,512
data\binary\test\tumor\pituitary_Te-pi_115.jpg,test,tumor,pituitary,Testing/pituitary/Te-pi_115.jpg,da7cd186874f4cf1c35762fceda40b82,512,512
data\binary\test\tumor\pituitary_Te-pi_116.jpg,test,tumor,pituitary,Testing/pituitary/Te-pi_116.jpg,a22d588e22f89b4d6dc7343ad3efc16e,512,512
data\binary\test\tumor\pituitary_Te-pi_117.jpg,test,tumor,pituitary,Testing/pituitary/Te-pi_117.jpg,51daebbd29b907c558a0ce5a58d17f5d,512,512
data\binary\test\tumor\pituitary_Te-pi_118.jpg,test,tumor,pituitary,Testing/pituitary/Te-pi_118.jpg,a31ab9f92afbaa4543084c7b12151283,512,512
data\binary\test\tumor\pituitary_Te-pi_119.jpg,test,tumor,pituitary,Testing/pituitary/Te-pi_119.jpg,950aeb329dcc5ce877b0b4a5e1570774,512,512
data\binary\test\tumor\pituitary_Te-pi_12.jpg,test,tumor,pituitary,Testing/pituitary/Te-pi_12.jpg,c1fe871b84d7713a2f8f972a64868682,512,512
data\binary\test\tumor\pituitary_Te-pi_120.jpg,test,tumor,pituitary,Testing/pituitary/Te-pi_120.jpg,d9313b865aacc305d2dfab3b31f64ba9,512,512
data\binary\test\tumor\pituitary_Te-pi_121.jpg,test,tumor,pituitary,Testing/pituitary/Te-pi_121.jpg,c9186cdaaca5bec7fc578eb54497df8d,512,512
data\binary\test\tumor\pituitary_Te-pi_122.jpg,test,tumor,pituitary,Testing/pituitary/Te-pi_122.jpg,1a2fe4fdab5d0499f9206453e6eb151b,512,512
data\binary\test\tumor\pituitary_Te-pi_123.jpg,test,tumor,pituitary,Testing/pituitary/Te-pi_123.jpg,c20ecb3527b5a3e7ed19198df9bb5877,512,512
data\binary\test\tumor\pituitary_Te-pi_124.jpg,test,tumor,pituitary,Testing/pituitary/Te-pi_124.jpg,89de6099210fad2ab0992ff7698fefa4,512,512
data\binary\test\tumor\pituitary_Te-pi_125.jpg,test,tumor,pituitary,Testing/pituitary/Te-pi_125.jpg,55f108642fe5e85f9df48676b49e6315,512,512
data\binary\test\tumor\pituitary_Te-pi_126.jpg,test,tumor,pituitary,Testing/pituitary/Te-pi_126.jpg,87a8e71b43f68dfd559ad8128a53daef,512,512
data\binary\test\tumor\pituitary_Te-pi_127.jpg,test,tumor,pituitary,Testing/pituitary/Te-pi_127.jpg,6078a37d0e605b0880a35c6518422e5c,512,512
data\binary\test\tumor\pituitary_Te-pi_128.jpg,test,tumor,pituitary,Testing/pituitary/Te-pi_128.jpg,bd4c7233df10a2c3645de08d2411ea26,512,512
data\binary\test\tumor\pituitary_Te-pi_129.jpg,test,tumor,pituitary,Testing/pituitary/Te-pi_129.jpg,945ab5d05c3127cb32ea375cf16cc80a,512,512
data\binary\test\tumor\pituitary_Te-pi_13.jpg,test,tumor,pituitary,Testing/pituitary/Te-pi_13.jpg,f5d263da27d91a5cc03758f87f288060,512,512
data\binary\test\tumor\pituitary_Te-pi_130.jpg,test,tumor,pituitary,Testing/pituitary/Te-pi_130.jpg,2490f13abe047c832cca7b00e85b5242,512,512
data\binary\test\tumor\pituitary_Te-pi_131.jpg,test,tumor,pituitary,Testing/pituitary/Te-pi_131.jpg,e54ad64f02824f4b880f2d2005d145fc,512,512
data\binary\test\tumor\pituitary_Te-pi_132.jpg,test,tumor,pituitary,Testing/pituitary/Te-pi_132.jpg,9d77dc725f62f2d261c9a6df5c7bc2d5,512,512
data\binary\test\tumor\pituitary_Te-pi_133.jpg,test,tumor,pituitary,Testing/pituitary/Te-pi_133.jpg,a3f889d6f82bc52a9f95828fb265893e,512,512
data\binary\test\tumor\pituitary_Te-pi_134.jpg,test,tumor,pituitary,Testing/pituitary/Te-pi_134.jpg,049039a1201d5fc88edd0600bd27fdeb,512,512
data\binary\test\tumor\pituitary_Te-pi_135.jpg,test,tumor,pituitary,Testing/pituitary/Te-pi_135.jpg,449b792d2bbd815ea9ad0107994ff02a,512,512
data\binary\test\tumor\pituitary_Te-pi_136.jpg,test,tumor,pituitary,Testing/pituitary/Te-pi_136.jpg,0bacd5f11a3f68cea590ce6a5eb338a8,512,512
data\binary\test\tumor\pituitary_Te-pi_137.jpg,test,tumor,pituitary,Testing/pituitary/Te-pi_137.jpg,4ca4301ea29609faeb943ff494d609ec,512,512
data\binary\test\tumor\pituitary_Te-pi_138.jpg,test,tumor,pituitary,Testing/pituitary/Te-pi_138.jpg,aa8014eb76bf69ffb043dea610d9e4db,512,512
data\binary\test\tumor\pituitary_Te-pi_139.jpg,test,tumor,pituitary,Testing/pituitary/Te-pi_139.jpg,a8cbbb4223c55bb9e1a05ac07634d95c,512,512
data\binary\test\tumor\pituitary_Te-pi_14.jpg,test,tumor,pituitary,Testing/pituitary/Te-pi_14.jpg,55e2db5fadaf31e5e857f8a881ee2059,512,512
data\binary\test\tumor\pituitary_Te-pi_140.jpg,test,tumor,pituitary,Testing/pituitary/Te-pi_140.jpg,baff496ebb8766c3dca916e2704b2065,512,512
data\binary\test\tumor\pituitary_Te-pi_141.jpg,test,tumor,pituitary,Testing/pituitary/Te-pi_141.jpg,3326fd02a76cf696c9679794f3aaf14b,512,512
data\binary\test\tumor\pituitary_Te-pi_142.jpg,test,tumor,pituitary,Testing/pituitary/Te-pi_142.jpg,b7c70f6c92c9328da168ab33c1008ae7,512,512
data\binary\test\tumor\pituitary_Te-pi_143.jpg,test,tumor,pituitary,Testing/pituitary/Te-pi_143.jpg,404ee2907370bb20d02c5b6d54db89bd,512,512
data\binary\test\tumor\pituitary_Te-pi_144.jpg,test,tumor,pituitary,Testing/pituitary/Te-pi_144.jpg,4b0f102c406ca23056b1deb574c4da84,512,512
data\binary\test\tumor\pituitary_Te-pi_145.jpg,test,tumor,pituitary,Testing/pituitary/Te-pi_145.jpg,a5637d24ba4cd4c84c8ef26de03baeb9,512,512
data\binary\test\tumor\pituitary_Te-pi_146.jpg,test,tumor,pituitary,Testing/pituitary/Te-pi_146.jpg,b6354ea6c32c624acedbb91e0f15a328,512,512
data\binary\test\tumor\pituitary_Te-pi_147.jpg,test,tumor,pituitary,Testing/pituitary/Te-pi_147.jpg,0d9ff7ea1d311df72760381356ba7fbc,512,512
data\binary\test\tumor\pituitary_Te-pi_148.jpg,test,tumor,pituitary,Testing/pituitary/Te-pi_148.jpg,7f2b42c0cc40763b3758d9b2606d48db,512,512
data\binary\test\tumor\pituitary_Te-pi_149.jpg,test,tumor,pituitary,Testing/pituitary/Te-pi_149.jpg,3b315127ad0e9c644b51e6155275f3cc,512,512
data\binary\test\tumor\pituitary_Te-pi_15.jpg,test,tumor,pituitary,Testing/pituitary/Te-pi_15.jpg,06667ca4bdd357090a42acdfe470e9b1,512,512
data\binary\test\tumor\pituitary_Te-pi_150.jpg,test,tumor,pituitary,Testing/pituitary/Te-pi_150.jpg,342e359eb0356b22f13baa39029f9020,512,512
data\binary\test\tumor\pituitary_Te-pi_151.jpg,test,tumor,pituitary,Testing/pituitary/Te-pi_151.jpg,51fd15609e3f9aadc7ffe61a0c63e051,512,512
data\binary\test\tumor\pituitary_Te-pi_152.jpg,test,tumor,pituitary,Testing/pituitary/Te-pi_152.jpg,dcdab27e802838f5229a39372f03d6f6,512,512
data\binary\test\tumor\pituitary_Te-pi_153.jpg,test,tumor,pituitary,Testing/pituitary/Te-pi_153.jpg,fe24172df727472dbf312c6685ae5dba,512,512
data\binary\test\tumor\pituitary_Te-pi_154.jpg,test,tumor,pituitary,Testing/pituitary/Te-pi_154.jpg,300182c362b7a5abbebbafb9586b142c,512,512
data\binary\test\tumor\pituitary_Te-pi_155.jpg,test,tumor,pituitary,Testing/pituitary/Te-pi_155.jpg,5c2687b1b7b65d5f993d2995139e1b89,512,512
data\binary\test\tumor\pituitary_Te-pi_156.jpg,test,tumor,pituitary,Testing/pituitary/Te-pi_156.jpg,d6bb4b5c6e13a28cf235280d056e2280,512,512
data\binary\test\tumor\pituitary_Te-pi_157.jpg,test,tumor,pituitary,Testing/pituitary/Te-pi_157.jpg,4184a08142dd15e0508851c77559bcab,512,512
data\binary\test\tumor\pituitary_Te-pi_158.jpg,test,tumor,pituitary,Testing/pituitary/Te-pi_158.jpg,2bb809e7ef036a66a67d3fc94729c2c4,512,512
data\binary\test\tumor\pituitary_Te-pi_159.jpg,test,tumor,pituitary,Testing/pituitary/Te-pi_159.jpg,1ebe622ac872d47937e734f4d889ec49,512,512
data\binary\test\tumor\pituitary_Te-pi_16.jpg,test,tumor,pituitary,Testing/pituitary/Te-pi_16.jpg,e6c50feaad6b291f2f123fcbbfc52501,512,512
data\binary\test\tumor\pituitary_Te-pi_160.jpg,test,tumor,pituitary,Testing/pituitary/Te-pi_160.jpg,d2f64b757d308f1c859bde21b2943b3d,512,512
data\binary\test\tumor\pituitary_Te-pi_161.jpg,test,tumor,pituitary,Testing/pituitary/Te-pi_161.jpg,13f671bacd6cedcb3dece5e5f8944ffb,512,512
data\binary\test\tumor\pituitary_Te-pi_162.jpg,test,tumor,pituitary,Testing/pituitary/Te-pi_162.jpg,0562ababca283ce9ee10a7e51f640322,512,512
data\binary\test\tumor\pituitary_Te-pi_163.jpg,test,tumor,pituitary,Testing/pituitary/Te-pi_163.jpg,2898ae4b5454fb6d9eee97759330c54f,512,512
data\binary\test\tumor\pituitary_Te-pi_164.jpg,test,tumor,pituitary,Testing/pituitary/Te-pi_164.jpg,847cf564cc444114edc472f750d3d2d6,512,512
data\binary\test\tumor\pituitary_Te-pi_165.jpg,test,tumor,pituitary,Testing/pituitary/Te-pi_165.jpg,3970071f63e17ae841d4ef6a85611261,512,512
data\binary\test\tumor\pituitary_Te-pi_166.jpg,test,tumor,pituitary,Testing/pituitary/Te-pi_166.jpg,59ad8d8c8b15edcd776a4a5076f95329,512,512
data\binary\test\tumor\pituitary_Te-pi_167.jpg,test,tumor,pituitary,Testing/pituitary/Te-pi_167.jpg,470d7af6a33ebe3ed30b3b89aead50c0,512,512
data\binary\test\tumor\pituitary_Te-pi_168.jpg,test,tumor,pituitary,Testing/pituitary/Te-pi_168.jpg,684f3a8c6a38c754af74fe7d91396131,512,512
data\binary\test\tumor\pituitary_Te-pi_169.jpg,test,tumor,pituitary,Testing/pituitary/Te-pi_169.jpg,1d179a5cef8710e3994d1713eebc1f36,512,512
data\binary\test\tumor\pituitary_Te-pi_17.jpg,test,tumor,pituitary,Testing/pituitary/Te-pi_17.jpg,2b6b0df937c83c072e2c645b212420e6,512,512
data\binary\test\tumor\pituitary_Te-pi_170.jpg,test,tumor,pituitary,Testing/pituitary/Te-pi_170.jpg,3cf014dafce3221534705f4633bbdd0d,512,512
data\binary\test\tumor\pituitary_Te-pi_171.jpg,test,tumor,pituitary,Testing/pituitary/Te-pi_171.jpg,f0d37aea494379b05c31ccbbfd9d0922,512,512
data\binary\test\tumor\pituitary_Te-pi_172.jpg,test,tumor,pituitary,Testing/pituitary/Te-pi_172.jpg,85fc5f4ff3c43b6158f34d48ce430ee5,512,512
data\binary\test\tumor\pituitary_Te-pi_173.jpg,test,tumor,pituitary,Testing/pituitary/Te-pi_173.jpg,eea72cf1a21cd07bb6afdc1e9e0de050,512,512
data\binary\test\tumor\pituitary_Te-pi_174.jpg,test,tumor,pituitary,Testing/pituitary/Te-pi_174.jpg,b69dbd2efd2e99ba54804f08c139ed3b,512,512
data\binary\test\tumor\pituitary_Te-pi_175.jpg,test,tumor,pituitary,Testing/pituitary/Te-pi_175.jpg,4f515a3828a230c5e443a7a6a005bdea,512,512
data\binary\test\tumor\pituitary_Te-pi_176.jpg,test,tumor,pituitary,Testing/pituitary/Te-pi_176.jpg,d33c174ae090371f4c1e9d09c598d02a,512,512
data\binary\test\tumor\pituitary_Te-pi_177.jpg,test,tumor,pituitary,Testing/pituitary/Te-pi_177.jpg,61a5c8e576afb81edd65922692c52913,512,512
data\binary\test\tumor\pituitary_Te-pi_178.jpg,test,tumor,pituitary,Testing/pituitary/Te-pi_178.jpg,885b1a108637b3408c2414cf343b46a9,512,512
data\binary\test\tumor\pituitary_Te-pi_179.jpg,test,tumor,pituitary,Testing/pituitary/Te-pi_179.jpg,6464c16d6bb53879fc6701f1c69a8275,512,512
data\binary\test\tumor\pituitary_Te-pi_18.jpg,test,tumor,pituitary,Testing/pituitary/Te-pi_18.jpg,01a7fede3ec016d67345c8c0af0a0da7,512,512
data\binary\test\tumor\pituitary_Te-pi_180.jpg,test,tumor,pituitary,Testing/pituitary/Te-pi_180.jpg,5576617ab233dc3f840a27cc57dcaa37,512,512
data\binary\test\tumor\pituitary_Te-pi_181.jpg,test,tumor,pituitary,Testing/pituitary/Te-pi_181.jpg,d54a6e38d93f7a5f297a047d28a73649,512,512
data\binary\test\tumor\pituitary_Te-pi_182.jpg,test,tumor,pituitary,Testing/pituitary/Te-pi_182.jpg,11e5e9c730ef5ffd4a5dd1691acb0d10,512,512
data\binary\test\tumor\pituitary_Te-pi_183.jpg,test,tumor,pituitary,Testing/pituitary/Te-pi_183.jpg,2cc4916a8a712390d6b3624ecfe3c267,512,512
data\binary\test\tumor\pituitary_Te-pi_184.jpg,test,tumor,pituitary,Testing/pituitary/Te-pi_184.jpg,dfa1a9a25d8b380fa4b54d4a2593d420,512,512
data\binary\test\tumor\pituitary_Te-pi_185.jpg,test,tumor,pituitary,Testing/pituitary/Te-pi_185.jpg,3f6b1cde0844d6edce2f24d31f28fe69,512,512
data\binary\test\tumor\pituitary_Te-pi_186.jpg,test,tumor,pituitary,Testing/pituitary/Te-pi_186.jpg,0b09caa0fbd3cc55eba640c8c49b2010,512,512
data\binary\test\tumor\pituitary_Te-pi_187.jpg,test,tumor,pituitary,Testing/pituitary/Te-pi_187.jpg,9556f4817dc71a39043aec30e506fc77,512,512
data\binary\test\tumor\pituitary_Te-pi_188.jpg,test,tumor,pituitary,Testing/pituitary/Te-pi_188.jpg,6d1b2b951733b48cd456bdb2a560eb9f,512,512
data\binary\test\tumor\pituitary_Te-pi_189.jpg,test,tumor,pituitary,Testing/pituitary/Te-pi_189.jpg,6b5b8df1a76e61e38dccfbd03d5bbc8e,512,512
data\binary\test\tumor\pituitary_Te-pi_19.jpg,test,tumor,pituitary,Testing/pituitary/Te-pi_19.jpg,3a80192cf7306c7d0ec03643c567dd28,512,512
data\binary\test\tumor\pituitary_Te-pi_190.jpg,test,tumor,pituitary,Testing/pituitary/Te-pi_190.jpg,c4b72424eacd1bd479fae33990d10898,512,512
data\binary\test\tumor\pituitary_Te-pi_191.jpg,test,tumor,pituitary,Testing/pituitary/Te-pi_191.jpg,41e4a2869875edcce4682cb477a883fa,512,512
data\binary\test\tumor\pituitary_Te-pi_192.jpg,test,tumor,pituitary,Testing/pituitary/Te-pi_192.jpg,12b5f557831841726b41d1caf08ce024,512,512
data\binary\test\tumor\pituitary_Te-pi_193.jpg,test,tumor,pituitary,Testing/pituitary/Te-pi_193.jpg,318932ea5aa71e9f88b3b5c9625fa498,512,512
data\binary\test\tumor\pituitary_Te-pi_194.jpg,test,tumor,pituitary,Testing/pituitary/Te-pi_194.jpg,9f3c3a832ca73e9403032313e92f27c3,512,512
data\binary\test\tumor\pituitary_Te-pi_195.jpg,test,tumor,pituitary,Testing/pituitary/Te-pi_195.jpg,148435dc344694f1be00ff52952ab9e2,512,512
data\binary\test\tumor\pituitary_Te-pi_196.jpg,test,tumor,pituitary,Testing/pituitary/Te-pi_196.jpg,23ccd596a13e038553cfd71def7eeea2,512,512
data\binary\test\tumor\pituitary_Te-pi_197.jpg,test,tumor,pituitary,Testing/pituitary/Te-pi_197.jpg,d864c9d8d8e3e1fa77aa7ccf62a8aabd,512,512
data\binary\test\tumor\pituitary_Te-pi_198.jpg,test,tumor,pituitary,Testing/pituitary/Te-pi_198.jpg,16f9b10a3868753af264caa8eacee248,512,512
data\binary\test\tumor\pituitary_Te-pi_199.jpg,test,tumor,pituitary,Testing/pituitary/Te-pi_199.jpg,aa8620ea068d9fd3ecff97a292d5d439,512,512
data\binary\test\tumor\pituitary_Te-pi_2.jpg,test,tumor,pituitary,Testing/pituitary/Te-pi_2.jpg,af400abcb33c1d5c68bbfdc75666aa3f,512,512
data\binary\test\tumor\pituitary_Te-pi_20.jpg,test,tumor,pituitary,Testing/pituitary/Te-pi_20.jpg,b5405c0b0b3bd22e2345fab9d3ba18c2,512,512
data\binary\test\tumor\pituitary_Te-pi_200.jpg,test,tumor,pituitary,Testing/pituitary/Te-pi_200.jpg,5710a535e3194d0cdf3f1c4ebe3212ab,512,512
data\binary\test\tumor\pituitary_Te-pi_201.jpg,test,tumor,pituitary,Testing/pituitary/Te-pi_201.jpg,433f6cdc94cff6893c7bae881c1daa41,512,512
data\binary\test\tumor\pituitary_Te-pi_202.jpg,test,tumor,pituitary,Testing/pituitary/Te-pi_202.jpg,f540c327135895062eeb1f90e82db494,512,512
data\binary\test\tumor\pituitary_Te-pi_203.jpg,test,tumor,pituitary,Testing/pituitary/Te-pi_203.jpg,07ffca9340985690872d43cb2a896320,512,512
data\binary\test\tumor\pituitary_Te-pi_204.jpg,test,tumor,pituitary,Testing/pituitary/Te-pi_204.jpg,814a3eee8a0ddc8e400b563ad814979c,512,512
data\binary\test\tumor\pituitary_Te-pi_205.jpg,test,tumor,pituitary,Testing/pituitary/Te-pi_205.jpg,61392aa2649c58ccecec16220fae3ddd,512,512
data\binary\test\tumor\pituitary_Te-pi_206.jpg,test,tumor,pituitary,Testing/pituitary/Te-pi_206.jpg,06edcef76180576d33fa3412c021efe2,512,512
data\binary\test\tumor\pituitary_Te-pi_207.jpg,test,tumor,pituitary,Testing/pituitary/Te-pi_207.jpg,97cbde6bff699dff7e3de3e0b711af8b,512,512
data\binary\test\tumor\pituitary_Te-pi_208.jpg,test,tumor,pituitary,Testing/pituitary/Te-pi_208.jpg,0462881863b996202f9979e7836dddb6,512,512
data\binary\test\tumor\pituitary_Te-pi_209.jpg,test,tumor,pituitary,Testing/pituitary/Te-pi_209.jpg,76ce83d0626ee703b5b629125fa9c467,512,512
data\binary\test\tumor\pituitary_Te-pi_21.jpg,test,tumor,pituitary,Testing/pituitary/Te-pi_21.jpg,446245f7c288dfe74b89d38e483016a8,512,512
data\binary\test\tumor\pituitary_Te-pi_210.jpg,test,tumor,pituitary,Testing/pituitary/Te-pi_210.jpg,92ecc6458c32e4b9fcf3e08794a74a7e,512,512
data\binary\test\tumor\pituitary_Te-pi_211.jpg,test,tumor,pituitary,Testing/pituitary/Te-pi_211.jpg,3d60fa58bf3786a4e98c39746d3b9e8d,512,512
data\binary\test\tumor\pituitary_Te-pi_212.jpg,test,tumor,pituitary,Testing/pituitary/Te-pi_212.jpg,de2f660f34afe960e558ce2916da8899,512,512
data\binary\test\tumor\pituitary_Te-pi_213.jpg,test,tumor,pituitary,Testing/pituitary/Te-pi_213.jpg,6107456486fc97d613da139ebff9308c,512,512
data\binary\test\tumor\pituitary_Te-pi_214.jpg,test,tumor,pituitary,Testing/pituitary/Te-pi_214.jpg,7c3634a40649e1a34dc467ae9fad8c6e,512,512
data\binary\test\tumor\pituitary_Te-pi_215.jpg,test,tumor,pituitary,Testing/pituitary/Te-pi_215.jpg,002269b84698c2985741797afb2fff97,512,512
data\binary\test\tumor\pituitary_Te-pi_216.jpg,test,tumor,pituitary,Testing/pituitary/Te-pi_216.jpg,b62a2844b367029f67de11d466f787c7,512,512
data\binary\test\tumor\pituitary_Te-pi_217.jpg,test,tumor,pituitary,Testing/pituitary/Te-pi_217.jpg,21107ddf46c4531becb79407411bf952,256,256
data\binary\test\tumor\pituitary_Te-pi_218.jpg,test,tumor,pituitary,Testing/pituitary/Te-pi_218.jpg,a01750be9a23d9b33bf40becb5b21a2f,512,512
data\binary\test\tumor\pituitary_Te-pi_219.jpg,test,tumor,pituitary,Testing/pituitary/Te-pi_219.jpg,3c5de77522510a6741c620d8b4d04e75,512,512
data\binary\test\tumor\pituitary_Te-pi_22.jpg,test,tumor,pituitary,Testing/pituitary/Te-pi_22.jpg,ae0e931ce58f705b48c232f8f65313d0,512,512
data\binary\test\tumor\pituitary_Te-pi_220.jpg,test,tumor,pituitary,Testing/pituitary/Te-pi_220.jpg,560e4b48a6c0cd06244c610068a1b714,512,512
data\binary\test\tumor\pituitary_Te-pi_221.jpg,test,tumor,pituitary,Testing/pituitary/Te-pi_221.jpg,f6a7eb60eb82064d033b3bbdf984ea19,512,512
data\binary\test\tumor\pituitary_Te-pi_222.jpg,test,tumor,pituitary,Testing/pituitary/Te-pi_222.jpg,9e300450f1d05ccea878d6ab81f05de3,512,512
data\binary\test\tumor\pituitary_Te-pi_223.jpg,test,tumor,pituitary,Testing/pituitary/Te-pi_223.jpg,e9a1ed8c4a70eb8a4138c3538e4baf68,512,512
data\binary\test\tumor\pituitary_Te-pi_224.jpg,test,tumor,pituitary,Testing/pituitary/Te-pi_224.jpg,79f03f9d35fed198c625fc7cfe4c38b5,512,512
data\binary\test\tumor\pituitary_Te-pi_225.jpg,test,tumor,pituitary,Testing/pituitary/Te-pi_225.jpg,24d422c66572480e2536861645d5c955,512,512
data\binary\test\tumor\pituitary_Te-pi_226.jpg,test,tumor,pituitary,Testing/pituitary/Te-pi_226.jpg,4494e679f0cf5ce5369f2a34179dddb1,512,512
data\binary\test\tumor\pituitary_Te-pi_227.jpg,test,tumor,pituitary,Testing/pituitary/Te-pi_227.jpg,468a4a239c19277e873df0cb2859f0dc,512,512
data\binary\test\tumor\pituitary_Te-pi_228.jpg,test,tumor,pituitary,Testing/pituitary/Te-pi_228.jpg,cd98e7fec9766b7eaeb99c67de7cdd9f,512,512
data\binary\test\tumor\pituitary_Te-pi_229.jpg,test,tumor,pituitary,Testing/pituitary/Te-pi_229.jpg,a28c0aaf1e5ee802731aef2571094300,512,512
data\binary\test\tumor\pituitary_Te-pi_23.jpg,test,tumor,pituitary,Testing/pituitary/Te-pi_23.jpg,c096e3572118c04424b5866d20d03542,512,512
data\binary\test\tumor\pituitary_Te-pi_230.jpg,test,tumor,pituitary,Testing/pituitary/Te-pi_230.jpg,e0927ee5fede33a445824be10ce35d27,512,512
data\binary\test\tumor\pituitary_Te-pi_231.jpg,test,tumor,pituitary,Testing/pituitary/Te-pi_231.jpg,2360802bbdb3079e35f5c003a6457d1b,512,512
data\binary\test\tumor\pituitary_Te-pi_232.jpg,test,tumor,pituitary,Testing/pituitary/Te-pi_232.jpg,31b6c12a0a4032180c8b6b9932e4530e,512,512
data\binary\test\tumor\pituitary_Te-pi_233.jpg,test,tumor,pituitary,Testing/pituitary/Te-pi_233.jpg,445c5badf9e21bd6493d80256ea459aa,512,512
data\binary\test\tumor\pituitary_Te-pi_234.jpg,test,tumor,pituitary,Testing/pituitary/Te-pi_234.jpg,4ebe0a81704c5d7d91e1142c0316c086,512,512
data\binary\test\tumor\pituitary_Te-pi_235.jpg,test,tumor,pituitary,Testing/pituitary/Te-pi_235.jpg,32090537558a95377797cb0b67de2845,512,512
data\binary\test\tumor\pituitary_Te-pi_236.jpg,test,tumor,pituitary,Testing/pituitary/Te-pi_236.jpg,85054111780f86e449a87bfe73f5da7d,512,512
data\binary\test\tumor\pituitary_Te-pi_237.jpg,test,tumor,pituitary,Testing/pituitary/Te-pi_237.jpg,b35adf1698723c58aa42bdded7147255,512,512
data\binary\test\tumor\pituitary_Te-pi_238.jpg,test,tumor,pituitary,Testing/pituitary/Te-pi_238.jpg,88b7b803be91e57e07572e226807cfa3,512,512
data\binary\test\tumor\pituitary_Te-pi_239.jpg,test,tumor,pituitary,Testing/pituitary/Te-pi_239.jpg,b8aaf0c12aad492ecf4bf50e3532cd92,512,512
data\binary\test\tumor\pituitary_Te-pi_24.jpg,test,tumor,pituitary,Testing/pituitary/Te-pi_24.jpg,66d90f14b362670abba578d7d3f89fc1,512,512
data\binary\test\tumor\pituitary_Te-pi_240.jpg,test,tumor,pituitary,Testing/pituitary/Te-pi_240.jpg,8dd635f27b0ca302f0e9712d77bafb22,512,512
data\binary\test\tumor\pituitary_Te-pi_241.jpg,test,tumor,pituitary,Testing/pituitary/Te-pi_241.jpg,963bbd0526e49dae288de2be938b8876,512,512
data\binary\test\tumor\pituitary_Te-pi_242.jpg,test,tumor,pituitary,Testing/pituitary/Te-pi_242.jpg,f1226a140bbf756325dc937ba7cbcf62,512,512
data\binary\test\tumor\pituitary_Te-pi_243.jpg,test,tumor,pituitary,Testing/pituitary/Te-pi_243.jpg,6e0ba03bdc5750a61f59df3f2481db57,512,512
data\binary\test\tumor\pituitary_Te-pi_244.jpg,test,tumor,pituitary,Testing/pituitary/Te-pi_244.jpg,5697b4f55a6119d2595cec89b6a14836,512,512
data\binary\test\tumor\pituitary_Te-pi_245.jpg,test,tumor,pituitary,Testing/pituitary/Te-pi_245.jpg,6b8c0f0745bdb74d2d2e4280d687bf19,512,512
data\binary\test\tumor\pituitary_Te-pi_246.jpg,test,tumor,pituitary,Testing/pituitary/Te-pi_246.jpg,b5d721d7c0b74a91d50e42224fef374d,512,512
data\binary\test\tumor\pituitary_Te-pi_247.jpg,test,tumor,pituitary,Testing/pituitary/Te-pi_247.jpg,474d2c5602f61c35b590354cb7954c59,512,512
data\binary\test\tumor\pituitary_Te-pi_248.jpg,test,tumor,pituitary,Testing/pituitary/Te-pi_248.jpg,b1e55673779c2c3cebbe8cf7c903d790,512,512
data\binary\test\tumor\pituitary_Te-pi_249.jpg,test,tumor,pituitary,Testing/pituitary/Te-pi_249.jpg,a966290ca4bd98319ddb41607d37fbbb,512,512
data\binary\test\tumor\pituitary_Te-pi_25.jpg,test,tumor,pituitary,Testing/pituitary/Te-pi_25.jpg,57be97a0b7898da65fc8217168e10d9d,512,512
data\binary\test\tumor\pituitary_Te-pi_250.jpg,test,tumor,pituitary,Testing/pituitary/Te-pi_250.jpg,ffe1407dd854f14af0051954da5aef82,512,512
data\binary\test\tumor\pituitary_Te-pi_251.jpg,test,tumor,pituitary,Testing/pituitary/Te-pi_251.jpg,081e64cf823c6bb66b64d8d87a8e7b99,512,512
data\binary\test\tumor\pituitary_Te-pi_252.jpg,test,tumor,pituitary,Testing/pituitary/Te-pi_252.jpg,dee28b36f4d9f2026f44697daf838de8,512,512
data\binary\test\tumor\pituitary_Te-pi_253.jpg,test,tumor,pituitary,Testing/pituitary/Te-pi_253.jpg,8e221bfe0c4800581c5e134d33eb9ea0,512,512
data\binary\test\tumor\pituitary_Te-pi_254.jpg,test,tumor,pituitary,Testing/pituitary/Te-pi_254.jpg,2ee214bc52625bd8c3332e926c931246,512,512
data\binary\test\tumor\pituitary_Te-pi_255.jpg,test,tumor,pituitary,Testing/pituitary/Te-pi_255.jpg,46af31cd560f30f580a0704b03fa06f8,512,512
data\binary\test\tumor\pituitary_Te-pi_256.jpg,test,tumor,pituitary,Testing/pituitary/Te-pi_256.jpg,f54529ed0782aa41e9e56a8f691b5da3,512,512
data\binary\test\tumor\pituitary_Te-pi_257.jpg,test,tumor,pituitary,Testing/pituitary/Te-pi_257.jpg,c52e29ddc6a43a214527772d2761b77d,512,512
data\binary\test\tumor\pituitary_Te-pi_258.jpg,test,tumor,pituitary,Testing/pituitary/Te-pi_258.jpg,a1ae86764b0d04426fa157e0327022cf,512,512
data\binary\test\tumor\pituitary_Te-pi_259.jpg,test,tumor,pituitary,Testing/pituitary/Te-pi_259.jpg,29ce0e50c11877773bba827cebac5525,512,512
data\binary\test\tumor\pituitary_Te-pi_26.jpg,test,tumor,pituitary,Testing/pituitary/Te-pi_26.jpg,469a2a1634c3c9343b4a8608aa3745b2,512,512
data\binary\test\tumor\pituitary_Te-pi_260.jpg,test,tumor,pituitary,Testing/pituitary/Te-pi_260.jpg,2f833e3c5859856aa33a7d79fdc6e634,512,512
data\binary\test\tumor\pituitary_Te-pi_261.jpg,test,tumor,pituitary,Testing/pituitary/Te-pi_261.jpg,c7cefead0adff13a04a983a8f6e3e7b1,256,256
data\binary\test\tumor\pituitary_Te-pi_262.jpg,test,tumor,pituitary,Testing/pituitary/Te-pi_262.jpg,cbf6b69a3fcf5c817783b550027adb2b,512,512
data\binary\test\tumor\pituitary_Te-pi_263.jpg,test,tumor,pituitary,Testing/pituitary/Te-pi_263.jpg,ca25901aa793f68b6c7c87609a853293,512,512
data\binary\test\tumor\pituitary_Te-pi_264.jpg,test,tumor,pituitary,Testing/pituitary/Te-pi_264.jpg,56f3aecb5e0e036585d1742211214e09,512,512
data\binary\test\tumor\pituitary_Te-pi_265.jpg,test,tumor,pituitary,Testing/pituitary/Te-pi_265.jpg,c02ade5f2693a93ec8c36ae39e87c9ed,512,512
data\binary\test\tumor\pituitary_Te-pi_266.jpg,test,tumor,pituitary,Testing/pituitary/Te-pi_266.jpg,c257d5c468ffc8eba7d9c60061a5bad6,512,512
data\binary\test\tumor\pituitary_Te-pi_267.jpg,test,tumor,pituitary,Testing/pituitary/Te-pi_267.jpg,6d71e313e139338dd5e79e7dd40392f0,512,512
data\binary\test\tumor\pituitary_Te-pi_268.jpg,test,tumor,pituitary,Testing/pituitary/Te-pi_268.jpg,ade8f71d1984ccb522ebbade5396fb2b,512,512
data\binary\test\tumor\pituitary_Te-pi_269.jpg,test,tumor,pituitary,Testing/pituitary/Te-pi_269.jpg,bb22ec53522184a1069da721984e6b57,512,512
data\binary\test\tumor\pituitary_Te-pi_27.jpg,test,tumor,pituitary,Testing/pituitary/Te-pi_27.jpg,e5ca3462e1e04a3643f944ab4d009d0f,512,512
data\binary\test\tumor\pituitary_Te-pi_270.jpg,test,tumor,pituitary,Testing/pituitary/Te-pi_270.jpg,fa4ee22df57caf82369b2910ba6daa9b,512,512
data\binary\test\tumor\pituitary_Te-pi_271.jpg,test,tumor,pituitary,Testing/pituitary/Te-pi_271.jpg,c2f402ae605115be8889341130affd20,512,512
data\binary\test\tumor\pituitary_Te-pi_272.jpg,test,tumor,pituitary,Testing/pituitary/Te-pi_272.jpg,a386778ca5b15b0d60bf54fc08e9cb3e,512,512
data\binary\test\tumor\pituitary_Te-pi_273.jpg,test,tumor,pituitary,Testing/pituitary/Te-pi_273.jpg,f59c5038c9cec828010eb7b7725769c3,512,512
data\binary\test\tumor\pituitary_Te-pi_274.jpg,test,tumor,pituitary,Testing/pituitary/Te-pi_274.jpg,8151f16021e3a47c31c6408e72f7490f,512,512
data\binary\test\tumor\pituitary_Te-pi_275.jpg,test,tumor,pituitary,Testing/pituitary/Te-pi_275.jpg,8ff4deec22e5ca25eb70d49b43e2e1a2,512,512
data\binary\test\tumor\pituitary_Te-pi_276.jpg,test,tumor,pituitary,Testing/pituitary/Te-pi_276.jpg,d555d0ac15b95e500f40336179840346,512,512
data\binary\test\tumor\pituitary_Te-pi_277.jpg,test,tumor,pituitary,Testing/pituitary/Te-pi_277.jpg,6ad70b532cb2cc245bce4417bea8d11c,512,512
data\binary\test\tumor\pituitary_Te-pi_278.jpg,test,tumor,pituitary,Testing/pituitary/Te-pi_278.jpg,20a41950c0e95c22b7d7772c57e18b67,512,512
data\binary\test\tumor\pituitary_Te-pi_279.jpg,test,tumor,pituitary,Testing/pituitary/Te-pi_279.jpg,eed6515b22e7f572822d00ec56ddffff,512,512
data\binary\test\tumor\pituitary_Te-pi_28.jpg,test,tumor,pituitary,Testing/pituitary/Te-pi_28.jpg,708b5a91fb311d91634f459794a110d4,512,512
data\binary\test\tumor\pituitary_Te-pi_280.jpg,test,tumor,pituitary,Testing/pituitary/Te-pi_280.jpg,8beaefe472e145d0d4f793f1e8829479,512,512
data\binary\test\tumor\pituitary_Te-pi_281.jpg,test,tumor,pituitary,Testing/pituitary/Te-pi_281.jpg,3f5e60fdd0a275d709212d25f0202577,512,512
data\binary\test\tumor\pituitary_Te-pi_282.jpg,test,tumor,pituitary,Testing/pituitary/Te-pi_282.jpg,4f1468a8a21471c4e2d331d828c4a2cb,512,512
data\binary\test\tumor\pituitary_Te-pi_283.jpg,test,tumor,pituitary,Testing/pituitary/Te-pi_283.jpg,fb7bd2d26e3b86081aab6431641d803b,512,512
data\binary\test\tumor\pituitary_Te-pi_284.jpg,test,tumor,pituitary,Testing/pituitary/Te-pi_284.jpg,e8780d8fbad71361b2d2ef20f2bb361c,512,512
data\binary\test\tumor\pituitary_Te-pi_285.jpg,test,tumor,pituitary,Testing/pituitary/Te-pi_285.jpg,784ece2b3ed569312db95c83e31b3c03,512,512
data\binary\test\tumor\pituitary_Te-pi_286.jpg,test,tumor,pituitary,Testing/pituitary/Te-pi_286.jpg,1ae51d9bd101c23ecd39bd4fb34da2af,512,512
data\binary\test\tumor\pituitary_Te-pi_287.jpg,test,tumor,pituitary,Testing/pituitary/Te-pi_287.jpg,93779e8a03784e6d1c13be2c422d06b0,512,512
data\binary\test\tumor\pituitary_Te-pi_288.jpg,test,tumor,pituitary,Testing/pituitary/Te-pi_288.jpg,05c3c2cfe861be0f6bad8a8e7a9b3f63,512,512
data\binary\test\tumor\pituitary_Te-pi_289.jpg,test,tumor,pituitary,Testing/pituitary/Te-pi_289.jpg,02b6f06f232a5e03f3b9b521193b0932,512,512
data\binary\test\tumor\pituitary_Te-pi_29.jpg,test,tumor,pituitary,Testing/pituitary/Te-pi_29.jpg,0cd4076fdef2e3e7a9fbbf941866b0ba,512,512
data\binary\test\tumor\pituitary_Te-pi_290.jpg,test,tumor,pituitary,Testing/pituitary/Te-pi_290.jpg,02363fdcbfd3bdbcd5da46b59f887b31,512,512
data\binary\test\tumor\pituitary_Te-pi_291.jpg,test,tumor,pituitary,Testing/pituitary/Te-pi_291.jpg,68ca3e2f642c9f9c22564c5d16d5a94e,512,512
data\binary\test\tumor\pituitary_Te-pi_292.jpg,test,tumor,pituitary,Testing/pituitary/Te-pi_292.jpg,66c2844783534571f929cbfe3cd821a2,512,512
data\binary\test\tumor\pituitary_Te-pi_293.jpg,test,tumor,pituitary,Testing/pituitary/Te-pi_293.jpg,615c4044557b6b0913234e1e58e0bd7f,512,512
data\binary\test\tumor\pituitary_Te-pi_294.jpg,test,tumor,pituitary,Testing/pituitary/Te-pi_294.jpg,71a840a023738a2e7a86bf1fa0cee44e,512,512
data\binary\test\tumor\pituitary_Te-pi_295.jpg,test,tumor,pituitary,Testing/pituitary/Te-pi_295.jpg,38e5f59da97e78cdb2aed02f61d7c1ea,512,512
data\binary\test\tumor\pituitary_Te-pi_296.jpg,test,tumor,pituitary,Testing/pituitary/Te-pi_296.jpg,b5c8f040e2655d4f1cff011434c2e334,512,512
data\binary\test\tumor\pituitary_Te-pi_297.jpg,test,tumor,pituitary,Testing/pituitary/Te-pi_297.jpg,e2c809d7063d8643d62d325ecb5276a2,512,512
data\binary\test\tumor\pituitary_Te-pi_298.jpg,test,tumor,pituitary,Testing/pituitary/Te-pi_298.jpg,584ca4664acb9536e369e49eb98239ad,512,512
data\binary\test\tumor\pituitary_Te-pi_299.jpg,test,tumor,pituitary,Testing/pituitary/Te-pi_299.jpg,7c5e64b2d6f0ab11c686a6f4ce13bf36,512,512
data\binary\test\tumor\pituitary_Te-pi_3.jpg,test,tumor,pituitary,Testing/pituitary/Te-pi_3.jpg,6a60c4903b6518ab0a94985ca5a205bd,512,512
data\binary\test\tumor\pituitary_Te-pi_30.jpg,test,tumor,pituitary,Testing/pituitary/Te-pi_30.jpg,db7a363aa91dfc89d516eee5e8ac67d1,512,512
data\binary\test\tumor\pituitary_Te-pi_300.jpg,test,tumor,pituitary,Testing/pituitary/Te-pi_300.jpg,d967c497561b64c2cbdeebbdb26b1ccd,512,512
data\binary\test\tumor\pituitary_Te-pi_301.jpg,test,tumor,pituitary,Testing/pituitary/Te-pi_301.jpg,21fd69e01d027e69ab1163a49d30020a,512,512
data\binary\test\tumor\pituitary_Te-pi_302.jpg,test,tumor,pituitary,Testing/pituitary/Te-pi_302.jpg,80c382f02b14db32f8e3aa884136b3cf,512,512
data\binary\test\tumor\pituitary_Te-pi_303.jpg,test,tumor,pituitary,Testing/pituitary/Te-pi_303.jpg,fc1bc5020ba3d5ec3740a829b800b682,512,512
data\binary\test\tumor\pituitary_Te-pi_304.jpg,test,tumor,pituitary,Testing/pituitary/Te-pi_304.jpg,ad1cafc8c208edf77ff6d89d9e9ca6a5,512,512
data\binary\test\tumor\pituitary_Te-pi_305.jpg,test,tumor,pituitary,Testing/pituitary/Te-pi_305.jpg,344dbd95818521736ea239bc6a024a41,512,512
data\binary\test\tumor\pituitary_Te-pi_306.jpg,test,tumor,pituitary,Testing/pituitary/Te-pi_306.jpg,76af3847733c22d500295da246361747,512,512
data\binary\test\tumor\pituitary_Te-pi_307.jpg,test,tumor,pituitary,Testing/pituitary/Te-pi_307.jpg,a6fde5f511a3f4db64e675918e03be64,512,512
data\binary\test\tumor\pituitary_Te-pi_308.jpg,test,tumor,pituitary,Testing/pituitary/Te-pi_308.jpg,c498adbb77a2bee57baef968d71230f4,512,512
data\binary\test\tumor\pituitary_Te-pi_309.jpg,test,tumor,pituitary,Testing/pituitary/Te-pi_309.jpg,66d5b88a9b6f7450dbacddbc4dbb7249,512,512
data\binary\test\tumor\pituitary_Te-pi_31.jpg,test,tumor,pituitary,Testing/pituitary/Te-pi_31.jpg,a865024f77922f56c14ca307e147540e,512,512
data\binary\test\tumor\pituitary_Te-pi_310.jpg,test,tumor,pituitary,Testing/pituitary/Te-pi_310.jpg,1749e6c78d7e72014a2783dfa6ebb6b8,512,512
data\binary\test\tumor\pituitary_Te-pi_311.jpg,test,tumor,pituitary,Testing/pituitary/Te-pi_311.jpg,6831486232cd5e4481fff6e2cde0b275,512,512
data\binary\test\tumor\pituitary_Te-pi_312.jpg,test,tumor,pituitary,Testing/pituitary/Te-pi_312.jpg,1de580d40fbd496f238a0d75b32ee17b,512,512
data\binary\test\tumor\pituitary_Te-pi_313.jpg,test,tumor,pituitary,Testing/pituitary/Te-pi_313.jpg,3e063fdc025ebf9d1e6a799852809501,512,512
data\binary\test\tumor\pituitary_Te-pi_314.jpg,test,tumor,pituitary,Testing/pituitary/Te-pi_314.jpg,c8402e3bc54914097b4e20546cb96c7c,512,512
data\binary\test\tumor\pituitary_Te-pi_315.jpg,test,tumor,pituitary,Testing/pituitary/Te-pi_315.jpg,9ba82556b17e2fd1853d0dd694f416e0,512,512
data\binary\test\tumor\pituitary_Te-pi_316.jpg,test,tumor,pituitary,Testing/pituitary/Te-pi_316.jpg,a71ab89df76217ed256f2d89bdd8a4c8,512,512
data\binary\test\tumor\pituitary_Te-pi_317.jpg,test,tumor,pituitary,Testing/pituitary/Te-pi_317.jpg,1bb8265861476e4cea27f1cbe1c2f612,512,512
data\binary\test\tumor\pituitary_Te-pi_318.jpg,test,tumor,pituitary,Testing/pituitary/Te-pi_318.jpg,03344d1aa78b0987c14e31b0a821c6cb,256,256
data\binary\test\tumor\pituitary_Te-pi_319.jpg,test,tumor,pituitary,Testing/pituitary/Te-pi_319.jpg,8062a9486a64a44e4990c2d909a835be,512,512
data\binary\test\tumor\pituitary_Te-pi_32.jpg,test,tumor,pituitary,Testing/pituitary/Te-pi_32.jpg,1c52d7faab6fcad59961092f268da857,512,512
data\binary\test\tumor\pituitary_Te-pi_320.jpg,test,tumor,pituitary,Testing/pituitary/Te-pi_320.jpg,a317fe485813cc3c5740ce31e7c249d9,512,512
data\binary\test\tumor\pituitary_Te-pi_321.jpg,test,tumor,pituitary,Testing/pituitary/Te-pi_321.jpg,acd5c66b67e3b7e7ac4726af7a56f3c5,256,256
data\binary\test\tumor\pituitary_Te-pi_322.jpg,test,tumor,pituitary,Testing/pituitary/Te-pi_322.jpg,b2cdd6ff0f4b5903e0e2369afa2af7db,512,512
data\binary\test\tumor\pituitary_Te-pi_323.jpg,test,tumor,pituitary,Testing/pituitary/Te-pi_323.jpg,12b9470e4517fcfdbe2ad6cd0d0fcc80,512,512
data\binary\test\tumor\pituitary_Te-pi_324.jpg,test,tumor,pituitary,Testing/pituitary/Te-pi_324.jpg,9dfaae50a9a7cc2fad496239d0b5c6dc,512,512
data\binary\test\tumor\pituitary_Te-pi_325.jpg,test,tumor,pituitary,Testing/pituitary/Te-pi_325.jpg,78b19f8ea147029725212a8ebd01630b,512,512
data\binary\test\tumor\pituitary_Te-pi_326.jpg,test,tumor,pituitary,Testing/pituitary/Te-pi_326.jpg,97b7de83612d941c2b9869e9d5c1392a,512,512
data\binary\test\tumor\pituitary_Te-pi_327.jpg,test,tumor,pituitary,Testing/pituitary/Te-pi_327.jpg,2a6bda149da46090a120c9f9841a3a2b,512,512
data\binary\test\tumor\pituitary_Te-pi_328.jpg,test,tumor,pituitary,Testing/pituitary/Te-pi_328.jpg,25a6207c8fce407681292274016619a7,512,512
data\binary\test\tumor\pituitary_Te-pi_329.jpg,test,tumor,pituitary,Testing/pituitary/Te-pi_329.jpg,96bbe7f49a02c16aa9e810957816499f,512,512
data\binary\test\tumor\pituitary_Te-pi_33.jpg,test,tumor,pituitary,Testing/pituitary/Te-pi_33.jpg,b52c8518293113004756f5f232f53255,512,512
data\binary\test\tumor\pituitary_Te-pi_330.jpg,test,tumor,pituitary,Testing/pituitary/Te-pi_330.jpg,4b2688341200ec37afe085784db56391,512,512
data\binary\test\tumor\pituitary_Te-pi_331.jpg,test,tumor,pituitary,Testing/pituitary/Te-pi_331.jpg,3aa6591448b37cea7e7377c9b6641476,512,512
data\binary\test\tumor\pituitary_Te-pi_332.jpg,test,tumor,pituitary,Testing/pituitary/Te-pi_332.jpg,0222c1544b04311cc1885a543e51aa40,512,512
data\binary\test\tumor\pituitary_Te-pi_333.jpg,test,tumor,pituitary,Testing/pituitary/Te-pi_333.jpg,33d9cac51d5514596f99de4253e3c139,512,512
data\binary\test\tumor\pituitary_Te-pi_334.jpg,test,tumor,pituitary,Testing/pituitary/Te-pi_334.jpg,0466f9fe2f19cbefbdeaec975276f6c3,512,512
data\binary\test\tumor\pituitary_Te-pi_335.jpg,test,tumor,pituitary,Testing/pituitary/Te-pi_335.jpg,801b6526f16b1f4f82c8dc0e84d197c6,512,512
data\binary\test\tumor\pituitary_Te-pi_336.jpg,test,tumor,pituitary,Testing/pituitary/Te-pi_336.jpg,5d5051712e6ea14e445e2511342ee602,512,512
data\binary\test\tumor\pituitary_Te-pi_337.jpg,test,tumor,pituitary,Testing/pituitary/Te-pi_337.jpg,b2c1b9dcb00ba84789f0510eda17d980,512,512
data\binary\test\tumor\pituitary_Te-pi_338.jpg,test,tumor,pituitary,Testing/pituitary/Te-pi_338.jpg,88fbf263862acac51af33b5d2f081257,512,512
data\binary\test\tumor\pituitary_Te-pi_339.jpg,test,tumor,pituitary,Testing/pituitary/Te-pi_339.jpg,f48d963614630533250e5418c9bef642,512,512
data\binary\test\tumor\pituitary_Te-pi_34.jpg,test,tumor,pituitary,Testing/pituitary/Te-pi_34.jpg,d112a88f707e8c5874e2b7ac642ee663,512,512
data\binary\test\tumor\pituitary_Te-pi_340.jpg,test,tumor,pituitary,Testing/pituitary/Te-pi_340.jpg,22e3ba50b95b70e83a97aca2dd476d67,512,512
data\binary\test\tumor\pituitary_Te-pi_341.jpg,test,tumor,pituitary,Testing/pituitary/Te-pi_341.jpg,ee13139c33cf0e5cb5c9cff170979738,512,512
data\binary\test\tumor\pituitary_Te-pi_342.jpg,test,tumor,pituitary,Testing/pituitary/Te-pi_342.jpg,d8cb1517b9ce63976399d055101efc7c,512,512
data\binary\test\tumor\pituitary_Te-pi_343.jpg,test,tumor,pituitary,Testing/pituitary/Te-pi_343.jpg,0545ea47d9c1780c26050eee98e5baa8,512,512
data\binary\test\tumor\pituitary_Te-pi_344.jpg,test,tumor,pituitary,Testing/pituitary/Te-pi_344.jpg,b26290d084ad962eb18b729042fe2ce6,512,512
data\binary\test\tumor\pituitary_Te-pi_345.jpg,test,tumor,pituitary,Testing/pituitary/Te-pi_345.jpg,5f7a79b3e1e75b1ca8e8f406e5009f05,512,512
data\binary\test\tumor\pituitary_Te-pi_346.jpg,test,tumor,pituitary,Testing/pituitary/Te-pi_346.jpg,664c7c56e40ab5e7ef75a0ebdbf5b54b,512,512
data\binary\test\tumor\pituitary_Te-pi_347.jpg,test,tumor,pituitary,Testing/pituitary/Te-pi_347.jpg,1983e8c342851b900a773a88cf1d5e1f,512,512
data\binary\test\tumor\pituitary_Te-pi_348.jpg,test,tumor,pituitary,Testing/pituitary/Te-pi_348.jpg,8edf1feebc74aeba25948964518483fb,512,512
data\binary\test\tumor\pituitary_Te-pi_349.jpg,test,tumor,pituitary,Testing/pituitary/Te-pi_349.jpg,12a9577ace77b7efa96ead3088ade68f,512,512
data\binary\test\tumor\pituitary_Te-pi_35.jpg,test,tumor,pituitary,Testing/pituitary/Te-pi_35.jpg,ef11ef132520968e3ed003a2c3451613,512,512
data\binary\test\tumor\pituitary_Te-pi_350.jpg,test,tumor,pituitary,Testing/pituitary/Te-pi_350.jpg,5360631e788dc2638c15fc9c36d66729,512,512
data\binary\test\tumor\pituitary_Te-pi_351.jpg,test,tumor,pituitary,Testing/pituitary/Te-pi_351.jpg,77d4c667f3fd91a8449fa1e563764845,256,256
data\binary\test\tumor\pituitary_Te-pi_352.jpg,test,tumor,pituitary,Testing/pituitary/Te-pi_352.jpg,907a6e387043eb19a3de4974ec5be1a0,512,512
data\binary\test\tumor\pituitary_Te-pi_353.jpg,test,tumor,pituitary,Testing/pituitary/Te-pi_353.jpg,a2ea88cface01a349f38a465b41c51cb,512,512
data\binary\test\tumor\pituitary_Te-pi_354.jpg,test,tumor,pituitary,Testing/pituitary/Te-pi_354.jpg,48f464727746ac900d46c1ffc8523bc2,512,512
data\binary\test\tumor\pituitary_Te-pi_355.jpg,test,tumor,pituitary,Testing/pituitary/Te-pi_355.jpg,a35735e6a04c054395bbeb7ef192cf7f,512,512
data\binary\test\tumor\pituitary_Te-pi_356.jpg,test,tumor,pituitary,Testing/pituitary/Te-pi_356.jpg,669562a698a0159bde95c5e3bee8077d,512,512
data\binary\test\tumor\pituitary_Te-pi_357.jpg,test,tumor,pituitary,Testing/pituitary/Te-pi_357.jpg,32b06d83cab643e4cf1d4d0538be514c,512,512
data\binary\test\tumor\pituitary_Te-pi_358.jpg,test,tumor,pituitary,Testing/pituitary/Te-pi_358.jpg,f7cc7ec4dfd7e93f2013f7dc65b4631c,512,512
data\binary\test\tumor\pituitary_Te-pi_359.jpg,test,tumor,pituitary,Testing/pituitary/Te-pi_359.jpg,2881778da851c3c4bfcd5173ba2b51f4,512,512
data\binary\test\tumor\pituitary_Te-pi_36.jpg,test,tumor,pituitary,Testing/pituitary/Te-pi_36.jpg,6f9a2b75549544a5f3f3accb524f5331,512,512
data\binary\test\tumor\pituitary_Te-pi_360.jpg,test,tumor,pituitary,Testing/pituitary/Te-pi_360.jpg,83141a768e97b62b3257c4b89ba6edea,512,512
data\binary\test\tumor\pituitary_Te-pi_361.jpg,test,tumor,pituitary,Testing/pituitary/Te-pi_361.jpg,44f3a0cfff5eecfffd132c006e6c378b,512,512
data\binary\test\tumor\pituitary_Te-pi_362.jpg,test,tumor,pituitary,Testing/pituitary/Te-pi_362.jpg,428f0c0efe952f7952648703424734ca,512,512
data\binary\test\tumor\pituitary_Te-pi_363.jpg,test,tumor,pituitary,Testing/pituitary/Te-pi_363.jpg,ee3e67b37f4687eb034553dc97876fad,512,512
data\binary\test\tumor\pituitary_Te-pi_364.jpg,test,tumor,pituitary,Testing/pituitary/Te-pi_364.jpg,4a635105c0349a17f04856bd15fe9313,512,512
data\binary\test\tumor\pituitary_Te-pi_365.jpg,test,tumor,pituitary,Testing/pituitary/Te-pi_365.jpg,cc2647b399acd502fafd6232175295f2,512,512
data\binary\test\tumor\pituitary_Te-pi_366.jpg,test,tumor,pituitary,Testing/pituitary/Te-pi_366.jpg,78ea4ff74859f16b277f57cb8f35cb20,512,512
data\binary\test\tumor\pituitary_Te-pi_367.jpg,test,tumor,pituitary,Testing/pituitary/Te-pi_367.jpg,817fed1a9ef646d9764f043c7b089ee5,512,512
data\binary\test\tumor\pituitary_Te-pi_368.jpg,test,tumor,pituitary,Testing/pituitary/Te-pi_368.jpg,2325a02c31eebda43f1596fc04fa2e78,512,512
data\binary\test\tumor\pituitary_Te-pi_369.jpg,test,tumor,pituitary,Testing/pituitary/Te-pi_369.jpg,f4d21e08e2166d7d3384fa0e20434389,512,512
data\binary\test\tumor\pituitary_Te-pi_37.jpg,test,tumor,pituitary,Testing/pituitary/Te-pi_37.jpg,a986733e5f66b3c556712cafbfdf4d1d,512,512
data\binary\test\tumor\pituitary_Te-pi_370.jpg,test,tumor,pituitary,Testing/pituitary/Te-pi_370.jpg,ca0954b820327d67beb1ee2478c1df0e,512,512
data\binary\test\tumor\pituitary_Te-pi_371.jpg,test,tumor,pituitary,Testing/pituitary/Te-pi_371.jpg,d349e210e90c275ed195228776a0ba64,512,512
data\binary\test\tumor\pituitary_Te-pi_372.jpg,test,tumor,pituitary,Testing/pituitary/Te-pi_372.jpg,2e8c1f26dfc93760d1c8e1de8268afff,512,512
data\binary\test\tumor\pituitary_Te-pi_373.jpg,test,tumor,pituitary,Testing/pituitary/Te-pi_373.jpg,c78d2383c6863f4291353dde1adb4db8,512,512
data\binary\test\tumor\pituitary_Te-pi_374.jpg,test,tumor,pituitary,Testing/pituitary/Te-pi_374.jpg,3af7f87a722f6fbf8ab67adaf99c5051,512,512
data\binary\test\tumor\pituitary_Te-pi_375.jpg,test,tumor,pituitary,Testing/pituitary/Te-pi_375.jpg,5612687fff4f6ca1c958a3cee050f34a,512,512
data\binary\test\tumor\pituitary_Te-pi_376.jpg,test,tumor,pituitary,Testing/pituitary/Te-pi_376.jpg,6183316cf46c1b02878ed97700ac6674,512,512
data\binary\test\tumor\pituitary_Te-pi_377.jpg,test,tumor,pituitary,Testing/pituitary/Te-pi_377.jpg,40161982dbb34830219e3be86dda944b,512,512
data\binary\test\tumor\pituitary_Te-pi_378.jpg,test,tumor,pituitary,Testing/pituitary/Te-pi_378.jpg,56c0242d5b11bf67cde5f94d7900f2cb,512,512
data\binary\test\tumor\pituitary_Te-pi_379.jpg,test,tumor,pituitary,Testing/pituitary/Te-pi_379.jpg,9e3b13a414d09f1bf442aea5d8e2ec68,512,512
data\binary\test\tumor\pituitary_Te-pi_38.jpg,test,tumor,pituitary,Testing/pituitary/Te-pi_38.jpg,746ce47791d6346776bc57c049bc390c,512,512
data\binary\test\tumor\pituitary_Te-pi_380.jpg,test,tumor,pituitary,Testing/pituitary/Te-pi_380.jpg,d869ccce8f18aca2074a67adf3790a72,512,512
data\binary\test\tumor\pituitary_Te-pi_381.jpg,test,tumor,pituitary,Testing/pituitary/Te-pi_381.jpg,63b4abb52f5aea16d1d73eaa54db3dd6,512,512
data\binary\test\tumor\pituitary_Te-pi_382.jpg,test,tumor,pituitary,Testing/pituitary/Te-pi_382.jpg,7bb26652d30534af24598bc80ffd3e92,512,512
data\binary\test\tumor\pituitary_Te-pi_383.jpg,test,tumor,pituitary,Testing/pituitary/Te-pi_383.jpg,cda8f5722b11f3f05d8e25b6f5920486,512,512
data\binary\test\tumor\pituitary_Te-pi_384.jpg,test,tumor,pituitary,Testing/pituitary/Te-pi_384.jpg,2fe344197e740b6936250d28a39c3ca2,512,512
data\binary\test\tumor\pituitary_Te-pi_385.jpg,test,tumor,pituitary,Testing/pituitary/Te-pi_385.jpg,1be1d494186020875e70d82b48a4e932,512,512
data\binary\test\tumor\pituitary_Te-pi_386.jpg,test,tumor,pituitary,Testing/pituitary/Te-pi_386.jpg,586cb423a7ebf79f6f492c3b2eb1f7da,512,512
data\binary\test\tumor\pituitary_Te-pi_387.jpg,test,tumor,pituitary,Testing/pituitary/Te-pi_387.jpg,1eb6131c0b40feec1c82185e1b77311e,512,512
data\binary\test\tumor\pituitary_Te-pi_388.jpg,test,tumor,pituitary,Testing/pituitary/Te-pi_388.jpg,424626083183d0a7128bc50319400b96,512,512
data\binary\test\tumor\pituitary_Te-pi_389.jpg,test,tumor,pituitary,Testing/pituitary/Te-pi_389.jpg,0c233cf95bafc9f2a1b1bcde9819cd24,512,512
data\binary\test\tumor\pituitary_Te-pi_39.jpg,test,tumor,pituitary,Testing/pituitary/Te-pi_39.jpg,8853bec44c8aea54ffb4bed5df0073ed,512,512
data\binary\test\tumor\pituitary_Te-pi_390.jpg,test,tumor,pituitary,Testing/pituitary/Te-pi_390.jpg,c5ba23c022a3c776c6de93aa07362f92,512,512
data\binary\test\tumor\pituitary_Te-pi_391.jpg,test,tumor,pituitary,Testing/pituitary/Te-pi_391.jpg,dcda7b4aff07b4a934d2035756b4b6a6,512,512
data\binary\test\tumor\pituitary_Te-pi_392.jpg,test,tumor,pituitary,Testing/pituitary/Te-pi_392.jpg,69fd3ff4ce6409027ece800f34b4c85e,512,512
data\binary\test\tumor\pituitary_Te-pi_393.jpg,test,tumor,pituitary,Testing/pituitary/Te-pi_393.jpg,bde174a8ef4bdfcac01608e4e88f0fb8,512,512
data\binary\test\tumor\pituitary_Te-pi_394.jpg,test,tumor,pituitary,Testing/pituitary/Te-pi_394.jpg,8952926b4cddbe5790c235a66c6a8d02,512,512
data\binary\test\tumor\pituitary_Te-pi_395.jpg,test,tumor,pituitary,Testing/pituitary/Te-pi_395.jpg,49a0f6ee8e17eb2e2a3a8d612231f74a,512,512
data\binary\test\tumor\pituitary_Te-pi_396.jpg,test,tumor,pituitary,Testing/pituitary/Te-pi_396.jpg,da6fabf55fbbf31e5e3db6d44c7ea323,512,512
data\binary\test\tumor\pituitary_Te-pi_397.jpg,test,tumor,pituitary,Testing/pituitary/Te-pi_397.jpg,b3b68dd5e8ece23e1ba16fae58e51e51,512,512
data\binary\test\tumor\pituitary_Te-pi_398.jpg,test,tumor,pituitary,Testing/pituitary/Te-pi_398.jpg,e9b9025c49ff3ac8466cdda2c9044ff8,512,512
data\binary\test\tumor\pituitary_Te-pi_399.jpg,test,tumor,pituitary,Testing/pituitary/Te-pi_399.jpg,a4f8f2e6e04d7c2797eeefb21e1a5331,512,512
data\binary\test\tumor\pituitary_Te-pi_4.jpg,test,tumor,pituitary,Testing/pituitary/Te-pi_4.jpg,9267e8617cf829a7006008416af883e4,512,512
data\binary\test\tumor\pituitary_Te-pi_40.jpg,test,tumor,pituitary,Testing/pituitary/Te-pi_40.jpg,4df776f30414209faa0fad77707710fb,512,512
data\binary\test\tumor\pituitary_Te-pi_400.jpg,test,tumor,pituitary,Testing/pituitary/Te-pi_400.jpg,169a83f12c84c3823bc698d35f99dbaa,512,512
data\binary\test\tumor\pituitary_Te-pi_41.jpg,test,tumor,pituitary,Testing/pituitary/Te-pi_41.jpg,6d5248ab892b0d59e9e7910d25fd4e58,512,512
data\binary\test\tumor\pituitary_Te-pi_42.jpg,test,tumor,pituitary,Testing/pituitary/Te-pi_42.jpg,82456526142f35eaf49cd801727f8160,512,512
data\binary\test\tumor\pituitary_Te-pi_43.jpg,test,tumor,pituitary,Testing/pituitary/Te-pi_43.jpg,f107bba7c1528e70e68dd45a7798e960,512,512
data\binary\test\tumor\pituitary_Te-pi_44.jpg,test,tumor,pituitary,Testing/pituitary/Te-pi_44.jpg,0117e485280fb0801a7c1f11e7bc4445,512,512
data\binary\test\tumor\pituitary_Te-pi_45.jpg,test,tumor,pituitary,Testing/pituitary/Te-pi_45.jpg,092148b0f63c81874e2b4c1096b4f1c9,512,512
data\binary\test\tumor\pituitary_Te-pi_46.jpg,test,tumor,pituitary,Testing/pituitary/Te-pi_46.jpg,9f414bb3e3c055b58649fb4f82178e00,512,512
data\binary\test\tumor\pituitary_Te-pi_47.jpg,test,tumor,pituitary,Testing/pituitary/Te-pi_47.jpg,2df48b3c4f9382478703319854f592f1,512,512
data\binary\test\tumor\pituitary_Te-pi_48.jpg,test,tumor,pituitary,Testing/pituitary/Te-pi_48.jpg,fe5cd10f16c712ef50626f9ab3116063,512,512
data\binary\test\tumor\pituitary_Te-pi_49.jpg,test,tumor,pituitary,Testing/pituitary/Te-pi_49.jpg,ebd8b1bd13930659e06d649c88bffdc4,512,512
data\binary\test\tumor\pituitary_Te-pi_5.jpg,test,tumor,pituitary,Testing/pituitary/Te-pi_5.jpg,72a1d7dd063866243e12488fa6e51ba1,512,512
data\binary\test\tumor\pituitary_Te-pi_50.jpg,test,tumor,pituitary,Testing/pituitary/Te-pi_50.jpg,954fccd78916fb88aec5e0479a9cc811,512,512
data\binary\test\tumor\pituitary_Te-pi_51.jpg,test,tumor,pituitary,Testing/pituitary/Te-pi_51.jpg,6ef1deede2089262da9aacd0d55babec,512,512
data\binary\test\tumor\pituitary_Te-pi_52.jpg,test,tumor,pituitary,Testing/pituitary/Te-pi_52.jpg,92133c0c999aed664bdd47ab51611046,512,512
data\binary\test\tumor\pituitary_Te-pi_53.jpg,test,tumor,pituitary,Testing/pituitary/Te-pi_53.jpg,55ceccddda5b9150c89a4f371ebb8ae8,512,512
data\binary\test\tumor\pituitary_Te-pi_54.jpg,test,tumor,pituitary,Testing/pituitary/Te-pi_54.jpg,5294069cdd3163729ceb365757d777e9,512,512
data\binary\test\tumor\pituitary_Te-pi_55.jpg,test,tumor,pituitary,Testing/pituitary/Te-pi_55.jpg,b62958aab92a20249974a0d56b405f38,512,512
data\binary\test\tumor\pituitary_Te-pi_56.jpg,test,tumor,pituitary,Testing/pituitary/Te-pi_56.jpg,36bf5bcb46d972e4a394d1ad7528d02f,512,512
data\binary\test\tumor\pituitary_Te-pi_57.jpg,test,tumor,pituitary,Testing/pituitary/Te-pi_57.jpg,9d990ce57d0b6785caf5661012228138,512,512
data\binary\test\tumor\pituitary_Te-pi_58.jpg,test,tumor,pituitary,Testing/pituitary/Te-pi_58.jpg,9a9416d6f2c11ac15106904215981886,512,512
data\binary\test\tumor\pituitary_Te-pi_59.jpg,test,tumor,pituitary,Testing/pituitary/Te-pi_59.jpg,9ae884ec71a5524912616d4da030aea5,256,256
data\binary\test\tumor\pituitary_Te-pi_6.jpg,test,tumor,pituitary,Testing/pituitary/Te-pi_6.jpg,2a3a24d7a90e9626449a03f22c308694,512,512
data\binary\test\tumor\pituitary_Te-pi_60.jpg,test,tumor,pituitary,Testing/pituitary/Te-pi_60.jpg,e9f0befcdfe716517a72bc29c37a80e4,512,512
data\binary\test\tumor\pituitary_Te-pi_61.jpg,test,tumor,pituitary,Testing/pituitary/Te-pi_61.jpg,4e93c14f30c073dc41d088c4c1218ab9,512,512
data\binary\test\tumor\pituitary_Te-pi_62.jpg,test,tumor,pituitary,Testing/pituitary/Te-pi_62.jpg,e94975a120062943d3cf9cd4a0b2348f,512,512
data\binary\test\tumor\pituitary_Te-pi_63.jpg,test,tumor,pituitary,Testing/pituitary/Te-pi_63.jpg,fcec9af63211c895904bc6091ea4cdce,512,512
data\binary\test\tumor\pituitary_Te-pi_64.jpg,test,tumor,pituitary,Testing/pituitary/Te-pi_64.jpg,9e22ea0ad27bc243bbcfe10e5692399a,512,512
data\binary\test\tumor\pituitary_Te-pi_65.jpg,test,tumor,pituitary,Testing/pituitary/Te-pi_65.jpg,9c39401a0acd07d4310d110ccfde498c,512,512
data\binary\test\tumor\pituitary_Te-pi_66.jpg,test,tumor,pituitary,Testing/pituitary/Te-pi_66.jpg,630b9f90b60bb5b46d1fa4d1779aeb27,512,512
data\binary\test\tumor\pituitary_Te-pi_67.jpg,test,tumor,pituitary,Testing/pituitary/Te-pi_67.jpg,24226e8dd747e75d81fa72e027b317de,512,512
data\binary\test\tumor\pituitary_Te-pi_68.jpg,test,tumor,pituitary,Testing/pituitary/Te-pi_68.jpg,ebe30e95d680eebb6c4ee65c89024e0a,512,512
data\binary\test\tumor\pituitary_Te-pi_69.jpg,test,tumor,pituitary,Testing/pituitary/Te-pi_69.jpg,1b303c883b74b6ed806585286a53e769,512,512
data\binary\test\tumor\pituitary_Te-pi_7.jpg,test,tumor,pituitary,Testing/pituitary/Te-pi_7.jpg,2339c0a3ead88f39cb2f751c31d43aca,512,512
data\binary\test\tumor\pituitary_Te-pi_70.jpg,test,tumor,pituitary,Testing/pituitary/Te-pi_70.jpg,707c59da9558e18aab9abcb13c0407b5,512,512
data\binary\test\tumor\pituitary_Te-pi_71.jpg,test,tumor,pituitary,Testing/pituitary/Te-pi_71.jpg,25edfde03bdf69db7654f1be885112da,512,512
data\binary\test\tumor\pituitary_Te-pi_72.jpg,test,tumor,pituitary,Testing/pituitary/Te-pi_72.jpg,294dd6b701e5d6e546bdc87820a23172,512,512
data\binary\test\tumor\pituitary_Te-pi_73.jpg,test,tumor,pituitary,Testing/pituitary/Te-pi_73.jpg,5cfbb399c696562cf60b26e3badbd5dc,512,512
data\binary\test\tumor\pituitary_Te-pi_74.jpg,test,tumor,pituitary,Testing/pituitary/Te-pi_74.jpg,cf5e2dc5e2ce2231ab6db04b8ad4a027,512,512
data\binary\test\tumor\pituitary_Te-pi_75.jpg,test,tumor,pituitary,Testing/pituitary/Te-pi_75.jpg,3300cd44de4d8712335f8312c6b3e542,512,512
data\binary\test\tumor\pituitary_Te-pi_76.jpg,test,tumor,pituitary,Testing/pituitary/Te-pi_76.jpg,bfe1a1b9eb4332447d96895ae79f0f14,512,512
data\binary\test\tumor\pituitary_Te-pi_77.jpg,test,tumor,pituitary,Testing/pituitary/Te-pi_77.jpg,855b440dc7f16ab97812804e68909891,512,512
data\binary\test\tumor\pituitary_Te-pi_78.jpg,test,tumor,pituitary,Testing/pituitary/Te-pi_78.jpg,0679074489672077245880de25de0469,512,512
data\binary\test\tumor\pituitary_Te-pi_79.jpg,test,tumor,pituitary,Testing/pituitary/Te-pi_79.jpg,e3e378c6d3b4b443251469cd13b5d4e1,512,512
data\binary\test\tumor\pituitary_Te-pi_8.jpg,test,tumor,pituitary,Testing/pituitary/Te-pi_8.jpg,70dcff3f12be3d0e595b33385709dfde,512,512
data\binary\test\tumor\pituitary_Te-pi_80.jpg,test,tumor,pituitary,Testing/pituitary/Te-pi_80.jpg,a0154e876a81334eadd5942ef24ea7b1,512,512
data\binary\test\tumor\pituitary_Te-pi_81.jpg,test,tumor,pituitary,Testing/pituitary/Te-pi_81.jpg,bbecea972bae10be4b196834feb090f1,512,512
data\binary\test\tumor\pituitary_Te-pi_82.jpg,test,tumor,pituitary,Testing/pituitary/Te-pi_82.jpg,3840f646569848919dd7b9cadc5f5578,512,512
data\binary\test\tumor\pituitary_Te-pi_83.jpg,test,tumor,pituitary,Testing/pituitary/Te-pi_83.jpg,c563a28d0933bcf01137d1465438c34f,512,512
data\binary\test\tumor\pituitary_Te-pi_84.jpg,test,tumor,pituitary,Testing/pituitary/Te-pi_84.jpg,1033a6b749ca998f25a880bed4dfea57,512,512
data\binary\test\tumor\pituitary_Te-pi_85.jpg,test,tumor,pituitary,Testing/pituitary/Te-pi_85.jpg,e407bd467ec12ad1244da3469e12c774,512,512
data\binary\test\tumor\pituitary_Te-pi_86.jpg,test,tumor,pituitary,Testing/pituitary/Te-pi_86.jpg,774bcb1029329ce691cf256c1f434cb4,512,512
data\binary\test\tumor\pituitary_Te-pi_87.jpg,test,tumor,pituitary,Testing/pituitary/Te-pi_87.jpg,717cc6de7dcc394f14d8b5370d8544bc,512,512
data\binary\test\tumor\pituitary_Te-pi_88.jpg,test,tumor,pituitary,Testing/pituitary/Te-pi_88.jpg,39f3003356a45fb1b363efae7346bc7c,512,512
data\binary\test\tumor\pituitary_Te-pi_89.jpg,test,tumor,pituitary,Testing/pituitary/Te-pi_89.jpg,66c75b6f0f44cf5fd92940189e90b61c,512,512
data\binary\test\tumor\pituitary_Te-pi_9.jpg,test,tumor,pituitary,Testing/pituitary/Te-pi_9.jpg,b0d06ad32347ac522bc5ecbbf4c51373,512,512
data\binary\test\tumor\pituitary_Te-pi_90.jpg,test,tumor,pituitary,Testing/pituitary/Te-pi_90.jpg,279cba9380ca5df6261838706c5f1e19,512,512
data\binary\test\tumor\pituitary_Te-pi_91.jpg,test,tumor,pituitary,Testing/pituitary/Te-pi_91.jpg,d521e81271e5d58f3e66d63f3920ef6e,512,512
data\binary\test\tumor\pituitary_Te-pi_92.jpg,test,tumor,pituitary,Testing/pituitary/Te-pi_92.jpg,1df49b4072f2bfa7afaa0c1cc6783681,512,512
data\binary\test\tumor\pituitary_Te-pi_93.jpg,test,tumor,pituitary,Testing/pituitary/Te-pi_93.jpg,8bf5bf6f8321f9d17fff9d3aed937c6a,512,512
data\binary\test\tumor\pituitary_Te-pi_94.jpg,test,tumor,pituitary,Testing/pituitary/Te-pi_94.jpg,260388b60e3073a63f4da11f5a3865ec,512,512
data\binary\test\tumor\pituitary_Te-pi_95.jpg,test,tumor,pituitary,Testing/pituitary/Te-pi_95.jpg,32df1d85b60fd7224c1f509c8871f4a0,512,512
data\binary\test\tumor\pituitary_Te-pi_96.jpg,test,tumor,pituitary,Testing/pituitary/Te-pi_96.jpg,ab0245ebc7f402f7fad50ef0b9373a48,256,256
data\binary\test\tumor\pituitary_Te-pi_97.jpg,test,tumor,pituitary,Testing/pituitary/Te-pi_97.jpg,134e6b7bbae9e0f7f31e73ad25b3d6ef,512,512
data\binary\test\tumor\pituitary_Te-pi_98.jpg,test,tumor,pituitary,Testing/pituitary/Te-pi_98.jpg,e637298432e95bdd29a7e24ad1577bee,512,512
data\binary\test\tumor\pituitary_Te-pi_99.jpg,test,tumor,pituitary,Testing/pituitary/Te-pi_99.jpg,d9859496ba9e86fd4e83a44d92913a4d,512,512
